Customer ID,LifetimeSpend,AvgQuantityPerLine,TotalLineItems,Country,Recency,Frequency,Return_Recency,Return_Frequency,TotalReturnValue,AvgReturnValue,TotalReturnLineItems,AvgReturnQuantityPerLine,CustomerTenureDays,AOV,PurchaseVelocity,Return_Value_Ratio,Spend_Cluster_Unclassified,Spend_Cluster_0,Spend_Cluster_1,Spend_Cluster_2,Cluster_Median_Delta,Financial_Momentum,Lifespan_Consistency,Is_Churned
12346,169.36,1,24,United Kingdom,259,2,270,0,0,0,0,0,377,84.68,0.00530504,0,0,0,21.1,148.26,5.296523517,0.653899614,754,1
12347,1798.71,11.43,100,Iceland,47,3,270,0,0,0,0,0,134,599.57,0.02238806,0,0,32.1,1414.82,351.79,1.46875,38.27042553,402,0
12348,1061.4,55.5,40,Finland,49,3,270,0,0,0,0,0,168,353.8,0.017857143,0,0,0,1061.4,0,1.53125,21.66122449,504,0
12349,2196.99,9.39047619,105,Italy,138,2,466,1,24.15,4.83,5,1,319,1098.495,0.006269592,0.010992312,0,0,1184.05,1012.94,4.3125,15.92021739,638,1
12350,294.4,12.25,16,Norway,40,1,270,0,0,0,0,0,40,294.4,0.025,0,0,17.7,276.7,0,1.25,7.36,40,1
12351,300.93,12.42857143,21,Unspecified,105,1,270,0,0,0,0,0,105,300.93,0.00952381,0,0,0,273.33,27.6,3.28125,2.866,105,1
12352,744.65,8.405405405,37,Norway,13,4,270,0,0,0,0,0,123,186.1625,0.032520325,0,0,0,527.85,216.8,0.40625,57.28076923,492,0
12353,317.76,9.6,20,Bahrain,139,1,270,0,0,0,0,0,139,317.76,0.007194245,0,0,0,317.76,0,4.34375,2.286043165,139,0
12355,488.21,13.77272727,22,Bahrain,298,1,270,0,0,0,0,0,298,488.21,0.003355705,0,0,30,214.96,243.25,6.09406953,1.638288591,298,0
12356,5071.92,25.87068966,116,Portugal,56,4,270,0,0,0,0,0,155,1267.98,0.025806452,0,0,25.92,3027.39,2018.61,1.75,90.57,620,0
12357,11229.99,23.64634146,164,Switzerland,119,1,270,0,0,0,0,0,119,11229.99,0.008403361,0,0,0,5537.24,5692.75,2.433537832,94.36966387,119,0
12358,2519.01,14.49122807,57,Austria,106,3,270,0,0,0,0,0,462,839.67,0.006493506,0,0,29.4,1868.41,621.2,3.3125,23.76424528,1386,0
12359,4855.77,7.01843318,217,Cyprus,35,8,337,2,94,23.5,4,54,464,606.97125,0.017241379,0.019358413,0,72.7,1967.98,2815.09,0.715746421,138.7362857,3712,0
12360,1310.83,15.14117647,85,Austria,123,3,270,0,0,0,0,0,386,436.9433333,0.007772021,0,0,35.7,1275.13,0,3.84375,10.65715447,1158,0
12361,451.25,9.24,25,Belgium,17,4,270,0,0,0,0,0,412,112.8125,0.009708738,0,0,0,451.25,0,0.53125,26.54411765,1648,1
12362,429.2,8,28,Belgium,26,1,18,1,4.9,2.45,2,1,26,429.2,0.038461538,0.011416589,0,30.3,398.9,0,0.8125,16.50769231,26,0
12365,320.69,8.238095238,21,Cyprus,21,1,270,0,0,0,0,0,21,320.69,0.047619048,0,0,0,278.19,42.5,0.65625,15.27095238,21,1
12366,500.24,98.66666667,3,Cyprus,364,1,270,0,0,0,0,0,364,500.24,0.002747253,0,0,0,500.24,0,11.375,1.374285714,364,1
12368,917.7,18.33333333,18,Cyprus,358,1,270,0,0,0,0,0,358,917.7,0.002793296,0,0,0,404.3,513.4,7.321063395,2.563407821,358,1
12369,1511.15,13.71111111,90,Austria,143,3,270,0,0,0,0,0,372,503.7166667,0.008064516,0,0,27,1359.35,124.8,4.46875,10.56748252,1116,1
12370,3217.28,13.10650888,169,Cyprus,5,6,270,0,0,0,0,0,399,536.2133333,0.015037594,0,0,92.6,2681.13,443.55,0.15625,643.456,2394,1
12371,1819.42,8.277227723,101,Switzerland,139,3,270,0,0,0,0,0,375,606.4733333,0.008,0,0,15,1497.72,306.7,4.34375,13.08935252,1125,1
12372,363.22,11.68421053,19,Denmark,27,1,270,0,0,0,0,0,27,363.22,0.037037037,0,0,0,281.52,81.7,0.84375,13.45259259,27,0
12373,927.65,10.64583333,48,Austria,41,3,270,0,0,0,0,0,404,309.2166667,0.007425743,0,0,0,858.65,69,1.28125,22.62560976,1212,1
12374,2046.29,20.71428571,49,Austria,152,2,270,0,0,0,0,0,318,1023.145,0.006289308,0,0,0,1938.89,107.4,4.75,13.46243421,636,1
12376,383.15,21.54545455,11,Switzerland,120,2,270,0,0,0,0,0,148,191.575,0.013513514,0,0,0,383.15,0,3.75,3.192916667,296,1
12377,3266.32,14.00666667,150,Switzerland,45,4,270,0,0,0,0,0,319,816.58,0.012539185,0,0,20.04,3085.03,161.25,1.40625,72.58488889,1276,1
12378,1407.7,9.597560976,82,Switzerland,292,1,270,0,0,0,0,0,292,1407.7,0.003424658,0,0,0,870.43,537.27,9.125,4.820890411,292,0
12379,692.98,10.33333333,39,Belgium,152,2,270,0,0,0,0,0,265,346.49,0.00754717,0,0,0,643.38,49.6,4.75,4.559078947,530,0
12380,4747.44,12.89411765,170,Belgium,195,4,112,1,35.4,11.8,3,4,393,1186.86,0.010178117,0.00745665,0,0,3762.99,984.45,6.09375,24.34584615,1572,0
12383,1420.7,17.54320988,81,Belgium,1,3,54,1,11.25,11.25,1,3,82,473.5666667,0.036585366,0.007918632,0,0,1226.95,193.75,0.03125,1420.7,246,0
12385,1668.4,9.28125,64,Belgium,109,1,270,0,0,0,0,0,109,1668.4,0.009174312,0,0,0,1013.5,654.9,3.40625,15.30642202,109,1
12386,401.9,35.4,10,Australia,68,2,270,0,0,0,0,0,97,200.95,0.020618557,0,0,0,303.5,98.4,2.125,5.910294118,194,1
12387,143.94,14.88888889,9,Australia,145,1,270,0,0,0,0,0,145,143.94,0.006896552,0,0,0,110.04,33.9,4.53125,0.992689655,145,1
12388,1886.7,10.74074074,81,Australia,5,5,270,0,0,0,0,0,312,377.34,0.016025641,0,0,0,1659.05,227.65,0.15625,377.34,1560,0
12389,1433.33,12.53061224,49,Australia,133,3,270,0,0,0,0,0,386,477.7766667,0.007772021,0,0,51,1245.78,136.55,4.15625,10.77691729,1158,1
12391,2259.58,5.016666667,180,Cyprus,195,5,376,1,25.6,4.266666667,6,1.333333333,393,451.916,0.012722646,0.011329539,0,26.4,1403.88,829.3,6.09375,11.58758974,1965,1
12392,234.75,10.42857143,7,Australia,321,1,270,0,0,0,0,0,321,234.75,0.003115265,0,0,0,171.45,63.3,10.03125,0.731308411,321,1
12393,1433.65,11.24285714,70,Australia,60,4,130,1,22.7,4.54,5,1.2,158,358.4125,0.025316456,0.015833711,0,0,1333.4,100.25,1.875,23.89416667,632,0
12395,2347.17,16.4015748,127,Belgium,32,6,24,2,17.8,8.9,2,2,333,391.195,0.018018018,0.007583601,0,7.54,2120.98,218.65,1,73.3490625,1998,0
12396,931.43,9.092307692,65,RSA,404,1,270,0,0,0,0,0,404,931.43,0.002475248,0,0,0,870.08,61.35,12.625,2.305519802,404,1
12399,808.65,21.1875,48,Belgium,116,3,270,0,0,0,0,0,375,269.55,0.008,0,0,0,748.65,60,3.625,6.97112069,1125,0
12400,205.25,8.272727273,11,Australia,144,1,270,0,0,0,0,0,144,205.25,0.006944444,0,0,0,128.7,76.55,4.5,1.425347222,144,1
12401,69.3,2.5,4,Belgium,33,1,270,0,0,0,0,0,33,69.3,0.03030303,0,0,0,32.85,36.45,0.674846626,2.1,33,1
12402,1124.15,8.846153846,65,Belgium,53,6,327,1,12.75,12.75,1,1,401,187.3583333,0.014962594,0.011341903,0,0,1124.15,0,1.65625,21.21037736,2406,1
12403,555.66,54,3,Denmark,252,1,270,0,0,0,0,0,252,555.66,0.003968254,0,0,0,555.66,0,7.875,2.205,252,1
12406,2791.46,25.38709677,62,Denmark,130,3,119,1,183.6,183.6,1,24,427,930.4866667,0.007025761,0.065772033,0,0,2341.36,450.1,4.0625,21.47276923,1281,0
12408,1272.07,14.37037037,54,Belgium,115,3,109,2,15.15,5.05,3,11,228,424.0233333,0.013157895,0.011909722,0,0,1115.27,156.8,3.59375,11.06147826,684,0
12409,12033.54,47.36708861,158,Switzerland,151,4,255,2,313.08,104.36,3,36,295,3008.385,0.013559322,0.026017282,0,29.5,9235.66,2768.38,4.71875,79.69231788,1180,0
12410,761.46,8.325,40,Switzerland,39,3,31,1,12.25,6.125,2,1,232,253.82,0.012931034,0.016087516,0,0,479.01,282.45,1.21875,19.52461538,696,1
12411,346.9,6.272727273,22,Australia,140,1,270,0,0,0,0,0,140,346.9,0.007142857,0,0,15,169.45,162.45,4.375,2.477857143,140,1
12412,1246.15,17.25373134,67,Denmark,132,3,210,2,15.9,3.975,4,1.5,269,415.3833333,0.011152416,0.012759299,0,0,1200.35,45.8,4.125,9.440530303,807,0
12413,600.65,5.75,36,France,67,2,62,1,9.95,9.95,1,1,132,300.325,0.015151515,0.016565387,0,0,376.45,224.2,2.09375,8.964925373,264,0
12414,113.76,7.2,20,Austria,40,2,193,1,90,12.85714286,7,27.42857143,194,56.88,0.010309278,0.791139241,0,0,113.76,0,1.25,2.844,388,0
12415,57142.88,91.37897311,409,Australia,12,8,11,1,168.7,84.35,2,55,258,7142.86,0.031007752,0.002952249,0,126.9,43189.62,13826.36,0.375,4761.906667,2064,0
12416,202.56,12,11,Australia,387,1,270,0,0,0,0,0,387,202.56,0.002583979,0,0,0,202.56,0,12.09375,0.523410853,387,1
12417,3611.778649,7.190909091,220,Belgium,11,14,5,6,88.75,9.861111111,9,2.555555556,464,257.9841892,0.030172414,0.024572381,0,54.15,2011.318649,1546.31,0.34375,328.3435136,6496,0
12418,1348.37,9.855072464,69,Switzerland,144,3,336,1,4.25,4.25,1,1,360,449.4566667,0.008333333,0.003151954,0,0,780.28,568.09,4.5,9.363680556,1080,0
12419,391.01,9.869565217,23,Spain,116,2,270,0,0,0,0,0,144,195.505,0.013888889,0,0,0,256.46,134.55,3.625,3.370775862,288,1
12421,360.01,9.137931034,29,Spain,49,3,230,1,5,5,1,4,235,120.0033333,0.012765957,0.013888503,0,0,287.41,72.6,1.53125,7.347142857,705,0
12422,3194.29,16.97080292,137,Switzerland,55,10,270,0,0,0,0,0,452,319.429,0.022123894,0,0,25.2,2784.24,384.85,1.71875,58.078,4520,0
12423,1037.32,12.32835821,67,Belgium,22,4,270,0,0,0,0,0,196,259.33,0.020408163,0,0,0,934.72,102.6,0.6875,47.15090909,784,0
12424,1528.82,19.02985075,67,Australia,153,2,284,3,50.25,10.05,5,2,278,764.41,0.007194245,0.032868487,0,0,1351.27,177.55,4.78125,9.992287582,556,0
12425,903.61,10.28813559,59,Portugal,178,1,160,1,60.6,15.15,4,11,178,903.61,0.005617978,0.067064331,0,0,808.51,95.1,5.5625,5.076460674,178,1
12426,656.68,6.176470588,51,Germany,393,1,377,1,33.8,6.76,5,1.4,393,656.68,0.002544529,0.051471036,0,23.7,521.18,111.8,12.28125,1.670941476,393,0
12427,192.55,5.583333333,12,Germany,102,1,82,1,56.95,18.98333333,3,3,102,192.55,0.009803922,0.295767333,0,0,112.65,79.9,3.1875,1.887745098,102,1
12428,4418.02,11.01036269,193,Finland,14,2,270,0,0,0,0,0,14,2209.01,0.142857143,0,0,339.3,2561.72,1517,0.4375,315.5728571,28,0
12429,3541.11,21.82894737,76,Denmark,96,5,158,1,50.4,50.4,1,120,276,708.222,0.018115942,0.014232825,0,0,2959.06,582.05,3,36.8865625,1380,0
12431,5788.55,10.26530612,245,Australia,15,15,118,3,67.5,22.5,3,6,424,385.9033333,0.035377358,0.011660951,0,73.8,3751.14,1963.61,0.46875,385.9033333,6360,0
12433,7205.39,21.13636364,286,Norway,96,5,270,0,0,0,0,0,207,1441.078,0.024154589,0,0,114.3,6527.57,563.52,3,75.05614583,1035,1
12434,269.54,5.434782609,23,Australia,111,1,91,1,27.75,9.25,3,4.333333333,111,269.54,0.009009009,0.102953179,0,0,198.04,71.5,3.46875,2.428288288,111,0
12435,6096.04,38.19736842,76,Denmark,127,4,270,0,0,0,0,0,467,1524.01,0.00856531,0,0,0,4392.84,1703.2,3.96875,48.00031496,1868,0
12437,7439.4,14.21105528,398,France,19,24,42,7,270.55,15.03055556,18,3.833333333,467,309.975,0.051391863,0.03636718,0,191.1,6306.35,941.95,0.59375,391.5473684,11208,0
12439,1089.18,6.054054054,74,Cyprus,413,2,456,1,53.7,17.9,3,10,456,544.59,0.004385965,0.049303145,0,30.3,733.28,325.6,12.90625,2.637239709,912,1
12440,648.15,9.242424242,33,Austria,192,2,187,1,91.05,30.35,3,7.666666667,448,324.075,0.004464286,0.140476741,0,0,544.75,103.4,6,3.37578125,896,1
12441,155.55,12,10,France,97,1,270,0,0,0,0,0,97,155.55,0.010309278,0,0,0,155.55,0,3.03125,1.603608247,97,1
12443,365.31,8.95,20,Norway,462,1,270,0,0,0,0,0,462,365.31,0.002164502,0,0,0,189.03,176.28,14.4375,0.790714286,462,1
12445,293.08,6.761904762,21,Spain,151,1,130,1,8.5,8.5,1,2,151,293.08,0.006622517,0.02900232,0,0,270.63,22.45,4.71875,1.940927152,151,1
12449,678.6,80.44444444,9,Denmark,169,1,270,0,0,0,0,0,169,678.6,0.00591716,0,0,0,678.6,0,5.28125,4.015384615,169,0
12450,469.07,9.59375,32,Spain,129,3,174,2,21.25,7.083333333,3,2.333333333,204,156.3566667,0.014705882,0.045302407,0,0,426.57,42.5,4.03125,3.63620155,612,0
12451,6532.52,19.63461538,260,Switzerland,55,4,232,1,21.35,10.675,2,6.5,259,1633.13,0.015444015,0.003268264,0,51.3,5771.46,709.76,1.71875,118.7730909,1036,0
12454,4098.96,55.8,40,Spain,126,3,126,2,8832.48,552.03,16,279,151,1366.32,0.01986755,2.154810001,0,0,3780.96,318,3.9375,32.53142857,453,1
12455,5066.99,15.52840909,176,Cyprus,27,5,270,0,0,0,0,0,452,1013.398,0.011061947,0,0,40.2,3360.19,1666.6,0.84375,187.6662963,2260,0
12457,434.53,10,24,Switzerland,165,1,147,1,78.15,26.05,3,2.666666667,165,434.53,0.006060606,0.179849493,0,0,260.78,173.75,5.15625,2.633515152,165,0
12458,1077.01,12.01612903,62,Switzerland,15,3,270,0,0,0,0,0,218,359.0033333,0.013761468,0,0,0,998.41,78.6,0.46875,71.80066667,654,1
12459,398.36,11.63636364,22,Spain,335,1,270,0,0,0,0,0,335,398.36,0.002985075,0,0,0,351.61,46.75,10.46875,1.189134328,335,1
12460,296.65,9.882352941,17,Belgium,186,1,270,0,0,0,0,0,186,296.65,0.005376344,0,0,0,202.95,93.7,5.8125,1.594892473,186,1
12462,573.31,6.441860465,43,Spain,33,1,25,1,20.8,5.2,4,1,33,573.31,0.03030303,0.036280546,0,0,365.76,207.55,1.03125,17.3730303,33,1
12464,288.85,4.428571429,7,Belgium,15,2,270,0,0,0,0,0,39,144.425,0.051282051,0,0,0,30.6,258.25,0.306748466,19.25666667,78,0
12467,0,0,18,USA,153,1,116,1,132.8,14.75555556,9,14.33333333,153,0,0.006535948,132.8,0,0,0,0,5.687732342,0,153,1
12468,2725.1,14.69465649,131,Germany,46,4,160,4,40.69,3.699090909,11,1.363636364,413,681.275,0.00968523,0.014931562,0,17.7,2285.47,421.93,1.4375,59.24130435,1652,0
12469,3070.54,33.57894737,76,Thailand,253,2,270,0,0,0,0,0,267,1535.27,0.007490637,0,0,29.1,2446.54,594.9,7.90625,12.13652174,534,1
12470,211.95,4.130434783,23,Unspecified,420,1,270,0,0,0,0,0,420,211.95,0.002380952,0,0,3.75,137.45,70.75,13.125,0.504642857,420,1
12471,21489.97549,11.58863636,880,Germany,19,50,21,39,1365,11.09756098,123,2.43902439,463,429.7995097,0.107991361,0.063517988,0,15.3,14950.46,6524.215485,0.59375,1131.051341,23150,0
12472,10521.64,10.38801712,701,Germany,48,14,36,14,676.2,6.695049505,101,3.495049505,456,751.5457143,0.030701754,0.064267548,0,115.9,9580.56,825.18,1.5,219.2008333,6384,0
12474,5206.11,9.921511628,344,Germany,18,15,35,13,207.93,8.3172,25,3.12,397,347.074,0.037783375,0.039939609,0,56.4,4496.91,652.8,0.5625,289.2283333,5955,0
12475,396.26,9.75,24,Germany,140,1,270,0,0,0,0,0,140,396.26,0.007142857,0,0,15.3,294.86,86.1,4.375,2.830428571,140,1
12476,6848.12,10.14067278,327,Germany,29,10,29,9,187.6,7.816666667,24,1.416666667,232,684.812,0.043103448,0.02739438,0,0,5030.17,1817.95,0.90625,236.142069,2320,0
12477,9408.38,9.757861635,318,Germany,32,4,42,1,4.2,2.1,2,1,353,2352.095,0.011331445,0.000446411,0,132.9,5782.66,3492.82,1,294.011875,1412,0
12480,2663.72,12.3255814,129,Germany,66,4,153,1,29.75,9.916666667,3,1.666666667,237,665.93,0.016877637,0.011168591,0,0,2275.32,388.4,2.0625,40.35939394,948,0
12481,7105.22,21.58252427,206,Germany,67,7,167,2,138.9,46.3,3,41.33333333,337,1015.031429,0.020771513,0.019549008,0,35.4,6075.52,994.3,2.09375,106.0480597,2359,0
12482,21941.72,133.8613861,202,Sweden,306,27,270,0,0,0,0,0,384,812.6562963,0.0703125,0,0,0,21758.12,183.6,9.5625,71.70496732,10368,1
12483,2482.36,19.59701493,67,Sweden,69,12,364,1,23.4,23.4,1,12,407,206.8633333,0.029484029,0.009426513,0,138.7,2182.26,161.4,2.15625,35.97623188,4884,0
12484,2588.1,7.303030303,231,Spain,66,6,8,3,56.35,7.04375,8,1.25,411,431.35,0.01459854,0.021772729,0,81.62,2068.28,438.2,2.0625,39.21363636,2466,0
12485,708.1,12.17647059,34,Sweden,259,1,270,0,0,0,0,0,259,708.1,0.003861004,0,0,17.7,469.1,221.3,8.09375,2.733976834,259,1
12486,917.28,10.83333333,48,Sweden,162,1,270,0,0,0,0,0,162,917.28,0.00617284,0,0,24,747.48,145.8,5.0625,5.662222222,162,1
12487,259.8,48,3,Sweden,461,1,461,1,25.5,25.5,1,30,461,259.8,0.002169197,0.098152425,0,76.5,183.3,0,14.40625,0.563557484,461,1
12489,298.93,7.357142857,14,France,66,1,270,0,0,0,0,0,66,298.93,0.015151515,0,0,0,191.43,107.5,2.0625,4.529242424,66,1
12490,4673.93,13.47389558,249,France,60,11,385,1,5,5,1,4,468,424.9027273,0.023504274,0.001069764,0,0,4171.61,502.32,1.875,77.89883333,5148,0
12492,380,11.80952381,21,Germany,133,1,270,0,0,0,0,0,133,380,0.007518797,0,0,0,316.15,63.85,4.15625,2.857142857,133,1
12494,684.07,6.763636364,55,France,26,5,21,6,53.65,6.70625,8,2.5,306,136.814,0.016339869,0.078427646,0,15.6,579.37,89.1,0.8125,26.31038462,1530,0
12495,243.4,6.888888889,18,Sweden,371,1,365,1,34,17,2,2,371,243.4,0.002695418,0.139687757,0,0,201.75,41.65,11.59375,0.65606469,371,1
12496,45.34,3,10,Spain,350,2,270,0,0,0,0,0,350,22.67,0.005714286,0,0,16.64,28.7,0,10.9375,0.129542857,700,1
12497,5043.4,105.7142857,42,Germany,131,2,270,0,0,0,0,0,375,2521.7,0.005333333,0,0,0,4665.8,377.6,4.09375,38.49923664,750,1
12499,357.72,11.53846154,26,Germany,290,1,270,0,0,0,0,0,290,357.72,0.003448276,0,0,0,340.72,17,9.0625,1.233517241,290,1
12500,2382.8,14.72916667,96,Germany,11,10,363,4,31.35,5.225,6,1.666666667,403,238.28,0.024813896,0.01315679,0,140.45,1841.24,401.11,0.34375,216.6181818,4030,0
12501,1945.68,10.77987421,159,Germany,67,1,45,1,79.71,7.246363636,11,5.545454545,67,1945.68,0.014925373,0.040967682,0,32.7,1669.08,243.9,2.09375,29.04,67,1
12502,505.25,5.566666667,30,Spain,40,1,270,0,0,0,0,0,40,505.25,0.025,0,0,0,227,278.25,0.81799591,12.63125,40,0
12503,896,560,1,Spain,314,1,270,0,0,0,0,0,314,896,0.003184713,0,0,0,896,0,9.8125,2.853503185,314,1
12504,261,40.66666667,9,Germany,147,2,270,0,0,0,0,0,327,130.5,0.006116208,0,0,0,261,0,4.59375,1.775510204,654,1
12505,744.5,6.844444444,45,Italy,139,1,123,1,42.7,10.675,4,2.5,139,744.5,0.007194245,0.057353929,0,0,517.8,226.7,4.34375,5.356115108,139,1
12507,817.41,14.74358974,39,Spain,29,2,270,0,0,0,0,0,315,408.705,0.006349206,0,0,0,727.41,90,0.90625,28.18655172,630,0
12509,158.5,9,6,France,14,1,270,0,0,0,0,0,14,158.5,0.071428571,0,0,0,124.5,34,0.4375,11.32142857,14,1
12510,2771.81,14.05072464,138,Spain,55,6,348,2,49.7,12.425,4,6.5,465,461.9683333,0.012903226,0.017930522,0,102.84,1739.42,929.55,1.71875,50.39654545,2790,0
12511,3065.77,9.010309278,194,Greece,159,1,145,1,18.25,4.5625,4,1.25,159,3065.77,0.006289308,0.005952828,0,92.4,2221.47,751.9,4.96875,19.28157233,159,1
12514,580.08,12.12121212,33,Italy,372,1,270,0,0,0,0,0,372,580.08,0.002688172,0,0,0,478.2,101.88,11.625,1.559354839,372,0
12515,278.7,8.533333333,15,Italy,83,1,270,0,0,0,0,0,83,278.7,0.012048193,0,0,0,149.55,129.15,2.59375,3.357831325,83,1
12516,1102.56,23.13043478,46,Germany,161,2,270,0,0,0,0,0,329,551.28,0.006079027,0,0,31.2,1035.96,35.4,5.03125,6.848198758,658,0
12519,318.35,8.826086957,23,Germany,207,1,194,1,31.35,15.675,2,3.5,207,318.35,0.004830918,0.09847652,0,0,282.65,35.7,6.46875,1.537922705,207,1
12520,897.42,10.38983051,59,Germany,4,1,270,0,0,0,0,0,4,897.42,0.25,0,0,15.3,712.17,169.95,0.125,224.355,4,0
12523,2449.83,9.2625,160,France,21,14,140,5,89.1,8.91,10,2.2,462,174.9878571,0.03030303,0.036369871,0,21.45,1906.16,522.22,0.65625,116.6585714,6468,0
12524,6971.81,32.07246377,138,Germany,11,12,166,1,34.75,17.375,2,2.5,399,580.9841667,0.030075188,0.004984358,0,0,6519.26,452.55,0.34375,633.8009091,4788,0
12525,745.18,6.342105263,76,France,228,3,221,5,138.55,8.15,17,1.294117647,377,248.3933333,0.00795756,0.185928232,0,0.13,731.2,13.85,7.125,3.268333333,1131,1
12527,653.72,18.28571429,28,Germany,25,4,270,0,0,0,0,0,259,163.43,0.015444015,0,0,0,551.72,102,0.78125,26.1488,1036,1
12528,681.66,8.404761905,42,Germany,7,2,270,0,0,0,0,0,43,340.83,0.046511628,0,0,0,410.16,271.5,0.21875,97.38,86,0
12529,311.78,8.260869565,23,France,258,1,253,1,4.7,2.35,2,1,258,311.78,0.003875969,0.015074732,0,0,258.73,53.05,8.0625,1.208449612,258,1
12530,2201.63,18.79,100,Germany,67,6,139,1,12.75,12.75,1,1,372,366.9383333,0.016129032,0.005791164,0,0,1965.28,236.35,2.09375,32.86014925,2232,0
12531,1611.83,9.130434783,115,Germany,416,1,411,1,34.15,5.691666667,6,2.5,416,1611.83,0.002403846,0.021187098,0,0,1442.58,169.25,13,3.874591346,416,1
12533,1005.99,6.363636364,88,Germany,358,2,349,4,217.9,12.10555556,18,7.555555556,469,502.995,0.004264392,0.216602551,0,42.3,814.79,148.9,11.1875,2.810027933,938,1
12537,612.94,10.61904762,42,Sweden,139,1,270,0,0,0,0,0,139,612.94,0.007194245,0,0,0,552.44,60.5,4.34375,4.409640288,139,1
12538,276.5,11.15384615,13,Spain,108,1,270,0,0,0,0,0,108,276.5,0.009259259,0,0,0,224.65,51.85,3.375,2.560185185,108,1
12539,9050.1,9.021634615,416,Spain,47,5,270,0,0,0,0,0,446,1810.02,0.011210762,0,0,138.6,5501.5,3410,1.46875,192.5553191,2230,0
12540,9585.72,15.46017699,339,Spain,41,18,54,1,65.7,65.7,1,6,462,532.54,0.038961039,0.006853945,0,15.3,7080.87,2489.55,1.28125,233.7980488,8316,0
12541,284.4,17.9375,16,Spain,11,1,270,0,0,0,0,0,11,284.4,0.090909091,0,0,0,284.4,0,0.34375,25.85454545,11,0
12542,423.38,11.42222222,45,Spain,214,2,334,2,58.5,9.75,6,1.333333333,370,211.69,0.005405405,0.138173745,0,0,367.93,55.45,6.6875,1.978411215,740,1
12543,840.25,16.26190476,42,Spain,178,1,270,0,0,0,0,0,178,840.25,0.005617978,0,0,0,766.3,73.95,5.5625,4.720505618,178,1
12547,279.18,16.58823529,17,Spain,11,2,270,0,0,0,0,0,230,139.59,0.008695652,0,0,0,279.18,0,0.34375,25.38,460,0
12549,1570.68,28.4375,48,USA,306,5,270,0,0,0,0,0,428,314.136,0.011682243,0,0,34.8,1535.88,0,9.5625,5.132941176,2140,1
12551,168,10,10,Spain,88,1,270,0,0,0,0,0,88,168,0.011363636,0,0,0,168,0,2.75,1.909090909,88,1
12553,1650.13,8.745098039,102,France,11,5,24,4,56.2,14.05,4,10.25,153,330.026,0.032679739,0.034057923,0,0,1372.68,277.45,0.34375,150.0118182,765,0
12554,384.5,9.48,25,Spain,179,1,270,0,0,0,0,0,179,384.5,0.005586592,0,0,0,309.35,75.15,5.59375,2.148044693,179,1
12557,10142.3,117.4482759,29,Spain,63,5,270,0,0,0,0,0,453,2028.46,0.011037528,0,0,0,10142.3,0,1.96875,160.9888889,2265,0
12559,500.21,13.28571429,21,Germany,41,2,41,1,25.5,25.5,1,2,50,250.105,0.04,0.050978589,0,0,438.66,61.55,1.28125,12.2002439,100,1
12561,238.85,11.0625,16,Germany,33,1,270,0,0,0,0,0,33,238.85,0.03030303,0,0,0,178.7,60.15,1.03125,7.237878788,33,1
12562,1041.18,14.59459459,37,France,116,2,270,0,0,0,0,0,165,520.59,0.012121212,0,0,0,723.28,317.9,3.625,8.975689655,330,0
12563,221.24,9.333333333,12,Italy,139,1,270,0,0,0,0,0,139,221.24,0.007194245,0,0,0,221.24,0,4.34375,1.591654676,139,1
12565,131.17,7.5,10,Saudi Arabia,19,1,12,1,14.75,14.75,1,5,19,131.17,0.052631579,0.112449493,0,0,120.19,10.98,0.59375,6.903684211,19,1
12567,4957.61,9.444,250,France,39,8,305,1,29.7,14.85,2,3,397,619.70125,0.020151134,0.00599079,0,45.3,3759.63,1152.68,1.21875,127.1182051,3176,0
12568,52,11.75,4,Germany,375,1,270,0,0,0,0,0,375,52,0.002666667,0,0,0,30.7,21.3,11.71875,0.138666667,375,1
12573,556.87,4.340659341,91,France,111,4,270,0,0,0,0,0,195,139.2175,0.020512821,0,0,154.92,293.2,108.75,3.46875,5.016846847,780,0
12574,182.45,5.9,10,France,46,1,270,0,0,0,0,0,46,182.45,0.02173913,0,0,0,127.9,54.55,1.4375,3.966304348,46,1
12575,568.82,8.666666667,36,France,187,2,270,0,0,0,0,0,257,284.41,0.007782101,0,0,0,504.29,64.53,5.84375,3.041818182,514,1
12576,963.74,9.368421053,76,Poland,35,4,166,2,50,12.5,4,3,256,240.935,0.015625,0.051881213,0,0,933.89,29.85,1.09375,27.53542857,1024,0
12577,1186.39,3.908675799,219,France,89,6,270,0,0,0,0,0,466,197.7316667,0.012875536,0,0,7.35,1096.34,82.7,2.78125,13.33022472,2796,1
12578,2966.6,13.96268657,134,Italy,60,3,47,3,70,7.777777778,9,5.111111111,174,988.8666667,0.017241379,0.023596036,0,-11.25,2628.5,349.35,1.875,49.44333333,522,1
12580,583.2,9.939393939,33,Germany,307,1,270,0,0,0,0,0,307,583.2,0.003257329,0,0,0,532.2,51,9.59375,1.899674267,307,0
12582,1634.2,8.967391304,92,Finland,19,3,270,0,0,0,0,0,308,544.7333333,0.00974026,0,0,12.6,1137.9,483.7,0.59375,86.01052632,924,0
12583,8220.13,19.8996139,259,France,4,16,253,1,8.5,8.5,1,1,464,513.758125,0.034482759,0.001034047,0,93,7117.53,1009.6,0.125,2055.0325,7424,0
12584,369.73,4.388888889,18,Italy,10,1,1,1,9.9,9.9,1,2,10,369.73,0.1,0.026776296,0,0,223.63,146.1,0.3125,36.973,10,0
12585,1098.81,11.5890411,73,Germany,81,1,68,1,56.04,6.226666667,9,2.222222222,81,1098.81,0.012345679,0.051000628,0,15.3,871.21,212.3,2.53125,13.56555556,81,0
12586,1848.73,7.214285714,84,Italy,105,3,99,1,17,17,1,2,453,616.2433333,0.006622517,0.009195502,0,7.5,914.63,926.6,2.147239264,17.60695238,1359,0
12588,524.08,10.74285714,35,Finland,130,2,315,1,19.8,9.9,2,2,328,262.04,0.006097561,0.037780492,0,0,352.68,171.4,4.0625,4.031384615,656,1
12589,2177.49,6.164705882,170,France,152,4,144,2,542.74,18.09133333,30,13.03333333,420,544.3725,0.00952381,0.249250284,0,49.45,1547.44,580.6,4.75,14.32559211,1680,0
12591,1114.95,9.923076923,65,Italy,47,3,270,0,0,0,0,0,139,371.65,0.021582734,0,0,0,768.5,346.45,1.46875,23.72234043,417,1
12592,1322.04,26.3,60,Germany,249,2,270,0,0,0,0,0,249,661.02,0.008032129,0,0,0,914.04,408,7.78125,5.30939759,498,0
12594,2167.29,11.71153846,104,Italy,25,7,132,1,27.6,13.8,2,12,376,309.6128571,0.018617021,0.012734798,0,30,1945.29,192,0.78125,86.6916,2632,0
12595,281.02,15,18,Germany,235,1,270,0,0,0,0,0,235,281.02,0.004255319,0,0,0,246.12,34.9,7.34375,1.195829787,235,1
12598,1878.45,11.55882353,102,France,15,4,7,4,119.42,23.884,5,13.2,379,469.6125,0.01055409,0.063573691,0,18.75,1526,333.7,0.46875,125.23,1516,0
12599,1396.6,18.41463415,82,France,16,8,270,0,0,0,0,0,308,174.575,0.025974026,0,0,0,1332.7,63.9,0.5,87.2875,2464,0
12600,2645.3,10.54166667,72,Germany,40,13,175,2,42.25,8.45,5,1.2,462,203.4846154,0.028138528,0.015971723,0,0,2420.2,225.1,1.25,66.1325,6006,0
12601,307.56,10,18,Germany,33,3,270,0,0,0,0,0,135,102.52,0.022222222,0,0,17.7,263.96,25.9,1.03125,9.32,405,0
12605,1117.45,12.22666667,75,Germany,106,3,95,1,7.5,2.5,3,1.333333333,188,372.4833333,0.015957447,0.00671171,0,0,1107.5,9.95,3.3125,10.54198113,564,1
12608,415.79,20.1875,16,United Kingdom,135,1,270,0,0,0,0,0,135,415.79,0.007407407,0,0,0,415.79,0,4.21875,3.079925926,135,1
12609,2308.94,8.967741935,124,Germany,48,7,270,0,0,0,0,0,449,329.8485714,0.0155902,0,0,0,1793.76,515.18,1.5,48.10291667,3143,0
12613,3066.84,13.62359551,178,Germany,118,5,320,2,118.15,11.815,10,7.2,455,613.368,0.010989011,0.038524996,0,-10.5,2757.44,319.9,3.6875,25.99016949,2275,0
12614,315.6,3.8,20,Germany,8,1,270,0,0,0,0,0,8,315.6,0.125,0,0,0,130.4,185.2,0.163599182,39.45,8,1
12615,3093.69,11.16374269,171,France,144,4,186,3,176.1,22.0125,8,2.75,361,773.4225,0.011080332,0.056922316,0,66,2576.99,450.7,4.5,21.48395833,1444,0
12616,553.45,8.676470588,34,France,27,2,20,2,47.95,15.98333333,3,4.333333333,119,276.725,0.016806723,0.086638359,0,0,429.2,124.25,0.84375,20.49814815,238,1
12619,140.14,14,10,Germany,290,1,270,0,0,0,0,0,290,140.14,0.003448276,0,0,0,114.64,25.5,9.0625,0.483241379,290,0
12621,12185.97,20.97534247,365,Germany,21,19,89,7,130.45,13.045,10,2.9,399,641.3668421,0.047619048,0.010704934,0,157.6,10087.27,1941.1,0.65625,580.2842857,7581,0
12623,3320.708247,11.66467066,167,Germany,6,7,270,0,0,0,0,0,427,474.3868925,0.016393443,0,0,139.8,2845.84,335.0682474,0.1875,553.4513746,2989,1
12625,3804.18,16.90728477,151,Germany,49,3,40,1,51.5,12.875,4,8.5,327,1268.06,0.009174312,0.01353774,0,0,3287.78,516.4,1.53125,77.63632653,981,0
12626,986.55,6.4,65,Germany,46,2,42,2,107.55,13.44375,8,4.25,57,493.275,0.035087719,0.109016269,0,30.1,642.45,314,1.4375,21.44673913,114,0
12629,1198.22,16.58139535,43,Sweden,116,2,270,0,0,0,0,0,153,599.11,0.013071895,0,0,0,665.72,532.5,3.625,10.32948276,306,1
12631,2811.77,8.75483871,155,Finland,186,5,161,1,29.3,9.766666667,3,4.666666667,423,562.354,0.011820331,0.010420482,0,0,2238.87,572.9,5.8125,15.11704301,2115,1
12632,684.88,19,35,Germany,251,2,292,2,30,15,2,12,295,342.44,0.006779661,0.043803294,0,0,684.88,0,7.84375,2.728605578,590,1
12633,4071.4,10.9375,240,Germany,18,4,214,2,59.6,11.92,5,3.6,256,1017.85,0.015625,0.014638699,0,0,3423.85,647.55,0.5625,226.1888889,1024,0
12634,360,17.68421053,19,USA,278,1,270,0,0,0,0,0,278,360,0.003597122,0,0,0,360,0,8.6875,1.294964029,278,1
12635,1115.23,10.13157895,76,Germany,122,2,270,0,0,0,0,0,187,557.615,0.010695187,0,0,48,948.03,119.2,3.8125,9.141229508,374,0
12637,3674.94,6.392156863,306,France,54,5,47,1,14.65,4.883333333,3,3,273,734.988,0.018315018,0.00398646,0,54.6,2988.14,632.2,1.6875,68.05444444,1365,0
12638,169.8,10.5,8,Sweden,370,1,270,0,0,0,0,0,370,169.8,0.002702703,0,0,0,93.3,76.5,11.5625,0.458918919,370,1
12639,706.27,10.675,40,Sweden,165,2,270,0,0,0,0,0,358,353.135,0.005586592,0,0,0,669.37,36.9,5.15625,4.280424242,716,0
12643,5127.86,107.6551724,29,France,63,6,291,2,469.52,117.38,4,77,341,854.6433333,0.017595308,0.091562562,0,0,5127.86,0,1.96875,81.39460317,2046,0
12644,1319.63,7.417582418,91,Germany,161,3,397,2,102.95,8.579166667,12,2.583333333,424,439.8766667,0.007075472,0.078014292,0,22.95,1047.88,248.8,5.03125,8.196459627,1272,0
12645,1915.02,12.41,100,Germany,46,5,391,1,20.4,10.2,2,12,399,383.004,0.012531328,0.01065263,0,57.15,1704.87,153,1.4375,41.63086957,1995,0
12647,11827.41752,12.20319635,438,Germany,88,27,89,7,189.81,11.863125,16,4.4375,425,438.0525007,0.063529412,0.016048305,0,325,8821.449704,2680.967815,2.75,134.4024718,11475,0
12648,723.95,8.333333333,42,Germany,168,3,165,1,15,15,1,4,431,241.3166667,0.006960557,0.020719663,0,0,527.4,196.55,5.25,4.30922619,1293,0
12649,1490.99,15.49425287,87,Germany,112,5,95,2,36.15,9.0375,4,4.25,426,298.198,0.011737089,0.024245635,0,25.5,1345.29,120.2,3.5,13.31241071,2130,0
12651,365.3,8.1875,32,France,65,4,127,1,12.45,6.225,2,1.5,195,91.325,0.020512821,0.034081577,0,0,351.8,13.5,2.03125,5.62,780,1
12652,885.58,9.924528302,53,France,61,2,52,1,5.45,1.816666667,3,1,164,442.79,0.012195122,0.006154159,0,0,745.28,140.3,1.90625,14.51770492,328,1
12653,2730.08,17.76271186,59,Israel,27,2,270,0,0,0,0,0,257,1365.04,0.007782101,0,0,15.3,1431.68,1283.1,0.84375,101.1140741,514,0
12654,148.6,7.6,10,Germany,25,1,270,0,0,0,0,0,25,148.6,0.04,0,0,0,148.6,0,0.78125,5.944,25,0
12655,243.35,5.266666667,15,France,154,1,270,0,0,0,0,0,154,243.35,0.006493506,0,0,0,151.1,92.25,4.8125,1.580194805,154,1
12656,2086.06,9.325,120,France,156,3,285,1,18.6,9.3,2,2,293,695.3533333,0.010238908,0.00891633,0,30.3,1554.96,500.8,4.875,13.37217949,879,0
12661,162,19.63636364,11,Sweden,166,1,270,0,0,0,0,0,166,162,0.006024096,0,0,0,162,0,5.1875,0.975903614,166,1
12662,3375.49,8.855072464,207,Germany,6,12,35,2,38.85,7.77,5,4.2,348,281.2908333,0.034482759,0.01150944,0,25.2,2863.61,486.68,0.1875,562.5816667,4176,0
12663,150,18.44444444,9,Germany,355,2,377,1,35.4,35.4,1,12,398,75,0.005025126,0.236,0,0,122.4,27.6,11.09375,0.422535211,796,1
12664,1609.74,45,10,Finland,53,3,270,0,0,0,0,0,457,536.58,0.006564551,0,0,0,1609.74,0,1.65625,30.37245283,1371,0
12665,247.45,8.555555556,18,Germany,55,3,62,2,12.15,3.0375,4,2,399,82.48333333,0.007518797,0.049100828,0,48.05,155.4,44,1.71875,4.499090909,1197,1
12666,1020.98,9.515151515,33,Israel,124,1,89,1,227.44,113.72,2,28,124,1020.98,0.008064516,0.222766362,0,0,441.68,579.3,2.535787321,8.233709677,124,1
12668,8010.55,9.447963801,442,Germany,42,7,270,0,0,0,0,0,407,1144.364286,0.017199017,0,0,95.8,6303.51,1611.24,1.3125,190.727381,2849,0
12670,692.24,10.76190476,21,France,116,2,270,0,0,0,0,0,397,346.12,0.005037783,0,0,0,315.24,377,2.372188139,5.967586207,794,0
12671,2622.48,33.15909091,44,Germany,336,1,270,0,0,0,0,0,336,2622.48,0.00297619,0,0,0,2031.58,590.9,10.5,7.805,336,1
12672,380.5,5.375,24,France,60,2,319,1,26.55,8.85,3,2.333333333,326,190.25,0.006134969,0.06977661,0,0,287.15,93.35,1.875,6.341666667,652,1
12673,786.4,9.574074074,54,Germany,57,2,270,0,0,0,0,0,132,393.2,0.015151515,0,0,0,686.45,99.95,1.78125,13.79649123,264,1
12675,849.55,2.92920354,113,Italy,284,2,293,2,23.7,11.85,2,1,308,424.775,0.006493506,0.027897122,0,13.35,467.45,368.75,8.875,2.991373239,616,1
12676,1711.2,20.85507246,69,Sweden,41,5,270,0,0,0,0,0,213,342.24,0.023474178,0,0,0,1639.8,71.4,1.28125,41.73658537,1065,0
12677,353.3,8.19047619,21,France,285,2,462,1,5.8,2.9,2,1,396,176.65,0.005050505,0.016416643,0,0,214.3,139,8.90625,1.239649123,792,1
12678,16262.58,51.18584071,226,France,15,8,221,1,389.85,129.95,3,38.33333333,431,2032.8225,0.018561485,0.023972211,0,17.4,15157.38,1087.8,0.46875,1084.172,3448,0
12679,684.81,7.136363636,44,France,14,1,6,1,37.25,12.41666667,3,5,14,684.81,0.071428571,0.05439465,0,0,585.56,99.25,0.4375,48.915,14,0
12681,19296.72,12.03933137,1017,France,1,29,49,6,214.32,9.741818182,22,3.727272727,456,665.4041379,0.063596491,0.011106551,0,200.25,16275.21,2821.26,0.03125,19296.72,13224,0
12682,12677.84,10.63113367,591,France,1,26,278,1,88.1,29.36666667,3,3,469,487.6092308,0.0554371,0.006949133,0,9.9,10312.84,2355.1,0.03125,12677.84,12194,0
12683,4669.1,13.8558952,229,France,14,10,53,3,77.45,19.3625,4,1.75,456,466.91,0.021929825,0.016587779,0,70.5,3887.5,711.1,0.4375,333.5071429,4560,0
12686,71.14,17.66666667,6,France,102,1,270,0,0,0,0,0,102,71.14,0.009803922,0,0,0,71.14,0,3.1875,0.69745098,102,1
12687,1858.91,11.216,125,Sweden,211,1,270,0,0,0,0,0,211,1858.91,0.004739336,0,0,11.9,1657.79,189.22,6.59375,8.81,211,1
12691,468.8,10.42105263,19,France,49,3,270,0,0,0,0,0,151,156.2666667,0.01986755,0,0,0,343.8,125,1.53125,9.567346939,453,0
12692,110.95,2.769230769,13,France,367,1,270,0,0,0,0,0,367,110.95,0.002724796,0,0,0,71.25,39.7,11.46875,0.302316076,367,1
12693,791.51,6.617021277,47,Germany,49,4,236,2,37.65,18.825,2,3.5,252,197.8775,0.015873016,0.047567308,0,0,489.61,301.9,1.53125,16.15326531,1008,0
12694,897.78,18.26086957,46,France,151,1,145,1,3.9,3.9,1,2,151,897.78,0.006622517,0.004344049,0,0,842.53,55.25,4.71875,5.945562914,151,0
12695,789.02,7.483870968,31,France,258,3,270,0,0,0,0,0,395,263.0066667,0.007594937,0,0,0,442.7,346.32,8.0625,3.058217054,1185,0
12696,731.91,11.93617021,47,Finland,165,2,270,0,0,0,0,0,239,365.955,0.008368201,0,0,0,716.01,15.9,5.15625,4.435818182,478,1
12698,285.75,7.2,15,Germany,320,1,270,0,0,0,0,0,320,285.75,0.003125,0,0,0,218.45,67.3,10,0.89296875,320,1
12699,566.11,9.225,40,Germany,148,1,270,0,0,0,0,0,148,566.11,0.006756757,0,0,0,470.51,95.6,4.625,3.825067568,148,1
12701,1522.7,11.57777778,90,Germany,259,4,270,0,0,0,0,0,363,380.675,0.011019284,0,0,64.74,1353.96,104,8.09375,5.879150579,1452,0
12703,545.48,6.448275862,58,Germany,363,3,363,2,87.5,10.9375,8,6.5,415,181.8266667,0.007228916,0.160409181,0,47.85,467.88,29.75,11.34375,1.502699725,1245,1
12705,5273.76,11.55921053,304,Germany,87,6,104,3,154.05,11.85,13,4.307692308,264,878.96,0.022727273,0.029210658,0,35.4,4714.6,523.76,2.71875,60.61793103,1584,0
12707,603.42,7.757575758,33,France,22,1,270,0,0,0,0,0,22,603.42,0.045454545,0,0,0,348.22,255.2,0.6875,27.42818182,22,1
12708,2712.87,8.079365079,189,Germany,8,11,4,6,95.6,9.56,10,2.4,452,246.6245455,0.024336283,0.035239433,0,0,2439.77,273.1,0.25,339.10875,4972,0
12709,22609,28.71428571,371,Germany,14,21,34,12,516.75,9.227678571,56,2.375,460,1076.619048,0.045652174,0.022855942,0,2.95,14075.3,8530.75,0.4375,1614.928571,9660,0
12711,1213.05,13.15517241,58,Germany,342,2,270,0,0,0,0,0,407,606.525,0.004914005,0,0,23.6,1147.72,41.73,10.6875,3.546929825,814,1
12712,3009.38,8.352272727,176,Germany,8,13,1,6,158.25,10.55,15,2.866666667,461,231.4907692,0.028199566,0.052585582,0,81.15,1852.68,1075.55,0.25,376.1725,5993,0
12714,9399.15,13.28838174,482,France,25,8,270,0,0,0,0,0,466,1174.89375,0.017167382,0,0,473.13,7721.37,1204.65,0.78125,375.966,3728,0
12717,227.93,6.2,15,Greece,320,1,270,0,0,0,0,0,320,227.93,0.003125,0,0,17.7,171.98,38.25,10,0.71228125,320,0
12720,2570.54,9.953271028,214,Germany,34,8,126,7,144.34,7.596842105,19,3.105263158,237,321.3175,0.033755274,0.056151626,0,15,2292.59,262.95,1.0625,75.60411765,1896,0
12721,1839.32,8.5703125,128,France,34,4,96,2,79.25,6.604166667,12,1.583333333,202,459.83,0.01980198,0.043086575,0,0,1450.92,388.4,1.0625,54.09764706,808,0
12724,1297.01,12.54216867,83,France,62,4,270,0,0,0,0,0,265,324.2525,0.01509434,0,0,12.6,1177.46,106.95,1.9375,20.91951613,1060,0
12725,1906.76,11.02912621,103,Italy,101,3,270,0,0,0,0,0,314,635.5866667,0.00955414,0,0,17.7,1420.31,468.75,3.15625,18.87881188,942,1
12726,1797.36,29.81081081,74,France,46,6,270,0,0,0,0,0,354,299.56,0.016949153,0,0,0,1781.46,15.9,1.4375,39.07304348,2124,0
12727,3187.15,13.10135135,148,France,12,7,0,1,15,15,1,12,385,455.3071429,0.018181818,0.004706399,0,70.8,2489.05,627.3,0.375,265.5958333,2695,0
12728,597.1,8.486486486,37,France,14,3,270,0,0,0,0,0,114,199.0333333,0.026315789,0,0,5.04,488.11,103.95,0.4375,42.65,342,0
12730,703.25,4.934782609,46,Germany,252,1,270,0,0,0,0,0,252,703.25,0.003968254,0,0,55.8,271.3,376.15,5.153374233,2.790674603,252,1
12731,10982.13,29.06111111,180,France,43,7,270,0,0,0,0,0,378,1568.875714,0.018518519,0,0,0,7423.48,3558.65,1.34375,255.3983721,2646,0
12733,1942.02,5.374100719,139,USA,119,3,181,2,98.05,19.61,5,2.2,419,647.34,0.007159905,0.050488666,0,17.2,1178.82,746,3.71875,16.3194958,1257,0
12734,603.65,14.61111111,18,France,83,3,270,0,0,0,0,0,122,201.2166667,0.024590164,0,0,0,228.55,375.1,1.697341513,7.272891566,366,1
12735,689.57,8.853658537,41,France,45,2,270,0,0,0,0,0,67,344.785,0.029850746,0,0,0,339.37,350.2,0.920245399,15.32377778,134,1
12736,144,56,3,France,63,1,270,0,0,0,0,0,63,144,0.015873016,0,0,0,50.4,93.6,1.288343558,2.285714286,63,1
12738,137.35,14.7,10,Germany,102,1,270,0,0,0,0,0,102,137.35,0.009803922,0,0,0,110.4,26.95,3.1875,1.346568627,102,1
12739,1445.69,9.448979592,49,United Arab Emirates,124,1,270,0,0,0,0,0,124,1445.69,0.008064516,0,0,48,519.84,877.85,2.535787321,11.65879032,124,0
12741,236.07,14.2,15,USA,263,1,270,0,0,0,0,0,263,236.07,0.003802281,0,0,0,236.07,0,8.21875,0.897604563,263,1
12742,1185.02,19.83823529,68,United Arab Emirates,356,1,330,1,16.5,16.5,1,10,356,1185.02,0.002808989,0.013923816,0,23.4,1060.82,100.8,11.125,3.328707865,356,1
12744,6090.84,16.43930636,173,Singapore,48,5,270,0,0,0,0,0,321,1218.168,0.015576324,0,0,17.7,3989.01,2084.13,1.5,126.8925,1605,0
12745,723.85,21.22727273,22,United Kingdom,217,2,270,0,0,0,0,0,304,361.925,0.006578947,0,0,0,598.2,125.65,6.78125,3.335714286,608,1
12746,230.85,4.55,20,United Kingdom,271,1,258,2,23.7,7.9,3,2,271,230.85,0.003690037,0.102664068,0,0,193.15,37.7,8.46875,0.851845018,271,1
12747,5910.61,9.607526882,186,United Kingdom,13,19,110,6,111.95,13.99375,8,3.125,462,311.0847368,0.041125541,0.018940515,0,61.2,3759.14,2090.27,0.40625,454.6623077,8778,0
12748,22040.30634,4.830957905,3017,United Kingdom,3,165,89,12,722.22,26.74888889,27,18.11111111,465,133.5776142,0.35483871,0.032768147,0,763.47,16420.24,4856.596341,0.09375,7346.76878,76725,0
12749,2460.29,5.083832335,167,United Kingdom,129,4,115,4,346.19,12.36392857,28,1.428571429,251,615.0725,0.015936255,0.140711054,0,0,1240.49,1219.8,4.03125,19.0720155,1004,0
12751,268.27,3.048387097,62,Brazil,175,1,270,0,0,0,0,0,175,268.27,0.005714286,0,0,21.95,200.57,45.75,5.46875,1.532971429,175,1
12753,9187.94,50.14150943,106,Japan,12,3,12,2,153.19,17.02111111,9,6.888888889,93,3062.646667,0.032258065,0.016672943,0,0,7533.49,1654.45,0.375,765.6616667,279,0
12754,61.62,1,49,Japan,7,2,270,0,0,0,0,0,39,30.81,0.051282051,0,0,0,61.62,0,0.21875,8.802857143,78,0
12755,4220.7,14.54385965,114,Japan,11,11,115,9,1015.56,19.91294118,51,12.45098039,424,383.7,0.025943396,0.240614116,0,0,4204.8,15.9,0.34375,383.7,4664,1
12758,8557.6,18.35144928,276,Portugal,7,6,320,1,124.24,31.06,4,16,468,1426.266667,0.012820513,0.014518089,0,69.08,7265.87,1222.65,0.21875,1222.514286,2808,0
12759,3622.1,11.21929825,228,Netherlands,6,6,270,0,0,0,0,0,466,603.6833333,0.012875536,0,0,27.6,3290.5,304,0.1875,603.6833333,2796,0
12760,317.8,9.8,20,Netherlands,186,1,270,0,0,0,0,0,186,317.8,0.005376344,0,0,0,317.8,0,5.8125,1.708602151,186,1
12761,712.95,11.08,25,Netherlands,195,1,270,0,0,0,0,0,195,712.95,0.005128205,0,0,0,520.35,192.6,6.09375,3.656153846,195,1
12763,320.08,12.25,16,Japan,99,1,270,0,0,0,0,0,99,320.08,0.01010101,0,0,0,320.08,0,3.09375,3.233131313,99,0
12764,1693.88,8.577777778,45,Lebanon,47,1,270,0,0,0,0,0,47,1693.88,0.021276596,0,0,0,712.48,981.4,0.961145194,36.04,47,1
12765,1299.58,16.16129032,62,Netherlands,202,6,270,0,0,0,0,0,372,216.5966667,0.016129032,0,0,0,1265.58,34,6.3125,6.433564356,2232,1
12766,4024.93,11.81081081,222,Portugal,22,5,117,2,41.85,10.4625,4,4.75,138,804.986,0.036231884,0.010397696,0,0,3407.08,617.85,0.6875,182.9513636,690,0
12767,949.82,13.90697674,43,Korea,106,1,270,0,0,0,0,0,106,949.82,0.009433962,0,0,47.7,827.12,75,3.3125,8.960566038,106,1
12768,0,0,20,Korea,181,1,162,1,168.69,16.869,10,10.2,181,0,0.005524862,168.69,0,0,-3.55E-15,0,6.728624535,0,181,1
12770,1630,42.91666667,24,Japan,187,1,130,5,265,33.125,8,8.75,187,1630,0.005347594,0.162576687,0,0,1312,318,5.84375,8.71657754,187,0
12771,206.5,6.533333333,15,Portugal,216,1,195,1,19.8,19.8,1,4,216,206.5,0.00462963,0.095883777,0,0,122.1,84.4,6.75,0.956018519,216,1
12773,1.78E-15,0,12,Portugal,294,1,294,1,124.25,20.70833333,6,18.16666667,294,1.78E-15,0.003401361,124.25,0,0,-1.78E-15,0,10.92936803,6.04E-18,294,1
12774,83.7,10.4,5,Netherlands,266,1,270,0,0,0,0,0,266,83.7,0.003759398,0,0,0,83.7,0,8.3125,0.314661654,266,1
12775,419.73,11.64,25,Netherlands,41,3,40,1,34.8,34.8,1,24,139,139.91,0.021582734,0.082910442,0,17.4,360.58,41.75,1.28125,10.23731707,417,0
12776,27.5,15,3,Portugal,398,1,270,0,0,0,0,0,398,27.5,0.002512563,0,0,0,27.5,0,12.4375,0.069095477,398,1
12777,519.45,17.61538462,26,United Kingdom,188,1,270,0,0,0,0,0,188,519.45,0.005319149,0,0,0,464.7,54.75,5.875,2.763031915,188,1
12778,1070.86,15.39473684,76,Netherlands,1,5,270,0,0,0,0,0,333,214.172,0.015015015,0,0,0,970.71,100.15,0.03125,1070.86,1665,0
12779,3488.48,10.95294118,170,Poland,38,9,117,3,202.85,25.35625,8,17.625,467,387.6088889,0.019271949,0.058148535,0,47.5,2540.92,900.06,1.1875,91.80210526,4203,0
12780,322.4,14.94736842,19,Netherlands,329,1,270,0,0,0,0,0,329,322.4,0.003039514,0,0,0,269.1,53.3,10.28125,0.97993921,329,1
12781,549.26,23.06666667,15,Czech Republic,15,1,270,0,0,0,0,0,15,549.26,0.066666667,0,0,0,549.26,0,0.46875,36.61733333,15,1
12782,2782.55,7.153005464,183,Portugal,48,8,69,3,92.2,6.585714286,14,2.285714286,249,347.81875,0.032128514,0.033135074,0,78.3,2056.5,647.75,1.5,57.96979167,1992,0
12784,1034.33,8.098591549,71,Portugal,259,1,270,0,0,0,0,0,259,1034.33,0.003861004,0,0,0,701.55,332.78,8.09375,3.993552124,259,1
12785,889.55,8.203703704,54,Portugal,94,3,377,1,14.85,14.85,1,3,461,296.5166667,0.006507592,0.016693834,0,0,711.3,178.25,2.9375,9.463297872,1383,1
12786,668.5,18.82352941,17,Netherlands,340,1,270,0,0,0,0,0,340,668.5,0.002941176,0,0,19.8,648.7,0,10.625,1.966176471,340,1
12787,380.52,10.7826087,23,Netherlands,143,1,270,0,0,0,0,0,143,380.52,0.006993007,0,0,0,380.52,0,4.46875,2.660979021,143,0
12788,384.9,8.636363636,22,Netherlands,193,4,270,0,0,0,0,0,258,96.225,0.015503876,0,0,0,384.9,0,6.03125,1.994300518,1032,1
12789,148.5,15,2,Netherlands,243,2,270,0,0,0,0,0,424,74.25,0.004716981,0,0,0,0,148.5,4.969325153,0.611111111,848,0
12790,223.53,7.388888889,18,Netherlands,140,1,137,1,28.4,9.466666667,3,2,140,223.53,0.007142857,0.127052297,0,0,102.23,121.3,2.862985685,1.596642857,140,0
12791,656.83,15.77272727,22,Netherlands,104,5,270,0,0,0,0,0,354,131.366,0.014124294,0,0,20.4,512.42,124.01,3.25,6.315673077,1770,1
12792,370.47,8.333333333,21,Portugal,265,1,270,0,0,0,0,0,265,370.47,0.003773585,0,0,0,307.07,63.4,8.28125,1.398,265,0
12793,745.53,11.12195122,41,Portugal,65,3,270,0,0,0,0,0,131,248.51,0.022900763,0,0,0,698.88,46.65,2.03125,11.46969231,393,1
12796,351,30,6,Netherlands,358,1,270,0,0,0,0,0,358,351,0.002793296,0,0,0,351,0,11.1875,0.980446927,358,1
12797,387.43,4.970588235,34,Portugal,96,2,90,4,80.65,13.44166667,6,7.166666667,154,193.715,0.012987013,0.208166637,0,0,283.38,104.05,3,4.035729167,308,1
12798,1533.89,127.96,25,Japan,152,1,270,0,0,0,0,0,152,1533.89,0.006578947,0,0,0,1533.89,0,4.75,10.09138158,152,0
12799,219.35,9.133333333,15,Japan,259,1,270,0,0,0,0,0,259,219.35,0.003861004,0,0,0,190.5,28.85,8.09375,0.846911197,259,1
12800,500.25,8.78125,32,Portugal,200,2,270,0,0,0,0,0,407,250.125,0.004914005,0,0,0,488.35,11.9,6.25,2.50125,814,1
12801,831.87,9.98,50,Sweden,231,1,208,1,39.95,39.95,1,1,231,831.87,0.004329004,0.048024331,0,12.5,608.22,211.15,7.21875,3.601168831,231,1
12802,1737.84,15.16666667,108,Netherlands,174,4,194,1,51,51,1,6,294,434.46,0.013605442,0.029346775,0,54.8,1532.19,150.85,5.4375,9.987586207,1176,0
12803,1017.81,16.05555556,54,Netherlands,123,1,270,0,0,0,0,0,123,1017.81,0.008130081,0,0,58,934.31,25.5,3.84375,8.274878049,123,1
12804,325.37,4.090909091,66,Netherlands,196,2,270,0,0,0,0,0,230,162.685,0.008695652,0,0,5.9,267.22,52.25,6.125,1.66005102,460,1
12805,1230.95,10.75925926,54,Netherlands,112,4,270,0,0,0,0,0,405,307.7375,0.009876543,0,0,78.3,732.95,419.7,3.5,10.990625,1620,1
12806,2558.96,32.5625,64,Netherlands,302,2,270,0,0,0,0,0,319,1279.48,0.006269592,0,0,0,2520.28,38.68,9.4375,8.473377483,638,1
12807,229.95,7.4375,16,Sweden,113,1,116,1,20.4,20.4,1,24,113,229.95,0.008849558,0.088714938,0,0,156.2,73.75,3.53125,2.034955752,113,1
12808,394.45,7.44,25,Portugal,99,3,270,0,0,0,0,0,193,131.4833333,0.015544041,0,0,0,363.95,30.5,3.09375,3.984343434,579,0
12809,933.38,4.62295082,61,Portugal,296,2,284,4,45.65,6.521428571,7,1.285714286,377,466.69,0.00530504,0.048908269,0,66.6,427.5,439.28,6.053169734,3.153310811,754,0
12810,534.99,12.15625,32,Japan,265,2,270,0,0,0,0,0,407,267.495,0.004914005,0,0,242.62,236.12,56.25,9.851301115,2.018830189,814,1
12811,647.3,8.472222222,36,Portugal,14,3,270,0,0,0,0,0,158,215.7666667,0.018987342,0,0,0,579.65,67.65,0.4375,46.23571429,474,0
12813,1621.8,27,42,Netherlands,232,3,270,0,0,0,0,0,423,540.6,0.007092199,0,0,0,1594.8,27,7.25,6.990517241,1269,1
12817,570.98,9.818181818,22,Austria,11,3,270,0,0,0,0,0,165,190.3266667,0.018181818,0,0,0,433.28,137.7,0.34375,51.90727273,495,1
12819,540.52,18.10526316,19,United Kingdom,188,1,270,0,0,0,0,0,188,540.52,0.005319149,0,0,0,419.82,120.7,5.875,2.875106383,188,1
12820,1897.771269,11.75652174,115,United Kingdom,57,8,298,2,41.58,13.86,3,12.66666667,464,237.2214086,0.017241379,0.021909911,0,17.7,1540.51,339.5612692,1.78125,33.29423279,3712,1
12821,128.08,13.14285714,7,United Kingdom,341,1,270,0,0,0,0,0,341,128.08,0.002932551,0,0,0,113.1,14.98,10.65625,0.375601173,341,0
12823,5277.5,51.33333333,15,United Kingdom,19,15,270,0,0,0,0,0,409,351.8333333,0.036674817,0,0,0,0,5277.5,0.388548057,277.7631579,6135,0
12825,518.63,5.791666667,24,United Kingdom,251,2,270,0,0,0,0,0,372,259.315,0.005376344,0,0,0,230.45,288.18,5.132924335,2.06625498,744,1
12826,2013.18,12.6637931,116,United Kingdom,47,8,202,1,9.95,9.95,1,1,452,251.6475,0.017699115,0.004942429,0,0,1702.78,310.4,1.46875,42.83361702,3616,0
12829,345.35,27.45,20,United Kingdom,67,3,52,1,39.95,39.95,1,1,280,115.1166667,0.010714286,0.115679745,0,0,142.5,202.85,1.370143149,5.154477612,840,1
12831,236.06,12.92307692,13,United Kingdom,193,2,270,0,0,0,0,0,193,118.03,0.010362694,0,0,0,210.56,25.5,6.03125,1.223108808,386,0
12834,312.38,6.111111111,18,United Kingdom,13,1,270,0,0,0,0,0,13,312.38,0.076923077,0,0,0,177.28,135.1,0.40625,24.02923077,13,1
12835,5972.19,3.736,625,United Kingdom,158,41,148,8,24.64,2.464,10,1.4,467,145.6631707,0.087794433,0.00412579,0,37.7,2961.55,2972.94,3.231083845,37.79867089,19147,1
12836,4756.91,5.089285714,280,United Kingdom,42,12,200,2,39.15,9.7875,4,1,468,396.4091667,0.025641026,0.008230133,0,42.35,2311.37,2403.19,0.858895706,113.2597619,5616,0
12837,528.56,2.236842105,76,United Kingdom,299,1,270,0,0,0,0,0,299,528.56,0.003344482,0,0,2.52,249.21,276.83,6.114519427,1.767759197,299,0
12838,2672.3,4.923076923,299,United Kingdom,104,9,118,2,22.45,5.6125,4,1.75,323,296.9222222,0.027863777,0.008401003,0,89.25,2021.7,561.35,3.25,25.69519231,2907,1
12839,5027.31,10.87254902,306,United Kingdom,18,15,7,4,139.4,15.48888889,9,10.44444444,463,335.154,0.032397408,0.027728547,0,0,4330.2,697.11,0.5625,279.295,6945,0
12840,1299.6,11.36923077,65,United Kingdom,167,3,349,2,15.6,7.8,2,4,404,433.2,0.007425743,0.012003693,0,19.5,1169.95,110.15,5.21875,7.782035928,1212,0
12841,4434.84,8.361038961,385,United Kingdom,7,24,149,1,4.25,4.25,1,1,249,184.785,0.096385542,0.000958321,0,87.8,3929.34,417.7,0.21875,633.5485714,5976,0
12842,1109.73,17.75,28,United Kingdom,39,3,270,0,0,0,0,0,468,369.91,0.006410256,0,0,0,953.53,156.2,1.21875,28.45461538,1404,1
12843,4538.31,18.2991453,117,United Kingdom,112,20,226,3,221.3,55.325,4,25.75,457,226.9155,0.043763676,0.048762645,0,49.8,3162.51,1326,3.5,40.520625,9140,0
12844,322.64,1.921568627,51,United Kingdom,172,2,270,0,0,0,0,0,324,161.32,0.00617284,0,0,5,170.88,146.76,5.375,1.875813953,648,0
12845,273.89,7.5,22,United Kingdom,1,2,270,0,0,0,0,0,20,136.945,0.1,0,0,0,250.94,22.95,0.03125,273.89,40,0
12847,765.36,17.82857143,35,United Kingdom,118,1,270,0,0,0,0,0,118,765.36,0.008474576,0,0,0,765.36,0,3.6875,6.486101695,118,1
12848,208,3.625,16,United Kingdom,406,1,270,0,0,0,0,0,406,208,0.002463054,0,0,50.8,71.65,85.55,8.302658487,0.512315271,406,1
12849,2023.33,13.35106383,94,United Kingdom,112,4,270,0,0,0,0,0,321,505.8325,0.012461059,0,0,17.7,1514.68,490.95,3.5,18.06544643,1284,0
12850,330,100,2,United Kingdom,176,1,270,0,0,0,0,0,176,330,0.005681818,0,0,0,330,0,5.5,1.875,176,1
12851,148.95,1.7,30,United Kingdom,207,1,270,0,0,0,0,0,207,148.95,0.004830918,0,0,2.5,72.9,73.55,4.233128834,0.719565217,207,0
12852,299.75,7.25,20,United Kingdom,25,1,20,1,11.8,3.933333333,3,1.333333333,25,299.75,0.04,0.039366138,0,0,252.35,47.4,0.78125,11.99,25,1
12853,2257.75,10.3125,96,United Kingdom,46,6,42,3,120.05,20.00833333,6,2.666666667,403,376.2916667,0.014888337,0.053172406,0,0,1388.85,868.9,1.4375,49.08152174,2418,0
12854,1991.62,5.948186528,193,United Kingdom,48,5,49,3,53,7.571428571,7,2.571428571,458,398.324,0.010917031,0.026611502,0,108.65,1499.93,383.04,1.5,41.49208333,2290,0
12855,612.84,3.582089552,67,United Kingdom,103,4,270,0,0,0,0,0,132,153.21,0.03030303,0,0,0,308.49,304.35,3.21875,5.949902913,528,1
12857,3379.45,12.27272727,110,United Kingdom,33,5,411,1,3.75,3.75,1,1,413,675.89,0.012106538,0.001109648,0,0,1993.9,1385.55,1.03125,102.4075758,2065,0
12858,147.27,1.378378378,37,United Kingdom,113,1,270,0,0,0,0,0,113,147.27,0.008849558,0,0,6.25,65.12,75.9,2.310838446,1.303274336,113,1
12859,575.1,13.9047619,21,United Kingdom,189,1,270,0,0,0,0,0,189,575.1,0.005291005,0,0,0,521.4,53.7,5.90625,3.042857143,189,1
12860,54.22,1.625,16,United Kingdom,423,1,270,0,0,0,0,0,423,54.22,0.002364066,0,0,5,27.97,21.25,13.21875,0.128179669,423,1
12861,68.25,6.75,4,United Kingdom,350,1,270,0,0,0,0,0,350,68.25,0.002857143,0,0,0,39.6,28.65,10.9375,0.195,350,1
12862,984.62,4.664122137,131,United Kingdom,156,2,270,0,0,0,0,0,225,492.31,0.008888889,0,0,10.2,712.32,262.1,4.875,6.311666667,450,1
12863,2271.35,16.44186047,43,United Kingdom,109,5,270,0,0,0,0,0,319,454.27,0.015673981,0,0,0,658.85,1612.5,2.229038855,20.83807339,1595,0
12864,152.45,57.75,4,United Kingdom,238,1,270,0,0,0,0,0,238,152.45,0.004201681,0,0,0,152.45,0,7.4375,0.640546218,238,0
12865,1735.08,9.900990099,101,Austria,108,2,90,1,20.16,20.16,1,48,207,867.54,0.009661836,0.011619061,0,0,1366.48,368.6,3.375,16.06555556,414,0
12866,1092.35,9.066666667,60,Belgium,13,3,270,0,0,0,0,0,233,364.1166667,0.012875536,0,0,15,718.15,359.2,0.40625,84.02692308,699,1
12867,4598.62,6.990551181,635,United Kingdom,28,8,90,1,8.25,2.0625,4,1.25,453,574.8275,0.017660044,0.001794016,0,5.37,4487.65,105.6,0.875,164.2364286,3624,0
12868,1109.91,8.780821918,73,United Kingdom,46,5,270,0,0,0,0,0,123,221.982,0.040650407,0,0,0,1002.76,107.15,1.4375,24.12847826,615,0
12869,337.67,3.891891892,37,United Kingdom,412,1,270,0,0,0,0,0,412,337.67,0.002427184,0,0,0,297.32,40.35,12.875,0.819587379,412,1
12870,1662.05,9.515789474,95,United Kingdom,105,3,96,1,14.9,7.45,2,1,354,554.0166667,0.008474576,0.008964833,0,2.52,1215.53,444,3.28125,15.82904762,1062,1
12871,363.38,40.57142857,7,United Kingdom,170,1,270,0,0,0,0,0,170,363.38,0.005882353,0,0,0,320.88,42.5,5.3125,2.137529412,170,0
12872,3276.81,4.138888889,396,United Kingdom,57,12,394,1,7.15,3.575,2,1.5,466,273.0675,0.025751073,0.002182,0,74.27,2723.84,478.7,1.78125,57.48789474,5592,1
12873,2027.3,22.45714286,35,United Kingdom,12,3,270,0,0,0,0,0,412,675.7666667,0.007281553,0,0,0,1520,507.3,0.375,168.9416667,1236,1
12874,858.42,12.89361702,47,Belgium,115,2,257,1,15,15,1,12,284,429.21,0.007042254,0.017473964,0,0,735.22,123.2,3.59375,7.464521739,568,1
12875,1307.52,699.4285714,7,United Kingdom,93,4,270,0,0,0,0,0,428,326.88,0.009345794,0,0,0,1307.52,0,2.90625,14.05935484,1712,0
12876,1685.57,12.94047619,84,Belgium,125,2,314,1,13.2,13.2,1,8,320,842.785,0.00625,0.007831179,0,0,1443.32,242.25,3.90625,13.48456,640,0
12877,1735.83,9.282608696,138,United Kingdom,18,11,270,0,0,0,0,0,421,157.8027273,0.026128266,0,0,17.55,1175.83,542.45,0.5625,96.435,4631,0
12880,640.13,7.75,36,United Kingdom,112,2,270,0,0,0,0,0,305,320.065,0.006557377,0,0,0,353.57,286.56,3.5,5.715446429,610,1
12881,298,3,7,United Kingdom,6,1,270,0,0,0,0,0,6,298,0.166666667,0,0,0,19.5,278.5,0.122699387,49.66666667,6,1
12887,222.4,7.692307692,13,United Kingdom,114,1,270,0,0,0,0,0,114,222.4,0.00877193,0,0,0,163.35,59.05,3.5625,1.950877193,114,1
12889,365.66,4.444444444,27,United Kingdom,111,4,183,2,19.8,9.9,2,2,232,91.415,0.017241379,0.054148663,0,0,188.61,177.05,3.46875,3.294234234,928,1
12890,329.3,3.589285714,56,United Kingdom,117,1,270,0,0,0,0,0,117,329.3,0.008547009,0,0,2.5,298.95,27.85,3.65625,2.814529915,117,1
12891,530.5,142.5,10,United Kingdom,23,9,243,1,21,21,1,50,389,58.94444444,0.023136247,0.039585297,0,0,530.5,0,0.71875,23.06521739,3501,0
12892,263.38,7.777777778,18,United Kingdom,127,1,270,0,0,0,0,0,127,263.38,0.007874016,0,0,0,224.03,39.35,3.96875,2.073858268,127,1
12894,157.35,1.571428571,21,United Kingdom,305,1,270,0,0,0,0,0,305,157.35,0.003278689,0,0,32.4,35.75,89.2,6.237218814,0.515901639,305,1
12897,426.55,16.91666667,12,United Kingdom,32,3,270,0,0,0,0,0,274,142.1833333,0.010948905,0,0,0,359.9,66.65,1,13.3296875,822,0
12898,296.21,8.703703704,27,United Kingdom,194,2,270,0,0,0,0,0,390,148.105,0.005128205,0,0,7.3,226.31,62.6,6.0625,1.52685567,780,1
12899,366.4,6.352941176,17,United Kingdom,144,1,270,0,0,0,0,0,144,366.4,0.006944444,0,0,0,209.85,156.55,4.5,2.544444444,144,1
12900,340.33,10.69230769,13,United Kingdom,152,1,270,0,0,0,0,0,152,340.33,0.006578947,0,0,0,208.68,131.65,4.75,2.239013158,152,1
12901,349.8,68.57142857,7,United Kingdom,1,1,270,0,0,0,0,0,1,349.8,1,0,0,0,349.8,0,0.03125,349.8,1,0
12903,833.53,12.02439024,41,United Kingdom,159,1,270,0,0,0,0,0,159,833.53,0.006289308,0,0,0,772.93,60.6,4.96875,5.242327044,159,1
12905,1011.82,9.6,55,United Kingdom,307,2,409,1,6.6,6.6,1,4,412,505.91,0.004854369,0.006522899,0,0,634.52,377.3,9.59375,3.295830619,824,1
12907,440.36,5.655172414,29,United Kingdom,126,2,384,1,68.55,17.1375,4,3.25,224,220.18,0.008928571,0.15566809,0,-13.95,403.71,50.6,3.9375,3.494920635,448,1
12908,954,360,5,United Kingdom,43,4,43,1,390,390,1,600,360,238.5,0.011111111,0.408805031,0,0,954,0,1.34375,22.18604651,1440,0
12909,905.94,9.194444444,72,United Kingdom,155,3,153,2,18.58,3.716,5,1.2,384,301.98,0.0078125,0.020509084,0,15.3,753.24,137.4,4.84375,5.844774194,1152,0
12910,2671.98,30.31746032,63,United Kingdom,110,5,221,1,49.5,49.5,1,30,351,534.396,0.014245014,0.018525588,0,0,2671.98,0,3.4375,24.29072727,1755,0
12911,1651.72,3.419491525,236,United Kingdom,282,1,270,0,0,0,0,0,282,1651.72,0.003546099,0,0,62.6,944.74,644.38,8.8125,5.857163121,282,1
12913,4666,35.29824561,57,United Kingdom,13,11,270,0,0,0,0,0,469,424.1818182,0.023454158,0,0,79.73,4412.67,173.6,0.40625,358.9230769,5159,1
12914,223.98,37.33333333,9,United Kingdom,131,1,270,0,0,0,0,0,131,223.98,0.007633588,0,0,0,208.98,15,4.09375,1.709770992,131,1
12915,721.2,5.779661017,59,United Kingdom,103,3,194,4,89.9,11.2375,8,2.25,319,240.4,0.009404389,0.124653356,0,0,458.55,262.65,3.21875,7.001941748,957,0
12916,2341.83,8.594339623,106,United Kingdom,51,4,270,0,0,0,0,0,415,585.4575,0.009638554,0,0,0,1452.58,889.25,1.59375,45.91823529,1660,0
12917,3735.5,19.17647059,51,United Kingdom,130,5,130,2,29.7,9.9,3,2,460,747.1,0.010869565,0.007950743,0,59,2086.6,1589.9,4.0625,28.73461538,2300,0
12920,323.86,9.125,32,United Kingdom,301,3,270,0,0,0,0,0,455,107.9533333,0.006593407,0,0,2.55,243.08,78.23,9.40625,1.075946844,1365,1
12921,20709.59,13.27452924,1009,United Kingdom,14,44,1,19,1109.94,18.1957377,61,6.081967213,468,470.6725,0.094017094,0.05359546,0,40.2,18812.79,1856.6,0.4375,1479.256429,20592,0
12923,597.6,5.0625,32,United Kingdom,120,2,270,0,0,0,0,0,305,298.8,0.006557377,0,0,38.25,240.05,319.3,2.45398773,4.98,610,0
12924,1773.24,19.32075472,53,United Kingdom,6,10,123,1,42.5,42.5,1,10,461,177.324,0.021691974,0.023967427,0,15.15,1735.99,22.1,0.1875,295.54,4610,0
12925,35.28,21.6,5,United Kingdom,323,1,270,0,0,0,0,0,323,35.28,0.003095975,0,0,0,35.28,0,10.09375,0.109226006,323,1
12926,1523.59,2.881226054,261,United Kingdom,141,4,270,0,0,0,0,0,455,380.8975,0.008791209,0,0,37.89,1195.3,290.4,4.40625,10.80560284,1820,1
12927,197.31,13.18181818,11,United Kingdom,125,1,270,0,0,0,0,0,125,197.31,0.008,0,0,0,180.36,16.95,3.90625,1.57848,125,1
12928,2634.53,14.97321429,112,United Kingdom,89,8,270,0,0,0,0,0,280,329.31625,0.028571429,0,0,0,2634.53,0,2.78125,29.60146067,2240,0
12929,117.85,4.625,8,United Kingdom,42,1,270,0,0,0,0,0,42,117.85,0.023809524,0,0,0,35.25,82.6,0.858895706,2.805952381,42,1
12931,39938.06,150.3425414,181,United Kingdom,0,46,134,7,12289.22,323.4005263,38,243.1578947,469,868.2186957,0.098081023,0.307706984,0,0,36503.91,3434.15,0,39938.06,21574,0
12932,1698.56,16.93684211,95,United Kingdom,269,8,270,0,0,0,0,0,398,212.32,0.020100503,0,0,70.8,1371.13,256.63,8.40625,6.314349442,3184,1
12933,1080.1,2.358974359,195,United Kingdom,14,6,14,3,59.75,14.9375,4,13.75,459,180.0166667,0.013071895,0.055318952,0,104.2,645.25,330.65,0.4375,77.15,2754,0
12934,181.65,15.5,2,United Kingdom,467,1,270,0,0,0,0,0,467,181.65,0.002141328,0,0,0,101.7,79.95,14.59375,0.388972163,467,1
12935,2457.19,10.46496815,157,United Kingdom,49,9,104,3,57.6,11.52,5,6,337,273.0211111,0.026706231,0.023441411,0,0,1987.74,469.45,1.53125,50.14673469,3033,0
12937,1593.34,10.06185567,97,United Kingdom,193,5,270,0,0,0,0,0,466,318.668,0.010729614,0,0,0,1437.59,155.75,6.03125,8.255647668,2330,0
12939,20911.32,127.3230769,65,United Kingdom,3,15,270,0,0,0,0,0,427,1394.088,0.035128806,0,0,0,20911.32,0,0.09375,6970.44,6405,0
12941,377.49,14.11111111,27,United Kingdom,454,1,270,0,0,0,0,0,454,377.49,0.002202643,0,0,31.2,286.74,59.55,14.1875,0.831475771,454,1
12942,258.75,4.3125,16,United Kingdom,96,1,270,0,0,0,0,0,96,258.75,0.010416667,0,0,0,108.85,149.9,1.963190184,2.6953125,96,0
12943,489,8.148148148,27,United Kingdom,288,2,31,2,7.5,3.75,2,1,336,244.5,0.005952381,0.015337423,0,0,296.2,192.8,9,1.697916667,672,1
12944,286.95,10.35714286,14,United Kingdom,85,1,270,0,0,0,0,0,85,286.95,0.011764706,0,0,0,227.25,59.7,2.65625,3.375882353,85,1
12945,900.11,8.745098039,51,United Kingdom,18,2,270,0,0,0,0,0,386,450.055,0.005181347,0,0,0,671.93,228.18,0.5625,50.00611111,772,1
12946,324.45,7.45,20,United Kingdom,167,1,270,0,0,0,0,0,167,324.45,0.005988024,0,0,0,281.9,42.55,5.21875,1.942814371,167,1
12947,445.85,11.5,36,United Kingdom,67,2,48,2,159.85,53.28333333,3,1.666666667,103,222.925,0.019417476,0.358528653,0,0,408,37.85,2.09375,6.654477612,206,0
12948,252.48,24.88888889,9,United Kingdom,461,2,270,0,0,0,0,0,468,126.24,0.004273504,0,0,0,252.48,0,14.40625,0.547678959,936,0
12949,11247.98,11.52964427,506,United Kingdom,112,14,179,4,111.5,18.58333333,6,3,466,803.4271429,0.030042918,0.009912891,0,19.5,9064.04,2164.44,3.5,100.4283929,6524,0
12951,2419.94,8.420382166,157,United Kingdom,50,11,28,4,35.8,5.966666667,6,1.666666667,429,219.9945455,0.025641026,0.014793755,0,17.7,2099.19,303.05,1.5625,48.3988,4719,0
12953,498.96,9.032258065,31,United Kingdom,252,1,270,0,0,0,0,0,252,498.96,0.003968254,0,0,0,310.34,188.62,7.875,1.98,252,1
12954,162.45,8.3,10,United Kingdom,369,1,270,0,0,0,0,0,369,162.45,0.002710027,0,0,0,136.95,25.5,11.53125,0.440243902,369,1
12956,521.89,8.095238095,42,United Kingdom,36,4,270,0,0,0,0,0,454,130.4725,0.008810573,0,0,20.25,470.24,31.4,1.125,14.49694444,1816,1
12957,5056.41,8.630662021,287,United Kingdom,70,6,67,5,46.7,7.783333333,6,2,459,842.735,0.013071895,0.009235802,0,183.2,3462.29,1410.92,2.1875,72.23442857,2754,0
12958,467.34,2.408163265,49,United Kingdom,130,2,270,0,0,0,0,0,313,233.67,0.006389776,0,0,5,134.84,327.5,2.658486708,3.594923077,626,1
12959,150.95,13.625,8,United Kingdom,214,1,270,0,0,0,0,0,214,150.95,0.004672897,0,0,0,135,15.95,6.6875,0.705373832,214,1
12960,1322.07,19.7,70,United Kingdom,144,4,270,0,0,0,0,0,391,330.5175,0.010230179,0,0,0,1262.15,59.92,4.5,9.181041667,1564,1
12961,211.99,4.5,40,United Kingdom,109,1,270,0,0,0,0,0,109,211.99,0.009174312,0,0,0,211.99,0,3.40625,1.944862385,109,1
12963,1671.76,8.95049505,101,United Kingdom,96,5,234,1,73.2,12.2,6,4,249,334.352,0.020080321,0.043786189,0,17.82,1379.17,274.77,3,17.41416667,1245,1
12964,132.24,2.153846154,26,United Kingdom,167,1,270,0,0,0,0,0,167,132.24,0.005988024,0,0,2.5,54.74,75,3.415132924,0.791856287,167,1
12967,2908.57,13.8030303,66,United Kingdom,88,3,32,1,29.95,29.95,1,1,114,969.5233333,0.026315789,0.010297156,0,0,1899.72,1008.85,2.75,33.05193182,342,1
12969,122.45,11,5,United Kingdom,333,1,270,0,0,0,0,0,333,122.45,0.003003003,0,0,0,46.2,76.25,6.809815951,0.367717718,333,1
12970,1070.87,3.117117117,222,United Kingdom,52,8,270,0,0,0,0,0,465,133.85875,0.017204301,0,0,18.4,831.92,220.55,1.625,20.59365385,3720,1
12971,6499.79,32.74301676,179,United Kingdom,3,51,84,2,266.4,133.2,2,744,454,127.4468627,0.112334802,0.04098594,0,0,5310.19,1189.6,0.09375,2166.596667,23154,0
12972,1115.95,9.752941176,85,United Kingdom,144,4,364,2,45.25,5.65625,8,1.875,391,278.9875,0.010230179,0.040548412,0,29.7,783,303.25,4.5,7.749652778,1564,1
12973,385.55,5.166666667,6,United Kingdom,144,1,270,0,0,0,0,0,144,385.55,0.006944444,0,0,0,70.05,315.5,2.944785276,2.677430556,144,1
12974,264.15,3.333333333,24,United Kingdom,296,1,270,0,0,0,0,0,296,264.15,0.003378378,0,0,0,117.35,146.8,6.053169734,0.892398649,296,0
12975,1993.99,7.652542373,118,United Kingdom,167,6,160,2,106.1,17.68333333,6,1.333333333,464,332.3316667,0.012931034,0.053209896,0,0,1071.55,922.44,5.21875,11.94005988,2784,1
12976,2417.78,16.08333333,132,United Kingdom,108,7,270,0,0,0,0,0,395,345.3971429,0.017721519,0,0,0,2085.98,331.8,3.375,22.38685185,2765,0
12977,474.64,2.367346939,49,United Kingdom,232,3,270,0,0,0,0,0,241,158.2133333,0.012448133,0,0,8.85,162.39,303.4,4.744376278,2.045862069,723,0
12978,2496.07,8.493902439,164,United Kingdom,115,5,460,1,6.75,6.75,1,1,460,499.214,0.010869565,0.002704251,0,29.27,1598.8,868,3.59375,21.70495652,2300,1
12979,479.54,8.49122807,57,United Arab Emirates,459,1,459,1,38.16,38.16,1,36,459,479.54,0.002178649,0.079576261,0,94.6,345.59,39.35,14.34375,1.044749455,459,1
12980,12421.32,28.30434783,46,United Kingdom,13,17,81,3,123.3,30.825,4,5,468,730.6658824,0.036324786,0.009926481,0,0,2956.17,9465.15,0.265848671,955.4861538,7956,0
12982,2184.92,7.705555556,180,United Kingdom,125,7,118,8,169.35,5.645,30,1.8,336,312.1314286,0.020833333,0.077508559,0,12.6,1815.52,356.8,3.90625,17.47936,2352,0
12983,490.08,21.26666667,30,United Kingdom,328,1,270,0,0,0,0,0,328,490.08,0.00304878,0,0,0,490.08,0,10.25,1.494146341,328,1
12986,1998.34,6.255319149,141,United Kingdom,159,10,133,2,731.5,18.75641026,39,7.230769231,418,199.834,0.023923445,0.366053825,0,0,1513.24,485.1,4.96875,12.5681761,4180,1
12987,753.51,9.631578947,38,United Kingdom,150,3,270,0,0,0,0,0,419,251.17,0.007159905,0,0,0,485.56,267.95,4.6875,5.0234,1257,0
12988,505.82,1.518072289,83,United Kingdom,22,1,270,0,0,0,0,0,22,505.82,0.045454545,0,0,39.15,140.17,326.5,0.449897751,22.99181818,22,1
12989,7904.29,99.19148936,47,United Kingdom,28,21,25,3,637.45,127.49,5,28.8,459,376.3947619,0.045751634,0.08064608,0,0,5928.54,1975.75,0.875,282.2960714,9639,0
12990,643.5,19.41176471,17,United Kingdom,40,5,270,0,0,0,0,0,350,128.7,0.014285714,0,0,0,643.5,0,1.25,16.0875,1750,0
12991,261.06,5.571428571,14,United Kingdom,119,1,270,0,0,0,0,0,119,261.06,0.008403361,0,0,0,133.96,127.1,3.71875,2.193781513,119,0
12992,93.35,3.5,6,United Kingdom,455,1,270,0,0,0,0,0,455,93.35,0.002197802,0,0,0,75.5,17.85,14.21875,0.205164835,455,1
12993,879.4,7.492063492,63,United Kingdom,28,5,153,2,68.37,11.395,6,17.16666667,390,175.88,0.012820513,0.077746191,0,15,808.5,55.9,0.875,31.40714286,1950,0
12996,355.5,5.545454545,22,United Kingdom,106,1,270,0,0,0,0,0,106,355.5,0.009433962,0,0,0,148.5,207,2.167689162,3.353773585,106,1
12997,1154.62,8.638888889,72,United Kingdom,47,5,45,6,34.95,3.883333333,9,1.666666667,343,230.924,0.014577259,0.030269699,0,0,937.32,217.3,1.46875,24.56638298,1715,0
12998,897.38,18.06557377,61,United Kingdom,223,3,326,1,22.7,7.566666667,3,7.333333333,384,299.1266667,0.0078125,0.025295861,0,19.8,810.18,67.4,6.96875,4.024125561,1152,1
13000,631.9,5.244444444,45,United Kingdom,95,2,301,1,67.5,22.5,3,3.333333333,455,315.95,0.004395604,0.106820699,0,0,479,152.9,2.96875,6.651578947,910,0
13001,18280.44,12.22840237,845,United Kingdom,8,25,26,4,36.05,7.21,5,4.2,466,731.2176,0.053648069,0.001972053,0,78.7,16307.6,1894.14,0.25,2285.055,11650,0
13002,414.13,8.739130435,23,United Kingdom,48,3,270,0,0,0,0,0,165,138.0433333,0.018181818,0,0,0,374.43,39.7,1.5,8.627708333,495,1
13004,7122.6,8.809946714,563,United Kingdom,15,23,126,6,464.38,12.55081081,37,8.108108108,455,309.6782609,0.050549451,0.065198102,0,30.54,5703.02,1389.04,0.46875,474.84,10465,0
13005,466.08,9.290322581,31,United Kingdom,162,2,157,1,19.9,19.9,1,2,187,233.04,0.010695187,0.042696533,0,0,322.03,144.05,5.0625,2.877037037,374,0
13007,175.25,5.363636364,11,United Kingdom,310,1,270,0,0,0,0,0,310,175.25,0.003225806,0,0,0,104.2,71.05,9.6875,0.565322581,310,1
13008,543.28,8,39,United Kingdom,53,3,91,4,68.85,17.2125,4,16.75,453,181.0933333,0.006622517,0.126730231,0,0,525.43,17.85,1.65625,10.25056604,1359,1
13009,234,30,4,United Kingdom,403,1,270,0,0,0,0,0,403,234,0.00248139,0,0,0,234,0,12.59375,0.580645161,403,1
13010,330.12,26.91666667,12,United Kingdom,104,2,270,0,0,0,0,0,379,165.06,0.005277045,0,0,0,285.18,44.94,3.25,3.174230769,758,1
13011,50.55,4.333333333,3,United Kingdom,102,1,270,0,0,0,0,0,102,50.55,0.009803922,0,0,0,32.7,17.85,3.1875,0.495588235,102,1
13012,1656.83,10.1954023,87,United Kingdom,25,4,236,1,31.43,10.47666667,3,5.666666667,322,414.2075,0.01242236,0.018969961,0,0,1502.53,154.3,0.78125,66.2732,1288,0
13013,7814.83,12.65373134,335,United Kingdom,102,18,270,0,0,0,0,0,456,434.1572222,0.039473684,0,0,50.4,6172.18,1592.25,3.1875,76.61598039,8208,0
13014,2367.88,9.221374046,131,United Kingdom,11,2,5,2,62.3,12.46,5,2.4,163,1183.94,0.012269939,0.026310455,0,15.3,1690.43,662.15,0.34375,215.2618182,326,0
13015,3119.44,10.08743169,183,United Kingdom,169,6,158,3,120.7,12.07,10,7.2,333,519.9066667,0.018018018,0.038692842,0,0,2094.84,1024.6,5.28125,18.45822485,1998,0
13018,3107.56,8.535135135,185,United Kingdom,18,9,12,2,20.35,6.783333333,3,1.666666667,379,345.2844444,0.023746702,0.006548546,0,0,2278.56,829,0.5625,172.6422222,3411,0
13019,1212.95,6.929824561,57,United Kingdom,109,6,111,2,17,8.5,2,1,463,202.1583333,0.012958963,0.014015417,0,17.7,722.7,472.55,3.40625,11.12798165,2778,1
13020,606.96,6.452380952,42,United Kingdom,293,2,278,3,12,4,3,2.333333333,390,303.48,0.005128205,0.01977066,0,17.7,469.98,119.28,9.15625,2.071535836,780,1
13021,2352.58,8.771428571,140,United Kingdom,89,9,31,6,75.63,10.80428571,7,3.285714286,465,261.3977778,0.019354839,0.032147685,0,0,1878.13,474.45,2.78125,26.43348315,4185,0
13022,50.3,8.5,4,Belgium,160,1,270,0,0,0,0,0,160,50.3,0.00625,0,0,21.8,15,13.5,5.94795539,0.314375,160,1
13023,651.13,8.371428571,35,United Kingdom,259,1,270,0,0,0,0,0,259,651.13,0.003861004,0,0,15.3,285.75,350.08,5.296523517,2.514015444,259,0
13024,535.42,5.117647059,34,United Kingdom,201,2,194,1,20.45,6.816666667,3,2.333333333,312,267.71,0.006410256,0.038194315,0,0,357.15,178.27,6.28125,2.663781095,624,1
13025,323.39,18.53846154,13,United Kingdom,462,1,270,0,0,0,0,0,462,323.39,0.002164502,0,0,0,323.39,0,14.4375,0.699978355,462,1
13026,838.33,20.85416667,48,United Kingdom,6,5,448,1,3.75,3.75,1,1,457,167.666,0.010940919,0.004473179,0,85.2,753.13,0,0.1875,139.7216667,2285,0
13027,11671.2,438.1818182,66,United Kingdom,85,14,251,1,96,96,1,240,419,833.6571429,0.033412888,0.008225375,0,0,11671.2,0,2.65625,137.3082353,5866,0
13029,1062.3,11.25,8,United Kingdom,83,3,270,0,0,0,0,0,253,354.1,0.011857708,0,0,0,81,981.3,1.697341513,12.79879518,759,0
13030,402.36,3.052631579,57,United Kingdom,98,1,270,0,0,0,0,0,98,402.36,0.010204082,0,0,5.9,253.26,143.2,3.0625,4.105714286,98,1
13031,3292.84,5.673218673,407,United Kingdom,137,5,270,0,0,0,0,0,284,658.568,0.017605634,0,0,46.33,2655.86,590.65,4.28125,24.03532847,1420,1
13032,1793.48,6.438848921,139,United Kingdom,123,7,162,1,12.3,4.1,3,1.333333333,190,256.2114286,0.036842105,0.006858175,0,10.9,1268.83,513.75,3.84375,14.58113821,1330,1
13033,220.55,7.538461538,13,United Kingdom,87,2,270,0,0,0,0,0,160,110.275,0.0125,0,0,0,202.7,17.85,2.71875,2.535057471,320,1
13034,279.91,8.5,18,United Kingdom,99,2,270,0,0,0,0,0,131,139.955,0.015267176,0,0,0,226.16,53.75,3.09375,2.827373737,262,1
13035,442.32,18.8,15,United Kingdom,161,1,270,0,0,0,0,0,161,442.32,0.00621118,0,0,0,442.32,0,5.03125,2.747329193,161,0
13036,307.1,6.333333333,6,United Kingdom,415,1,270,0,0,0,0,0,415,307.1,0.002409639,0,0,0,15,292.1,8.486707566,0.74,415,1
13037,2961.48,8.67357513,193,United Kingdom,130,9,205,4,72.4,8.044444444,9,2.777777778,466,329.0533333,0.019313305,0.024447236,0,26.55,2215.59,719.34,4.0625,22.78061538,4194,0
13038,395.1,12.4,15,United Kingdom,21,1,270,0,0,0,0,0,21,395.1,0.047619048,0,0,0,395.1,0,0.65625,18.81428571,21,0
13039,1010.73,5.272727273,55,United Kingdom,314,4,270,0,0,0,0,0,452,252.6825,0.008849558,0,0,0,568.5,442.23,9.8125,3.21888535,1808,1
13041,799.13,9.571428571,35,United Kingdom,181,4,270,0,0,0,0,0,320,199.7825,0.0125,0,0,0,582.15,216.98,5.65625,4.415082873,1280,1
13042,1454.84,4.362162162,185,United Kingdom,328,3,314,1,33.75,33.75,1,5,462,484.9466667,0.006493506,0.023198427,0,61.96,1057.13,335.75,10.25,4.435487805,1386,1
13043,516.42,19.53846154,13,United Kingdom,3,1,270,0,0,0,0,0,3,516.42,0.333333333,0,0,0,328.82,187.6,0.09375,172.14,3,1
13044,4818.35,6.090909091,418,United Kingdom,21,11,376,2,29.7,14.85,2,1,430,438.0318182,0.025581395,0.006163936,0,135.66,2723.78,1958.91,0.65625,229.4452381,4730,1
13045,503.64,6.814814815,27,United Kingdom,132,2,270,0,0,0,0,0,216,251.82,0.009259259,0,0,0,399.95,103.69,4.125,3.815454545,432,1
13046,319.94,11.47619048,21,United Kingdom,186,1,270,0,0,0,0,0,186,319.94,0.005376344,0,0,0,235.44,84.5,5.8125,1.720107527,186,0
13047,5890.100359,8.172161172,273,United Kingdom,39,18,67,11,172.95,8.235714286,21,1.666666667,454,327.2277977,0.039647577,0.029362827,0,0,3795.818432,2094.281928,1.21875,151.0282143,8172,0
13048,2688.28,10.20114943,174,United Kingdom,57,6,166,3,19.05,4.7625,4,1.25,411,448.0466667,0.01459854,0.007086315,0,10.05,2583.34,94.89,1.78125,47.16280702,2466,0
13049,881.24,19.80952381,21,United Kingdom,48,3,123,1,24.1,12.05,2,7,131,293.7466667,0.022900763,0.027347828,0,0,881.24,0,1.5,18.35916667,393,1
13050,7915.31,6.210599721,717,United Kingdom,34,24,31,13,258.4,11.23478261,23,2.043478261,454,329.8045833,0.052863436,0.032645594,0,46.14,5933.87,1935.3,1.0625,232.8032353,10896,0
13051,155.8,18,4,United Kingdom,309,2,270,0,0,0,0,0,350,77.9,0.005714286,0,0,0,75,80.8,6.319018405,0.50420712,700,1
13052,2770.33,5.244541485,229,United Kingdom,150,6,270,0,0,0,0,0,385,461.7216667,0.015584416,0,0,3.37,1931.3,835.66,4.6875,18.46886667,2310,0
13053,127.65,2.764705882,17,United Kingdom,352,1,270,0,0,0,0,0,352,127.65,0.002840909,0,0,0,87.7,39.95,11,0.362642045,352,1
13055,1090.55,11.425,80,United Kingdom,160,1,140,1,16.15,8.075,2,6.5,160,1090.55,0.00625,0.014809041,0,30.6,913.85,146.1,5,6.8159375,160,0
13056,209.48,8.315789474,19,United Kingdom,281,1,270,0,0,0,0,0,281,209.48,0.003558719,0,0,4.25,127.68,77.55,8.78125,0.745480427,281,1
13057,528.24,10.54761905,42,United Kingdom,260,3,361,1,181.35,90.675,2,6.5,362,176.08,0.008287293,0.343309859,0,120.4,564.09,-156.25,8.125,2.031692308,1086,1
13059,2077.82,4.248704663,193,United Kingdom,143,9,214,2,30.55,10.18333333,3,1.666666667,349,230.8688889,0.025787966,0.01470291,0,41.35,1123.88,912.59,4.46875,14.53020979,3141,0
13063,188.4,9.666666667,12,United Kingdom,211,1,270,0,0,0,0,0,211,188.4,0.004739336,0,0,0,176.5,11.9,6.59375,0.892890995,211,1
13064,764.55,6.294117647,34,United Kingdom,57,3,270,0,0,0,0,0,322,254.85,0.00931677,0,0,0,422.45,342.1,1.78125,13.41315789,966,0
13065,1050.1,6.031746032,63,United Kingdom,103,5,118,1,4.95,4.95,1,1,278,210.02,0.017985612,0.004713837,0,0,826.02,224.08,3.21875,10.19514563,1390,1
13067,393.05,5.823529412,17,United Kingdom,140,2,270,0,0,0,0,0,176,196.525,0.011363636,0,0,0,173.65,219.4,2.862985685,2.8075,352,0
13068,165,100,1,United Kingdom,50,1,270,0,0,0,0,0,50,165,0.02,0,0,0,165,0,1.5625,3.3,50,1
13069,5885.74,13.53652058,753,United Kingdom,38,20,273,1,207.36,207.36,1,288,273,294.287,0.073260073,0.035230914,0,47.65,5224.3,613.79,1.1875,154.8878947,5460,0
13070,515.1,9.923076923,26,United Kingdom,190,3,468,1,7.8,3.9,2,2,462,171.7,0.006493506,0.015142691,0,0,515.1,0,5.9375,2.711052632,1386,0
13071,129.22,2.5,12,United Kingdom,342,1,270,0,0,0,0,0,342,129.22,0.002923977,0,0,0,52.82,76.4,6.993865031,0.377836257,342,1
13073,418.08,9.666666667,27,United Kingdom,141,2,270,0,0,0,0,0,168,209.04,0.011904762,0,0,0,331.43,86.65,4.40625,2.965106383,336,1
13074,1362.84,27.46666667,30,United Kingdom,241,4,407,1,15.9,15.9,1,2,454,340.71,0.008810573,0.011666813,0,17.7,1186.84,158.3,7.53125,5.654937759,1816,1
13076,135.4,4.888888889,9,United Kingdom,188,1,270,0,0,0,0,0,188,135.4,0.005319149,0,0,0,87.8,47.6,5.875,0.720212766,188,1
13077,2564.32,7.46875,288,United Kingdom,20,10,144,3,24.5,3.5,7,8.714285714,459,256.432,0.021786492,0.00955419,0,165.45,2050.27,348.6,0.625,128.216,4590,1
13078,18738.27,12.71428571,560,United Kingdom,5,37,24,26,492.61,13.31378378,37,2.567567568,469,506.4397297,0.078891258,0.02628898,0,135,11592.08,7011.19,0.15625,3747.654,17353,0
13079,199.08,8.727272727,11,United Kingdom,147,1,270,0,0,0,0,0,147,199.08,0.006802721,0,0,32.7,142.58,23.8,4.59375,1.354285714,147,0
13080,202.75,5.071428571,14,United Kingdom,131,3,321,1,19.9,19.9,1,2,339,67.58333333,0.008849558,0.098150432,0,0,185.75,17,4.09375,1.547709924,1017,0
13081,35483.7909,15.65766871,1630,United Kingdom,18,22,7,9,594.2,10.61071429,56,4.732142857,461,1612.899586,0.047722343,0.016745674,0,457.67,30641.2209,4384.9,0.5625,1971.321717,10142,0
13082,4324.38,64.14457831,83,United Kingdom,0,14,228,3,48.68,16.22666667,3,14,447,308.8842857,0.031319911,0.011257105,0,0,4284.58,39.8,0,4324.38,6258,0
13083,91.68,30,4,United Kingdom,155,1,270,0,0,0,0,0,155,91.68,0.006451613,0,0,0,91.68,0,4.84375,0.591483871,155,1
13084,116.45,34.25,4,United Kingdom,222,1,218,1,5.95,2.975,2,3.5,222,116.45,0.004504505,0.051094891,0,0,116.45,0,6.9375,0.52454955,222,1
13085,2295.3,12,75,United Kingdom,25,7,270,0,0,0,0,0,469,327.9,0.014925373,0,0,0,1381.1,914.2,0.78125,91.812,3283,0
13086,439.33,3.29787234,47,United Kingdom,113,1,270,0,0,0,0,0,113,439.33,0.008849558,0,0,0,345.88,93.45,3.53125,3.887876106,113,1
13087,313.64,5.733333333,15,United Kingdom,456,1,270,0,0,0,0,0,456,313.64,0.002192982,0,0,0,121.74,191.9,9.325153374,0.687807018,456,1
13088,236.11,3.8,20,United Kingdom,147,1,270,0,0,0,0,0,147,236.11,0.006802721,0,0,0,117.26,118.85,3.006134969,1.606190476,147,1
13089,68779.44881,17.76713661,2057,United Kingdom,6,132,7,29,2763.07,60.06673913,46,17.93478261,467,521.0564304,0.282655246,0.040172901,0,123.3,51465.36,17190.78881,0.1875,11463.24147,61644,0
13090,5677.71,9.928057554,139,United Kingdom,19,14,53,4,284.41,71.1025,4,9,224,405.5507143,0.0625,0.050092379,0,0,1958.56,3719.15,0.388548057,298.8268421,3136,0
13091,-1663.06,-15.83505155,97,United Kingdom,460,1,461,2,2426.04,32.78432432,74,32.54054054,460,-1663.06,0.002173913,2426.04,0,-136.2,-1438.66,-88.2,9.406952965,-3.615347826,460,0
13092,1843.15,3.754901961,102,United Kingdom,7,9,298,2,114.95,12.77222222,9,6.111111111,398,204.7944444,0.022613065,0.062366058,0,66.25,541.85,1235.05,0.143149284,263.3071429,3582,0
13093,53296.05,23.54105839,1096,United Kingdom,6,55,12,31,848.2,14.37627119,59,2.881355932,466,969.0190909,0.118025751,0.015914875,0,-3.75,35882.7,17417.1,0.1875,8882.675,25630,1
13094,804.72,46.71428571,14,United Kingdom,13,6,4,2,6.36,3.18,2,3,119,134.12,0.050420168,0.00790337,0,0,804.72,0,0.40625,61.90153846,714,0
13096,419.7,6,1,United Kingdom,124,1,270,0,0,0,0,0,124,419.7,0.008064516,0,0,0,0,419.7,2.535787321,3.384677419,124,1
13097,8564.79,5.287356322,696,United Kingdom,22,20,23,8,110.55,9.2125,12,2.083333333,468,428.2395,0.042735043,0.012907497,0,322.58,4911.07,3331.14,0.6875,389.3086364,9360,0
13098,1153.55,11.84375,32,United Kingdom,4,3,31,3,89.25,8.925,10,1.6,47,384.5166667,0.063829787,0.077369858,0,0,569.9,583.65,0.081799591,288.3875,141,0
13101,594.21,8.488372093,43,United Kingdom,228,3,270,0,0,0,0,0,411,198.07,0.00729927,0,0,3.75,526.01,64.45,7.125,2.606184211,1233,0
13102,7112.25,12.14333333,300,United Kingdom,5,22,31,4,225.3,28.1625,8,6.5,312,323.2840909,0.070512821,0.031677739,0,117.6,5344.38,1650.27,0.15625,1422.45,6864,0
13103,465.7,13.76,25,United Kingdom,168,2,270,0,0,0,0,0,307,232.85,0.006514658,0,0,35.4,430.3,0,5.25,2.77202381,614,1
13104,712.38,38.72727273,11,United Kingdom,85,4,270,0,0,0,0,0,383,178.095,0.010443864,0,0,0,712.38,0,2.65625,8.380941176,1532,0
13105,72,100,1,United Kingdom,166,1,270,0,0,0,0,0,166,72,0.006024096,0,0,0,72,0,5.1875,0.43373494,166,1
13106,526.96,14.2,15,United Kingdom,143,1,270,0,0,0,0,0,143,526.96,0.006993007,0,0,0,274.16,252.8,4.46875,3.685034965,143,0
13107,4144.84,22.56578947,152,United Kingdom,64,6,59,6,143.45,13.04090909,11,5.545454545,404,690.8066667,0.014851485,0.034609297,0,0,3491.84,653,2,64.763125,2424,0
13108,748.46,21.28571429,35,United Kingdom,103,2,270,0,0,0,0,0,165,374.23,0.012121212,0,0,0,595.46,153,3.21875,7.266601942,330,1
13109,340.74,9.833333333,24,United Kingdom,281,1,279,1,6.75,6.75,1,1,281,340.74,0.003558719,0.019809826,0,0,284.69,56.05,8.78125,1.212597865,281,0
13110,1947.65,3.25,156,United Kingdom,13,7,32,2,61.3,30.65,2,3,468,278.2357143,0.014957265,0.031473827,0,13.4,1022.08,912.17,0.40625,149.8192308,3276,0
13111,321.88,15,12,United Kingdom,449,1,270,0,0,0,0,0,449,321.88,0.002227171,0,0,0,191.08,130.8,14.03125,0.71688196,449,1
13112,-5.44,-0.2,5,United Kingdom,271,1,273,2,26.04,8.68,3,4,271,-5.44,0.003690037,26.04,-7.95,0,2.51,0,8.46875,-0.020073801,271,1
13113,8362.96,7.3,290,United Kingdom,11,19,11,13,459.89,11.79205128,39,1.820512821,351,440.1557895,0.054131054,0.054991295,0,69.8,2914.89,5378.27,0.224948875,760.2690909,6669,0
13114,234.38,4.625,16,United Kingdom,461,1,270,0,0,0,0,0,461,234.38,0.002169197,0,0,17.7,108.25,108.43,9.427402863,0.508416486,461,1
13115,3159.22,11.72636816,201,United Kingdom,109,6,31,6,40.7,5.814285714,7,1.428571429,329,526.5366667,0.018237082,0.012882927,0,0,2807.72,351.5,3.40625,28.98366972,1974,0
13117,1859.58,10.109375,128,United Kingdom,8,14,307,1,1.7,1.7,1,2,353,132.8271429,0.039660057,0.000914185,0,71.5,1478.28,309.8,0.25,232.4475,4942,0
13118,1386.62,5.930232558,86,United Kingdom,19,5,19,2,21.91,7.303333333,3,3.666666667,169,277.324,0.029585799,0.015801013,0,11.9,595.2,779.52,0.388548057,72.98,845,0
13119,134.9,10,11,United Kingdom,399,1,270,0,0,0,0,0,399,134.9,0.002506266,0,0,11.7,108.2,15,12.46875,0.338095238,399,1
13123,506.75,5.955555556,45,United Kingdom,203,2,270,0,0,0,0,0,260,253.375,0.007692308,0,0,0,382.1,124.65,6.34375,2.496305419,520,1
13124,2141.65,12.69672131,122,United Kingdom,89,2,270,0,0,0,0,0,115,1070.825,0.017391304,0,0,37.95,1770.3,333.4,2.78125,24.06348315,230,0
13125,148.62,2.65,20,United Kingdom,254,1,270,0,0,0,0,0,254,148.62,0.003937008,0,0,0,91.23,57.39,7.9375,0.58511811,254,1
13126,2356.59,11.4379085,153,United Kingdom,4,9,63,5,75.83,9.47875,8,3.375,378,261.8433333,0.023809524,0.03217785,0,119.8,1703.44,533.35,0.125,589.1475,3402,0
13128,263.5,31,1,United Kingdom,361,1,270,0,0,0,0,0,361,263.5,0.002770083,0,0,0,0,263.5,7.382413088,0.729916898,361,1
13129,233.25,26.90909091,11,United Kingdom,182,2,270,0,0,0,0,0,260,116.625,0.007692308,0,0,0,207.75,25.5,5.6875,1.281593407,520,1
13131,2240.47,10.24761905,105,United Kingdom,148,4,270,0,0,0,0,0,399,560.1175,0.010025063,0,0,0,1267.77,972.7,4.625,15.13831081,1596,0
13133,200.45,4.583333333,12,United Kingdom,4,3,270,0,0,0,0,0,189,66.81666667,0.015873016,0,0,17.7,127.4,55.35,0.125,50.1125,567,1
13134,681.65,13.26086957,23,United Kingdom,132,2,270,0,0,0,0,0,146,340.825,0.01369863,0,0,0,430.65,251,4.125,5.164015152,292,0
13135,275.45,7.235294118,17,United Kingdom,221,1,270,0,0,0,0,0,221,275.45,0.004524887,0,0,0,193.7,81.75,6.90625,1.24638009,221,0
13136,3554.27,8.424390244,205,United Kingdom,106,8,95,5,112.68,6.628235294,17,3.176470588,461,444.28375,0.017353579,0.031702713,0,0,2946.47,607.8,3.3125,33.53084906,3688,0
13137,4190.28,2.889480692,751,United Kingdom,39,9,270,0,0,0,0,0,232,465.5866667,0.038793103,0,0,28.5,3226.03,935.75,1.21875,107.4430769,2088,0
13138,492.1,6.594594595,37,United Kingdom,102,2,125,1,12.75,12.75,1,1,127,246.05,0.015748031,0.025909368,0,0,393.2,98.9,3.1875,4.824509804,254,0
13139,3138.04,23.04210526,95,United Kingdom,168,1,270,0,0,0,0,0,168,3138.04,0.005952381,0,0,15.3,2739.54,383.2,5.25,18.67880952,168,0
13140,790.71,6.146666667,75,United Kingdom,96,3,270,0,0,0,0,0,221,263.57,0.013574661,0,0,10.1,549.56,231.05,3,8.2365625,663,0
13141,5659.95,11.89263804,326,United Kingdom,45,14,41,4,131.95,21.99166667,6,5.833333333,460,404.2821429,0.030434783,0.023312927,0,21.7,4881.3,756.95,1.40625,125.7766667,6440,0
13143,399.2,8.166666667,24,United Kingdom,315,1,312,1,5.9,5.9,1,2,315,399.2,0.003174603,0.014779559,0,15,350.2,34,9.84375,1.267301587,315,1
13144,135.35,4.833333333,6,United Kingdom,63,2,270,0,0,0,0,0,161,67.675,0.01242236,0,0,0,71.6,63.75,1.96875,2.148412698,322,1
13145,805,30.25,4,United Kingdom,102,4,270,0,0,0,0,0,330,201.25,0.012121212,0,0,0,510,295,3.1875,7.892156863,1320,0
13148,5532.84,4.912457912,594,United Kingdom,43,18,44,7,340.93,10.02735294,34,4.558823529,462,307.38,0.038961039,0.061619349,0,83.68,3818.36,1630.8,1.34375,128.6706977,8316,0
13149,376.74,15.33333333,18,United Kingdom,19,1,270,0,0,0,0,0,19,376.74,0.052631579,0,0,0,254.84,121.9,0.59375,19.82842105,19,0
13150,435.02,18.88888889,9,United Kingdom,214,3,201,1,14.95,14.95,1,1,361,145.0066667,0.008310249,0.034366236,0,0,233.67,201.35,6.6875,2.032803738,1083,1
13151,2393.16,4.833333333,162,United Kingdom,26,3,358,1,61.55,12.31,5,1,358,797.72,0.008379888,0.025719133,0,-3.75,1210.36,1186.55,0.8125,92.04461538,1074,1
13152,2114.98,7.02173913,138,United Kingdom,147,7,253,2,31.4,10.46666667,3,2.666666667,425,302.14,0.016470588,0.014846476,0,60.54,1476.24,578.2,4.59375,14.38761905,2975,1
13154,1609.29,10.13541667,96,United Kingdom,129,3,201,1,15.55,5.183333333,3,1,466,536.43,0.006437768,0.009662646,0,0,1154.15,455.14,4.03125,12.47511628,1398,1
13155,967.92,5.622222222,90,United Kingdom,57,4,270,0,0,0,0,0,222,241.98,0.018018018,0,0,2.95,873.22,91.75,1.78125,16.98105263,888,1
13156,1586.54,8.788461538,104,United Kingdom,115,3,270,0,0,0,0,0,406,528.8466667,0.007389163,0,0,20.28,1304.21,262.05,3.59375,13.796,1218,1
13157,4143.96,20.07428571,175,United Kingdom,28,6,270,0,0,0,0,0,372,690.66,0.016129032,0,0,0,4052.46,91.5,0.875,147.9985714,2232,0
13158,563.53,8.575,40,United Kingdom,49,2,270,0,0,0,0,0,118,281.765,0.016949153,0,0,0,528.88,34.65,1.53125,11.50061224,236,0
13161,472.13,3.181818182,33,United Kingdom,43,2,270,0,0,0,0,0,231,236.065,0.008658009,0,0,0,235.6,236.53,0.879345603,10.97976744,462,1
13162,8181.91,24.36318408,201,United Kingdom,65,13,62,3,158.55,31.71,5,17.4,465,629.3776923,0.027956989,0.019378116,0,216.3,4697.06,3268.55,2.03125,125.8755385,6045,0
13163,0,0,4,United Kingdom,340,1,386,1,17.65,8.825,2,1.5,340,0,0.002941176,17.65,0,0,0,0,12.6394052,0,340,1
13164,308.45,10.45454545,11,United Kingdom,299,2,300,1,63.75,63.75,1,5,398,154.225,0.005025126,0.206678554,0,0,55.15,253.3,6.114519427,1.031605351,796,1
13165,784.32,42.8,20,United Kingdom,81,2,270,0,0,0,0,0,143,392.16,0.013986014,0,0,0,729.72,54.6,2.53125,9.682962963,286,1
13166,873.43,7.536231884,69,United Kingdom,13,2,12,1,2.5,2.5,1,2,144,436.715,0.013888889,0.002862279,0,0,644.63,228.8,0.40625,67.18692308,288,1
13167,333.82,13.875,16,United Kingdom,120,1,270,0,0,0,0,0,120,333.82,0.008333333,0,0,0,306.02,27.8,3.75,2.781833333,120,0
13168,1362.77,5.083916084,143,United Kingdom,22,3,270,0,0,0,0,0,272,454.2566667,0.011029412,0,0,54.55,912.78,395.44,0.6875,61.94409091,816,0
13169,127.2,4.8,5,United Kingdom,292,1,270,0,0,0,0,0,292,127.2,0.003424658,0,0,0,32,95.2,5.971370143,0.435616438,292,0
13171,140.35,2.304347826,23,United Kingdom,29,1,270,0,0,0,0,0,29,140.35,0.034482759,0,0,0,78.95,61.4,0.90625,4.839655172,29,1
13172,69.6,48,1,United Kingdom,130,1,270,0,0,0,0,0,130,69.6,0.007692308,0,0,0,69.6,0,4.0625,0.535384615,130,1
13173,2183.26,6.664974619,197,United Kingdom,97,10,364,2,18.85,9.425,2,1.5,459,218.326,0.021786492,0.008633878,0,127.95,1602.81,452.5,3.03125,22.50783505,4590,1
13174,7263.7,3.899188876,863,United Kingdom,46,10,270,0,0,0,0,0,465,726.37,0.021505376,0,0,420,4311.96,2531.74,1.4375,157.9065217,4650,1
13175,793.1,7.68627451,51,United Kingdom,312,2,284,2,38.35,7.67,5,6.2,466,396.55,0.004291845,0.048354558,0,0,579.05,214.05,9.75,2.541987179,932,1
13177,229.75,6.846153846,13,United Kingdom,161,1,270,0,0,0,0,0,161,229.75,0.00621118,0,0,0,211.9,17.85,5.03125,1.427018634,161,1
13178,9396.42,12.07581967,488,United Kingdom,25,12,230,4,61.3,6.811111111,9,3.222222222,453,783.035,0.026490066,0.006523761,0,93.9,8983.62,318.9,0.78125,375.8568,5436,0
13179,572.31,10.82352941,34,United Kingdom,349,1,270,0,0,0,0,0,349,572.31,0.00286533,0,0,0,572.31,0,10.90625,1.639856734,349,1
13180,86.1,10.5,4,United Kingdom,337,1,270,0,0,0,0,0,337,86.1,0.002967359,0,0,0,55.2,30.9,10.53125,0.255489614,337,1
13181,359.69,9,19,United Kingdom,111,1,270,0,0,0,0,0,111,359.69,0.009009009,0,0,0,284.84,74.85,3.46875,3.24045045,111,1
13183,3678.14,25.20689655,87,United Kingdom,65,7,304,3,25.3,5.06,5,5.2,366,525.4485714,0.019125683,0.006878477,0,26.46,3651.68,0,2.03125,56.58676923,2562,0
13184,212.52,6.7,20,United Kingdom,20,1,270,0,0,0,0,0,20,212.52,0.05,0,0,0,172.07,40.45,0.625,10.626,20,0
13187,309.66,4.745454545,55,United Kingdom,67,4,354,1,18.7,18.7,1,22,354,77.415,0.011299435,0.060388814,0,6.6,187.76,115.3,2.09375,4.621791045,1416,1
13190,518.76,17,18,United Kingdom,274,3,408,1,51.9,51.9,1,2,463,172.92,0.006479482,0.100046264,0,0,404.21,114.55,8.5625,1.893284672,1389,1
13191,159.21,1.947368421,57,United Kingdom,388,1,270,0,0,0,0,0,388,159.21,0.00257732,0,0,34.31,92.4,32.5,12.125,0.410335052,388,1
13192,1632.59,10.02941176,102,United Kingdom,266,4,249,2,14.05,4.683333333,3,3.666666667,417,408.1475,0.009592326,0.008605957,0,0,1341.99,290.6,8.3125,6.137556391,1668,0
13194,412.08,42.85714286,7,United Kingdom,152,1,270,0,0,0,0,0,152,412.08,0.006578947,0,0,0,310.08,102,4.75,2.711052632,152,0
13195,136.73,1.52173913,46,United Kingdom,144,1,270,0,0,0,0,0,144,136.73,0.006944444,0,0,0,108.93,27.8,4.5,0.949513889,144,1
13196,1261.86,9.75,80,United Kingdom,173,3,337,1,9.2,4.6,2,1,347,420.62,0.008645533,0.007290825,0,0,962.86,299,5.40625,7.293988439,1041,0
13197,373.01,10.73684211,19,United Kingdom,340,1,270,0,0,0,0,0,340,373.01,0.002941176,0,0,0,233.15,139.86,10.625,1.097088235,340,1
13198,2701.98,9.629411765,170,United Kingdom,48,4,90,3,55.75,9.291666667,6,1.5,164,675.495,0.024390244,0.020633017,0,40.14,2029.11,632.73,1.5,56.29125,656,0
13199,8066.3,62.92792793,111,United Kingdom,11,37,152,1,14.75,14.75,1,5,465,218.0081081,0.079569892,0.001828596,0,0,7337.75,728.55,0.34375,733.3,17205,0
13201,1233.06,12.04651163,86,United Kingdom,232,4,270,0,0,0,0,0,373,308.265,0.010723861,0,0,0,1126.91,106.15,7.25,5.314913793,1492,1
13202,1571.35,8.157142857,70,United Kingdom,124,7,109,1,8.95,8.95,1,1,461,224.4785714,0.015184382,0.005695739,0,0,676.29,895.06,2.535787321,12.67217742,3227,1
13203,1761.09,14.22123894,113,United Kingdom,117,6,183,1,17.7,17.7,1,6,452,293.515,0.013274336,0.010050594,0,89.1,1424.84,247.15,3.65625,15.05205128,2712,0
13204,966.66,7.50877193,57,United Kingdom,461,1,270,0,0,0,0,0,461,966.66,0.002169197,0,0,12.6,689.11,264.95,14.40625,2.096876356,461,1
13205,2803.2,256,1,United Kingdom,173,1,270,0,0,0,0,0,173,2803.2,0.005780347,0,0,0,0,2803.2,3.537832311,16.20346821,173,1
13206,8308.19,12.51943463,566,United Kingdom,130,13,270,0,0,0,0,0,462,639.0915385,0.028138528,0,0,538.32,6434.33,1335.54,4.0625,63.90915385,6006,1
13207,285.6,9.6,5,United Kingdom,181,2,270,0,0,0,0,0,342,142.8,0.005847953,0,0,0,249.9,35.7,5.65625,1.577900552,684,0
13208,927.1,5.361538462,130,United Kingdom,39,4,270,0,0,0,0,0,466,231.775,0.008583691,0,0,24.45,685.25,217.4,1.21875,23.77179487,1864,0
13209,3034.1,25.54545455,66,United Kingdom,56,7,88,1,14,7,2,1,414,433.4428571,0.016908213,0.004614218,0,0,2014.25,1019.85,1.75,54.18035714,2898,0
13211,1611.6,6.966887417,151,United Kingdom,91,8,463,2,22.45,7.483333333,3,1.666666667,463,201.45,0.017278618,0.013930256,0,12.9,1605.6,-6.9,2.84375,17.70989011,3704,1
13213,2316.19,13.63247863,117,United Kingdom,113,6,108,2,14.75,4.916666667,3,2.333333333,298,386.0316667,0.020134228,0.006368217,0,88.1,1979.99,248.1,3.53125,20.49725664,1788,0
13214,3264.23,12.95196507,229,United Kingdom,148,7,270,0,0,0,0,0,376,466.3185714,0.018617021,0,0,92.9,2916.88,254.45,4.625,22.05560811,2632,1
13215,81.6,96,1,United Kingdom,132,1,270,0,0,0,0,0,132,81.6,0.007575758,0,0,0,81.6,0,4.125,0.618181818,132,1
13217,132.5,250,1,United Kingdom,386,1,270,0,0,0,0,0,386,132.5,0.002590674,0,0,0,132.5,0,12.0625,0.343264249,386,0
13219,76.23,1,11,United Kingdom,348,1,270,0,0,0,0,0,348,76.23,0.002873563,0,0,0,17.85,58.38,7.116564417,0.219051724,348,1
13220,516.8,6.25,32,United Kingdom,306,1,270,0,0,0,0,0,306,516.8,0.003267974,0,0,23.6,378.9,114.3,9.5625,1.688888889,306,0
13221,498.16,4.371428571,35,United Kingdom,89,1,270,0,0,0,0,0,89,498.16,0.011235955,0,0,36.8,189.46,271.9,1.8200409,5.597303371,89,0
13222,88.5,30,1,United Kingdom,307,1,270,0,0,0,0,0,307,88.5,0.003257329,0,0,0,88.5,0,9.59375,0.288273616,307,1
13223,805.92,60,8,United Kingdom,154,4,270,0,0,0,0,0,395,201.48,0.010126582,0,0,0,805.92,0,4.8125,5.233246753,1580,0
13225,13001.11,50.94495413,109,United Kingdom,1,12,270,0,0,0,0,0,453,1083.425833,0.026490066,0,0,134.7,7451.36,5415.05,0.03125,13001.11,5436,0
13226,312.46,6.392857143,28,United Kingdom,3,2,270,0,0,0,0,0,123,156.23,0.016260163,0,0,0,271.26,41.2,0.09375,104.1533333,246,1
13230,4139.93,2.658392435,846,United Kingdom,12,21,270,0,0,0,0,0,361,197.1395238,0.058171745,0,0,40.48,2796.6,1302.85,0.375,344.9941667,7581,0
13233,875.58,20.08,50,United Kingdom,66,3,270,0,0,0,0,0,424,291.86,0.007075472,0,0,71.7,606.78,197.1,2.0625,13.26636364,1272,1
13234,346.5,2.606557377,61,United Kingdom,403,2,270,0,0,0,0,0,463,173.25,0.004319654,0,0,35.3,208.55,102.65,12.59375,0.859801489,926,1
13237,643,5.333333333,24,United Kingdom,118,1,270,0,0,0,0,0,118,643,0.008474576,0,0,30,143.45,469.55,2.413087935,5.449152542,118,1
13238,397.05,8.428571429,21,United Kingdom,90,3,270,0,0,0,0,0,320,132.35,0.009375,0,0,0,331.5,65.55,2.8125,4.411666667,960,0
13239,1250.28,11.24657534,73,United Kingdom,167,4,229,1,14.85,14.85,1,3,232,312.57,0.017241379,0.011877339,0,15.3,755.73,479.25,5.21875,7.486706587,928,0
13240,953.41,3.406451613,155,United Kingdom,96,5,382,1,77.35,77.35,1,13,382,190.682,0.013089005,0.081129839,0,19.9,788.31,145.2,3,9.931354167,1910,0
13241,112.53,1.15,40,United Kingdom,142,1,270,0,0,0,0,0,142,112.53,0.007042254,0,0,1.25,76.48,34.8,4.4375,0.792464789,142,1
13242,429,10,22,United Kingdom,181,4,270,0,0,0,0,0,398,107.25,0.010050251,0,0,0,429,0,5.65625,2.370165746,1592,0
13243,635.26,2.175675676,148,United Kingdom,179,4,270,0,0,0,0,0,361,158.815,0.011080332,0,0,28.3,344.01,262.95,5.59375,3.548938547,1444,0
13245,558.72,8.482758621,29,United Kingdom,162,1,270,0,0,0,0,0,162,558.72,0.00617284,0,0,0,507.02,51.7,5.0625,3.448888889,162,1
13246,2408.84,7.212624585,301,United Kingdom,23,8,123,2,44.55,11.1375,4,5.25,255,301.105,0.031372549,0.018494379,0,12.65,2306.31,89.88,0.71875,104.7321739,2040,0
13249,897.52,58.33333333,12,United Kingdom,131,6,270,0,0,0,0,0,415,149.5866667,0.014457831,0,0,0,897.52,0,4.09375,6.85129771,2490,0
13250,245.59,5.25,20,United Kingdom,191,2,183,1,7.5,7.5,1,2,232,122.795,0.00862069,0.030538703,0,0,110.59,135,3.90593047,1.285811518,464,1
13251,252.68,8.6,25,United Kingdom,132,1,270,0,0,0,0,0,132,252.68,0.007575758,0,0,5.1,243.33,4.25,4.125,1.914242424,132,1
13252,341.3,5.818181818,22,United Kingdom,124,2,354,1,58,19.33333333,3,2,356,170.65,0.005617978,0.169938471,0,0,196.15,145.15,3.875,2.752419355,712,1
13253,2397.19,37.58181818,55,United Kingdom,69,3,270,0,0,0,0,0,434,799.0633333,0.006912442,0,0,113.75,1371.74,911.7,2.15625,34.74188406,1302,0
13254,51.41,10.75,4,United Kingdom,106,1,270,0,0,0,0,0,106,51.41,0.009433962,0,0,0,51.41,0,3.3125,0.485,106,1
13255,504.95,17.89473684,19,United Kingdom,104,2,270,0,0,0,0,0,242,252.475,0.008264463,0,0,0,378.6,126.35,3.25,4.855288462,484,1
13257,117.95,3.222222222,9,United Kingdom,166,1,158,2,31.8,15.9,2,2,166,117.95,0.006024096,0.269605765,0,0,67.1,50.85,5.1875,0.710542169,166,1
13258,336.6,20.5,8,United Kingdom,110,2,270,0,0,0,0,0,131,168.3,0.015267176,0,0,0,336.6,0,3.4375,3.06,262,0
13259,1115.61,1.627705628,231,United Kingdom,128,8,270,0,0,0,0,0,429,139.45125,0.018648019,0,0,21.8,634.92,458.89,4,8.715703125,3432,1
13261,845.1,23.75,8,United Kingdom,16,1,270,0,0,0,0,0,16,845.1,0.0625,0,0,0,270.6,574.5,0.327198364,52.81875,16,0
13262,373.16,3.128205128,39,United Kingdom,120,2,270,0,0,0,0,0,331,186.58,0.006042296,0,0,15,241.01,117.15,3.75,3.109666667,662,0
13263,2113.95,2.408119658,468,United Kingdom,0,7,270,0,0,0,0,0,143,301.9928571,0.048951049,0,0,10.9,1645.9,457.15,0,2113.95,1001,0
13264,722.56,9.868421053,38,United Kingdom,173,1,270,0,0,0,0,0,173,722.56,0.005780347,0,0,0,556.76,165.8,5.40625,4.176647399,173,1
13265,307.44,12.46153846,13,United Kingdom,4,1,270,0,0,0,0,0,4,307.44,0.25,0,0,0,222.34,85.1,0.125,76.86,4,0
13266,2202.63,18.52380952,126,United Kingdom,144,7,89,5,98.15,16.35833333,6,12.5,453,314.6614286,0.015452539,0.044560366,0,67.8,2019.93,114.9,4.5,15.29604167,3171,0
13267,5965.54,9.091911765,272,United Kingdom,6,23,85,9,179.3,11.95333333,15,2.6,462,259.3713043,0.04978355,0.030055955,0,17.7,4347.64,1600.2,0.1875,994.2566667,10626,0
13269,3856.21,16.48241206,199,United Kingdom,91,15,270,0,0,0,0,0,468,257.0806667,0.032051282,0,0,71.8,3296.71,487.7,2.84375,42.37593407,7020,0
13270,590,200,1,United Kingdom,96,1,270,0,0,0,0,0,96,590,0.010416667,0,0,0,590,0,3,6.145833333,96,1
13274,360.85,10.47368421,19,United Kingdom,139,1,270,0,0,0,0,0,139,360.85,0.007194245,0,0,0,186.75,174.1,4.34375,2.596043165,139,1
13275,238.86,2.875,48,United Kingdom,114,2,270,0,0,0,0,0,362,119.43,0.005524862,0,0,3.75,188.46,46.65,3.5625,2.095263158,724,1
13276,1280.28,3.208530806,211,United Kingdom,127,3,127,2,20.7,10.35,2,1,372,426.76,0.008064516,0.016168338,0,21.1,906.43,352.75,3.96875,10.08094488,1116,1
13277,264.9,13.73333333,15,United Kingdom,110,3,270,0,0,0,0,0,270,88.3,0.011111111,0,0,0,264.9,0,3.4375,2.408181818,810,0
13278,882.62,13.04918033,61,United Kingdom,130,3,270,0,0,0,0,0,341,294.2066667,0.008797654,0,0,27.75,854.87,0,4.0625,6.789384615,1023,1
13280,2152.33,7.120603015,199,United Kingdom,46,6,364,1,25.5,25.5,1,2,375,358.7216667,0.016,0.011847626,0,12.75,1683.83,455.75,1.4375,46.78978261,2250,0
13281,306.45,6.730769231,26,United Kingdom,169,1,167,2,44.4,11.1,4,6.5,169,306.45,0.00591716,0.144884973,0,0,294.55,11.9,5.28125,1.813313609,169,1
13282,181.05,7.357142857,14,United Kingdom,136,1,270,0,0,0,0,0,136,181.05,0.007352941,0,0,0,133.55,47.5,4.25,1.33125,136,0
13283,279.7,8.769230769,13,United Kingdom,297,2,270,0,0,0,0,0,370,139.85,0.005405405,0,0,0,187,92.7,9.28125,0.941750842,740,0
13284,196.15,5.642857143,14,United Kingdom,61,1,53,1,5.04,5.04,1,12,61,196.15,0.016393443,0.025694621,0,11.7,132,52.45,1.90625,3.21557377,61,1
13285,1322.36,10.41666667,96,United Kingdom,20,3,270,0,0,0,0,0,354,440.7866667,0.008474576,0,0,0,1121.66,200.7,0.625,66.118,1062,0
13286,734.91,5.591836735,49,United Kingdom,330,1,270,0,0,0,0,0,330,734.91,0.003030303,0,0,0,434.05,300.86,10.3125,2.227,330,1
13287,519.67,3.202702703,74,United Kingdom,333,3,313,4,261.92,12.47238095,21,9.142857143,435,173.2233333,0.006896552,0.504012162,0,40.5,346.72,132.45,10.40625,1.560570571,1305,1
13288,892.16,31.33333333,12,United Kingdom,173,5,229,1,35.45,17.725,2,1.5,396,178.432,0.012626263,0.039735025,0,0,122.72,769.44,3.537832311,5.15699422,1980,1
13289,307.95,7.4375,16,United Kingdom,454,1,270,0,0,0,0,0,454,307.95,0.002202643,0,0,15,148.5,144.45,14.1875,0.678303965,454,1
13291,2909.68,4.952898551,276,United Kingdom,144,10,270,0,0,0,0,0,396,290.968,0.025252525,0,0,7.5,2215.28,686.9,4.5,20.20611111,3960,0
13292,658.42,6.976744186,43,United Kingdom,14,4,140,1,6.72,6.72,1,16,256,164.605,0.015625,0.010206251,0,0,399.27,259.15,0.4375,47.03,1024,1
13293,1180.34,7.520547945,73,United Kingdom,122,6,469,1,12.6,12.6,1,6,399,196.7233333,0.015037594,0.01067489,0,0,836.69,343.65,3.8125,9.674918033,2394,1
13294,815.79,11.3125,48,United Kingdom,376,1,270,0,0,0,0,0,376,815.79,0.002659574,0,0,0,682.74,133.05,11.75,2.169654255,376,0
13295,1061.27,9.32,75,United Kingdom,90,4,102,5,40.7,5.0875,8,4.25,307,265.3175,0.013029316,0.038350278,0,0,985.87,75.4,2.8125,11.79188889,1228,1
13296,705.11,11.97916667,48,United Kingdom,154,5,270,0,0,0,0,0,307,141.022,0.016286645,0,0,17.7,599.46,87.95,4.8125,4.578636364,1535,0
13297,2262.82,26.61538462,65,United Kingdom,115,3,270,1,15.95,15.95,1,1,273,754.2733333,0.010989011,0.007048727,0,0,2031.19,231.63,3.59375,19.67669565,819,1
13299,1030.8,6.196721311,61,United Kingdom,154,2,144,2,45.4,11.35,4,2,259,515.4,0.007722008,0.044043461,0,0,614.32,416.48,4.8125,6.693506494,518,0
13300,901.92,6.833333333,36,United Kingdom,118,2,279,1,11.7,11.7,1,6,304,450.96,0.006578947,0.012972326,0,40.2,386.49,475.23,2.413087935,7.643389831,608,0
13301,173.91,4.75,20,United Kingdom,22,1,270,0,0,0,0,0,22,173.91,0.045454545,0,0,7.65,122.31,43.95,0.6875,7.905,22,0
13302,95.45,3.5,2,United Kingdom,257,1,270,0,0,0,0,0,257,95.45,0.003891051,0,0,0,0,95.45,5.255623722,0.371400778,257,0
13303,61.72,6.5,4,United Kingdom,130,1,270,0,0,0,0,0,130,61.72,0.007692308,0,0,0,51.77,9.95,4.0625,0.474769231,130,1
13304,1120.79,7.908045977,87,United Kingdom,81,4,179,3,97.2,10.8,9,3.111111111,400,280.1975,0.01,0.086724543,0,29.5,904.03,187.26,2.53125,13.83691358,1600,1
13305,2061.05,10.05925926,135,United Kingdom,3,9,270,0,0,0,0,0,369,229.0055556,0.024390244,0,0,60.85,1355.8,644.4,0.09375,687.0166667,3321,0
13306,53.65,18.5,4,United Kingdom,160,1,270,0,0,0,0,0,160,53.65,0.00625,0,0,23.4,30.25,0,5,0.3353125,160,1
13307,258.34,9.714285714,14,United Kingdom,217,2,270,0,0,0,0,0,322,129.17,0.00621118,0,0,0,183.84,74.5,6.78125,1.190506912,644,0
13308,284.86,13.52941176,17,United Kingdom,327,1,270,0,0,0,0,0,327,284.86,0.003058104,0,0,0,218.42,66.44,10.21875,0.871131498,327,0
13309,640.29,14.68421053,57,United Kingdom,39,2,270,0,0,0,0,0,123,320.145,0.016260163,0,0,0,640.29,0,1.21875,16.41769231,246,0
13310,798.1,8.846153846,52,United Kingdom,54,3,49,1,21.25,10.625,2,1.5,132,266.0333333,0.022727273,0.026625736,0,0,700.95,97.15,1.6875,14.77962963,396,0
13312,124.75,8.2,5,United Kingdom,181,1,270,0,0,0,0,0,181,124.75,0.005524862,0,0,0,37.8,86.95,3.701431493,0.689226519,181,1
13313,2175.25,12.45384615,130,United Kingdom,70,8,216,3,22.05,5.5125,4,2.25,467,271.90625,0.017130621,0.010136766,0,97.88,1906.02,171.35,2.1875,31.075,3736,0
13315,310.26,10.54545455,22,United Kingdom,419,1,270,0,0,0,0,0,419,310.26,0.002386635,0,0,12.6,297.66,0,13.09375,0.740477327,419,1
13316,7085.49,163.3522727,88,United Kingdom,123,6,143,1,122.4,122.4,1,48,370,1180.915,0.016216216,0.01727474,0,0,6590.44,495.05,3.84375,57.60560976,2220,0
13317,4166.51,8.266409266,259,United Kingdom,89,15,109,9,283.95,10.92115385,26,2.5,457,277.7673333,0.032822757,0.068150562,0,20.6,3196.18,949.73,2.78125,46.8147191,6855,0
13319,13451.35,8.995176849,622,United Kingdom,1,41,31,13,221.4,10.06363636,22,2.045454545,463,328.0817073,0.088552916,0.016459314,0,17.4,10282.79,3151.16,0.03125,13451.35,18983,0
13320,669.25,9.244444444,45,United Kingdom,164,2,158,1,10.15,10.15,1,7,209,334.625,0.009569378,0.015166231,0,0,669.25,0,5.125,4.080792683,418,0
13324,4459.17,53.19444444,72,United Kingdom,43,10,174,3,42.95,8.59,5,2.6,294,445.917,0.034013605,0.009631837,0,0,2755.67,1703.5,1.34375,103.7016279,2940,0
13326,281.76,10.76923077,13,United Kingdom,162,1,270,0,0,0,0,0,162,281.76,0.00617284,0,0,0,256.26,25.5,5.0625,1.739259259,162,1
13327,6244.75,12.28630705,241,United Kingdom,26,14,301,1,128.25,42.75,3,6.333333333,451,446.0535714,0.031042129,0.020537251,0,63,5530.1,651.65,0.8125,240.1826923,6314,0
13328,1308.48,40,17,United Kingdom,46,1,270,0,0,0,0,0,46,1308.48,0.02173913,0,0,0,1308.48,0,1.4375,28.44521739,46,1
13329,4188.02,25.89565217,115,United Kingdom,97,7,84,6,135.95,19.42142857,7,6.428571429,465,598.2885714,0.015053763,0.032461641,0,0,3276.17,911.85,3.03125,43.17546392,3255,1
13330,1990.99,18.15584416,77,United Kingdom,46,4,270,0,0,0,0,0,385,497.7475,0.01038961,0,0,0,1624.84,366.15,1.4375,43.2823913,1540,0
13331,262.4,4.5,12,United Kingdom,132,1,270,0,0,0,0,0,132,262.4,0.007575758,0,0,0,116.7,145.7,2.699386503,1.987878788,132,1
13333,1015.74,12.45454545,55,United Kingdom,141,3,270,0,0,0,0,0,389,338.58,0.007712082,0,0,0,911.44,104.3,4.40625,7.203829787,1167,1
13334,4329.92,6.672566372,339,United Kingdom,36,3,383,1,6.75,6.75,1,1,383,1443.306667,0.007832898,0.00155892,0,85.4,3495.25,749.27,1.125,120.2755556,1149,0
13337,1550.06,10.74157303,89,United Kingdom,276,1,249,1,25.2,12.6,2,12,276,1550.06,0.003623188,0.016257435,0,0,1164.86,385.2,8.625,5.61615942,276,1
13338,1791.8,7.325,120,United Kingdom,272,3,264,3,116.8,9.733333333,12,1.25,434,597.2666667,0.006912442,0.065185847,0,120.4,936.7,734.7,8.5,6.5875,1302,0
13340,15042.11,41.4469697,132,United Kingdom,7,6,270,0,0,0,0,0,385,2507.018333,0.015584416,0,0,0,7792.95,7249.16,0.21875,2148.872857,2310,0
13344,1656.15,8.808823529,68,United Kingdom,8,1,270,0,0,0,0,0,8,1656.15,0.125,0,0,172.8,777.15,706.2,0.25,207.01875,8,1
13345,327.6,6.571428571,21,United Kingdom,18,1,7,1,11.9,5.95,2,1,18,327.6,0.055555556,0.036324786,0,0,268.05,59.55,0.5625,18.2,18,1
13346,299.4,30,6,United Kingdom,193,6,270,0,0,0,0,0,327,49.9,0.018348624,0,0,0,299.4,0,6.03125,1.551295337,1962,1
13357,3185.61,5.809210526,304,United Kingdom,224,4,270,0,0,0,0,0,357,796.4025,0.011204482,0,0,55.71,2115.25,1014.65,7,14.22147321,1428,0
13359,520.7,5.944444444,36,United Kingdom,133,1,123,1,33.05,8.2625,4,1.25,133,520.7,0.007518797,0.063472249,0,0,456,64.7,4.15625,3.915037594,133,1
13360,1464.1,13.12676056,71,United Kingdom,162,4,158,2,39.55,6.591666667,6,1.5,431,366.025,0.009280742,0.027013182,0,25.2,1089.35,349.55,5.0625,9.037654321,1724,1
13361,1450.5,9.529411765,34,United Kingdom,202,2,270,0,0,0,0,0,348,725.25,0.005747126,0,0,42.6,227.45,1180.45,4.130879346,7.180693069,696,1
13362,3084.78,7.625668449,187,United Kingdom,18,4,131,2,31.25,10.41666667,3,3,155,771.195,0.025806452,0.010130382,0,129.3,2369.58,585.9,0.5625,171.3766667,620,0
13363,731.36,10.38095238,42,United Kingdom,140,1,270,0,0,0,0,0,140,731.36,0.007142857,0,0,0,667.06,64.3,4.375,5.224,140,1
13367,460.2,13.26315789,19,United Kingdom,162,1,270,0,0,0,0,0,162,460.2,0.00617284,0,0,0,396.7,63.5,5.0625,2.840740741,162,1
13368,448.1,11.58333333,24,United Kingdom,68,3,147,1,35.4,35.4,1,12,154,149.3666667,0.019480519,0.079000223,0,0,418.14,29.96,2.125,6.589705882,462,0
13369,213.75,7,18,United Kingdom,96,1,84,1,44.53,8.906,5,4.4,96,213.75,0.010416667,0.208327485,0,45,148.85,19.9,3,2.2265625,96,1
13370,721.32,7.636363636,44,United Kingdom,102,1,96,1,33.55,6.71,5,1.4,102,721.32,0.009803922,0.04651195,0,0,532.72,188.6,3.1875,7.071764706,102,1
13371,2271.46,10.69473684,95,United Kingdom,235,2,229,2,26.2,8.733333333,3,1,362,1135.73,0.005524862,0.011534432,0,0,1341.05,930.41,7.34375,9.665787234,724,1
13373,5262.64,12.28,250,United Kingdom,6,4,270,0,0,0,0,0,464,1315.66,0.00862069,0,0,50.4,4021.09,1191.15,0.1875,877.1066667,1856,0
13374,372.8,8.375,16,United Kingdom,145,2,270,0,0,0,0,0,180,186.4,0.011111111,0,0,0,261.6,111.2,4.53125,2.571034483,360,1
13375,1013.58,20.05882353,34,United Kingdom,175,1,270,0,0,0,0,0,175,1013.58,0.005714286,0,0,0,876.53,137.05,5.46875,5.791885714,175,1
13377,1445.43,9.525641026,78,United Kingdom,127,2,370,1,7.45,3.725,2,1.5,376,722.715,0.005319149,0.005154176,0,12.6,881.88,550.95,3.96875,11.38133858,752,1
13380,62.4,16,3,United Kingdom,163,1,270,0,0,0,0,0,163,62.4,0.006134969,0,0,0,62.4,0,5.09375,0.382822086,163,1
13381,4974.32,15.79245283,212,United Kingdom,29,7,284,2,26.85,6.7125,4,3.75,468,710.6171429,0.014957265,0.005397723,0,-3.65,3438.46,1539.51,0.90625,171.5282759,3276,0
13382,1387.58,10.03488372,86,United Kingdom,11,5,270,0,0,0,0,0,462,277.516,0.010822511,0,0,17.7,1211.98,157.9,0.34375,126.1436364,2310,1
13383,305.28,288,1,United Kingdom,274,1,270,0,0,0,0,0,274,305.28,0.003649635,0,0,0,305.28,0,8.5625,1.114160584,274,1
13384,2512.81,14.78448276,116,United Kingdom,120,4,179,2,16.09,4.0225,4,1.25,231,628.2025,0.017316017,0.00640319,0,0,1963,549.81,3.75,20.94008333,924,0
13385,534.57,8.028571429,35,United Kingdom,60,1,270,0,0,0,0,0,60,534.57,0.016666667,0,0,23.4,296.27,214.9,1.875,8.9095,60,1
13386,835.46,16.58064516,31,United Kingdom,144,2,270,0,0,0,0,0,167,417.73,0.011976048,0,0,0,771.86,63.6,4.5,5.801805556,334,1
13387,181.84,1.671428571,70,United Kingdom,147,1,270,0,0,0,0,0,147,181.84,0.006802721,0,0,8.4,145.84,27.6,4.59375,1.237006803,147,1
13388,508.55,12.32352941,34,United Kingdom,334,1,270,0,0,0,0,0,334,508.55,0.002994012,0,0,0,373.07,135.48,10.4375,1.52260479,334,0
13392,91.14,10.25,8,United Kingdom,407,1,270,0,0,0,0,0,407,91.14,0.002457002,0,0,0,76.14,15,12.71875,0.223931204,407,1
13393,1105.85,9.01369863,73,United Kingdom,314,4,315,2,25.6,6.4,4,1,462,276.4625,0.008658009,0.023149613,0,21.55,434.86,649.44,6.421267894,3.521815287,1848,1
13394,4324.84,11.46909091,275,United Kingdom,40,12,123,3,90.6,18.12,5,4,469,360.4033333,0.025586354,0.020948752,0,53.4,3762.84,508.6,1.25,108.121,5628,0
13395,872.51,22.06666667,60,United Kingdom,130,2,270,0,0,0,0,0,151,436.255,0.013245033,0,0,12.6,794.48,65.43,4.0625,6.711615385,302,0
13396,370.92,8.5,16,United Kingdom,49,1,43,1,16.35,16.35,1,3,49,370.92,0.020408163,0.044079586,0,0,291.42,79.5,1.53125,7.569795918,49,1
13397,2165.66,16.02941176,68,United Kingdom,25,7,340,2,83.85,41.925,2,3.5,419,309.38,0.016706444,0.038717989,0,12.6,1499.21,653.85,0.78125,86.6264,2933,0
13398,213,4.615384615,13,United Kingdom,179,1,270,0,0,0,0,0,179,213,0.005586592,0,0,0,113.6,99.4,5.59375,1.189944134,179,0
13399,275.4,8,15,United Kingdom,194,3,270,0,0,0,0,0,249,91.8,0.012048193,0,0,0,249.9,25.5,6.0625,1.419587629,747,1
13400,300.93,11.75,24,United Kingdom,313,1,304,1,9.9,9.9,1,2,313,300.93,0.003194888,0.032898016,0,0,295.98,4.95,9.78125,0.9614377,313,1
13402,913.9,11.01754386,57,United Kingdom,102,3,270,0,0,0,0,0,295,304.6333333,0.010169492,0,0,0,731.6,182.3,3.1875,8.959803922,885,0
13403,154.5,11.66666667,6,United Kingdom,118,2,270,0,0,0,0,0,453,77.25,0.004415011,0,0,0,129,25.5,3.6875,1.309322034,906,1
13405,784.16,28.8,25,United Kingdom,48,4,204,3,17.25,5.75,3,2.333333333,454,196.04,0.008810573,0.021998062,0,0,386.16,398,0.981595092,16.33666667,1816,0
13406,557.22,28.6,10,United Kingdom,157,2,357,1,11.7,11.7,1,6,362,278.61,0.005524862,0.020997093,0,0,557.22,0,4.90625,3.549171975,724,1
13407,2111.89,17.64130435,92,United Kingdom,309,3,309,3,132.81,18.97285714,7,9.571428571,392,703.9633333,0.007653061,0.062886798,0,0,1814.43,297.46,9.65625,6.834595469,1176,1
13408,27744.42,34.7826087,460,United Kingdom,8,54,24,12,272.41,20.95461538,13,5.153846154,466,513.7855556,0.115879828,0.009818551,0,25.2,24264.02,3455.2,0.25,3468.0525,25164,0
13410,1427.99,26.78125,32,United Kingdom,21,5,12,2,21.15,10.575,2,4.5,461,285.598,0.010845987,0.014811028,0,0,1392.19,35.8,0.65625,67.99952381,2305,0
13412,487.35,5.176470588,34,United Kingdom,350,1,270,0,0,0,0,0,350,487.35,0.002857143,0,0,0,316.3,171.05,10.9375,1.392428571,350,1
13413,353.12,8.704545455,44,United Kingdom,370,6,370,1,76.32,76.32,1,72,417,58.85333333,0.014388489,0.216130494,0,5.45,325.02,22.65,11.5625,0.954378378,2502,1
13414,1481.74,50.76470588,34,United Kingdom,27,4,461,1,11.9,5.95,2,1,333,370.435,0.012012012,0.008031099,0,9.9,1465.89,5.95,0.84375,54.87925926,1332,0
13415,665.42,3.575221239,113,United Kingdom,203,4,360,1,118.75,9.895833333,12,7.666666667,458,166.355,0.008733624,0.178458718,0,102.09,458.43,104.9,6.34375,3.277931034,1832,1
13416,228.3,9.428571429,7,United Kingdom,466,1,270,0,0,0,0,0,466,228.3,0.002145923,0,0,0,228.3,0,14.5625,0.489914163,466,1
13417,953.06,6.407407407,54,United Kingdom,278,4,304,1,75.6,15.12,5,4.8,400,238.265,0.01,0.079323442,0,30,639.5,283.56,8.6875,3.428273381,1600,0
13418,6976.4,14.24647887,284,United Kingdom,89,18,291,1,35.45,17.725,2,2,458,387.5777778,0.03930131,0.005081417,0,30.6,5718.2,1227.6,2.78125,78.38651685,8244,0
13421,3025.28,7.379912664,229,United Kingdom,20,7,20,3,14.3,4.766666667,3,1,393,432.1828571,0.017811705,0.004726835,0,7.15,2439.63,578.5,0.625,151.264,2751,1
13423,217.03,11.75,12,United Kingdom,159,1,270,0,0,0,0,0,159,217.03,0.006289308,0,0,0,207.08,9.95,4.96875,1.364968553,159,1
13424,557.92,12.82926829,41,United Kingdom,180,1,174,1,14.85,14.85,1,3,180,557.92,0.005555556,0.026616719,0,0,540.92,17,5.625,3.099555556,180,1
13425,2140.09,11.71317829,129,United Kingdom,25,3,242,3,27.7,9.233333333,3,2,309,713.3633333,0.009708738,0.012943381,0,0,1865.94,274.15,0.78125,85.6036,927,0
13426,5165.49,14.24770642,218,United Kingdom,67,14,270,0,0,0,0,0,460,368.9635714,0.030434783,0,0,0,3991.59,1173.9,2.09375,77.09686567,6440,0
13427,423.93,14.56521739,23,United Kingdom,208,3,270,0,0,0,0,0,452,141.31,0.006637168,0,0,0,413.98,9.95,6.5,2.038125,1356,0
13428,276.76,3.059701493,67,United Kingdom,244,2,270,0,0,0,0,0,244,138.38,0.008196721,0,0,0,265.02,11.74,7.625,1.134262295,488,1
13431,2020.14,10.64285714,84,United Kingdom,136,6,377,1,27,27,1,4,390,336.69,0.015384615,0.01336541,0,12.6,1444.94,562.6,4.25,14.85397059,2340,1
13432,436.55,1.945454545,110,United Kingdom,301,2,270,0,0,0,0,0,342,218.275,0.005847953,0,0,19.7,338.35,78.5,9.40625,1.450332226,684,1
13433,656.87,7.56,25,United Kingdom,231,4,167,1,1.45,1.45,1,1,427,164.2175,0.009367681,0.002207438,0,0,267.3,389.57,4.72392638,2.843593074,1708,1
13434,1132.62,22.56,25,United Kingdom,115,3,270,0,0,0,0,0,386,377.54,0.007772021,0,0,0,1132.62,0,3.59375,9.848869565,1158,1
13435,637.44,13.02083333,48,United Kingdom,106,2,270,0,0,0,0,0,230,318.72,0.008695652,0,0,7.5,452.49,177.45,3.3125,6.013584906,460,0
13438,46.5,10,1,United Kingdom,277,1,270,0,0,0,0,0,277,46.5,0.003610108,0,0,0,46.5,0,8.65625,0.167870036,277,1
13439,702.9,6.283185841,113,United Kingdom,118,2,270,0,0,0,0,0,256,351.45,0.0078125,0,0,20.6,580.36,101.94,3.6875,5.956779661,512,0
13440,1213.95,7.871428571,70,United Kingdom,153,7,153,3,81.3,7.390909091,11,2,182,173.4214286,0.038461538,0.066971457,0,0,886.45,327.5,4.78125,7.934313725,1274,1
13441,424.26,12.64,25,United Kingdom,162,1,270,0,0,0,0,0,162,424.26,0.00617284,0,0,0,353.06,71.2,5.0625,2.618888889,162,1
13442,419.87,3.026315789,38,United Kingdom,397,3,270,0,0,0,0,0,468,139.9566667,0.006410256,0,0,3.45,162.45,253.97,8.118609407,1.057607053,1404,1
13443,1236.92,3.974874372,199,United Kingdom,179,6,336,1,32.45,32.45,1,11,407,206.1533333,0.014742015,0.026234518,0,42.42,808.95,385.55,5.59375,6.910167598,2442,1
13444,619.08,5.807017544,57,United Kingdom,104,2,270,0,0,0,0,0,236,309.54,0.008474576,0,0,12.6,502.73,103.75,3.25,5.952692308,472,1
13445,241.9,28.28571429,7,United Kingdom,356,1,270,0,0,0,0,0,356,241.9,0.002808989,0,0,0,241.9,0,11.125,0.679494382,356,1
13446,3613.27,10.97652582,213,United Kingdom,160,11,150,7,268.62,12.79142857,21,3.095238095,394,328.4790909,0.027918782,0.074342631,0,19.5,3225.27,368.5,5,22.5829375,4334,1
13448,5640.07,7.652406417,374,United Kingdom,94,9,91,2,41,20.5,2,8,464,626.6744444,0.019396552,0.007269413,0,136.23,4234.33,1269.51,2.9375,60.00074468,4176,0
13450,2073.82,30.31168831,77,United Kingdom,104,7,301,1,2.5,2.5,1,2,333,296.26,0.021021021,0.001205505,0,74.3,1999.52,0,3.25,19.94057692,2331,0
13451,4538.6,5.274015748,635,United Kingdom,64,7,358,1,11.25,11.25,1,3,358,648.3714286,0.019553073,0.002478738,0,43.29,3888.01,607.3,2,70.915625,2506,0
13452,434.8,2.5,2,United Kingdom,1,2,270,0,0,0,0,0,203,217.4,0.009852217,0,0,0,0,434.8,0.020449898,434.8,406,0
13453,587.01,8.515151515,33,United Kingdom,20,2,123,2,22.7,11.35,2,1,132,293.505,0.015151515,0.038670551,0,0,425.06,161.95,0.625,29.3505,264,0
13454,219.87,8.608695652,23,United Kingdom,371,1,270,0,0,0,0,0,371,219.87,0.002695418,0,0,3.3,216.57,0,11.59375,0.592641509,371,1
13455,1724.43,5.162393162,117,United Kingdom,96,5,59,4,123.16,6.482105263,19,1.421052632,461,344.886,0.010845987,0.071420701,0,0,1107.88,616.55,3,17.9628125,2305,1
13457,143.27,8.454545455,11,United Kingdom,419,2,426,2,4.95,2.475,2,1.5,468,71.635,0.004273504,0.03455015,0,12.6,130.67,0,13.09375,0.341933174,936,1
13458,6443.72,14.13545817,251,United Kingdom,18,6,7,4,39.8,7.96,5,5.2,118,1073.953333,0.050847458,0.006176556,0,26.7,5587.77,829.25,0.5625,357.9844444,708,0
13459,1160.41,13.50684932,73,United Kingdom,355,2,270,0,0,0,0,0,412,580.205,0.004854369,0,0,55.35,926.11,178.95,11.09375,3.268760563,824,1
13461,2693.5,50.20512821,39,United Kingdom,137,3,131,2,21.5,5.375,4,1,327,897.8333333,0.009174312,0.007982179,0,0,2445.8,247.7,4.28125,19.66058394,981,0
13462,1002.35,10.24193548,62,United Kingdom,141,4,270,0,0,0,0,0,456,250.5875,0.00877193,0,0,0,849.25,153.1,4.40625,7.108865248,1824,0
13464,2409.21,9.243243243,111,United Kingdom,125,5,360,1,13.75,13.75,1,11,348,481.842,0.014367816,0.005707265,0,0,1559.36,849.85,3.90625,19.27368,1740,1
13465,931.12,17.17647059,34,United Kingdom,176,2,270,0,0,0,0,0,316,465.56,0.006329114,0,0,0,613.54,317.58,5.5,5.290454545,632,1
13466,654.3,9.512195122,41,United Kingdom,139,4,126,1,51.15,17.05,3,3.666666667,358,163.575,0.011173184,0.078175149,0,0,576.35,77.95,4.34375,4.707194245,1432,0
13468,8842.93,7.171755725,524,United Kingdom,4,46,118,10,227.05,13.35588235,17,3,466,192.2376087,0.098712446,0.025675879,0,151.9,5792.41,2898.62,0.125,2210.7325,21436,0
13469,82.4,8.666666667,6,United Kingdom,383,1,270,0,0,0,0,0,383,82.4,0.002610966,0,0,0,62.5,19.9,11.96875,0.215143603,383,1
13472,592.24,11.07142857,28,United Kingdom,194,2,270,0,0,0,0,0,286,296.12,0.006993007,0,0,0,526.79,65.45,6.0625,3.052783505,572,1
13473,2229.6,14.0952381,63,United Kingdom,63,7,60,2,246.78,123.39,2,22,454,318.5142857,0.015418502,0.110683531,0,81.6,797.19,1350.81,1.288343558,35.39047619,3178,0
13474,419.75,2.953125,64,United Kingdom,174,2,270,0,0,0,0,0,225,209.875,0.008888889,0,0,29.87,269.28,120.6,5.4375,2.412356322,450,0
13475,317.12,9.652173913,23,United Kingdom,29,1,270,0,0,0,0,0,29,317.12,0.034482759,0,0,0,196.62,120.5,0.90625,10.93517241,29,0
13476,1529.9,5.797468354,79,United Kingdom,11,4,4,1,20.7,10.35,2,1,375,382.475,0.010666667,0.013530296,0,17.7,834.85,677.35,0.34375,139.0818182,1500,0
13477,1542.04,13.06593407,91,United Kingdom,22,6,12,1,7.95,7.95,1,1,414,257.0066667,0.014492754,0.005155508,0,12.6,1254.14,275.3,0.6875,70.09272727,2484,0
13478,2068.03,8.916030534,131,United Kingdom,199,5,301,2,147.75,24.625,6,3.5,407,413.606,0.012285012,0.071444805,0,0,1613.07,454.96,6.21875,10.39211055,2035,1
13479,517.5,13.69047619,42,United Kingdom,182,2,180,2,32.92,8.23,4,1.75,207,258.75,0.009661836,0.063613527,0,0,467.1,50.4,5.6875,2.843406593,414,0
13480,627.82,8.829268293,41,United Kingdom,147,2,270,0,0,0,0,0,410,313.91,0.004878049,0,0,48,446.37,133.45,4.59375,4.270884354,820,1
13481,2022.03,7.862068966,116,United Kingdom,105,6,98,1,4.25,4.25,1,1,466,337.005,0.012875536,0.002101848,0,45.9,1538.25,437.88,3.28125,19.25742857,2796,0
13482,151.45,7.888888889,9,United Kingdom,358,1,270,0,0,0,0,0,358,151.45,0.002793296,0,0,0,120.9,30.55,11.1875,0.423044693,358,0
13484,453.52,5.25,32,United Kingdom,113,2,243,1,23.4,23.4,1,12,370,226.76,0.005405405,0.051596401,0,15.3,202.17,236.05,2.310838446,4.013451327,740,0
13485,2499.68,10.94202899,138,United Kingdom,107,10,137,4,61.3,15.325,4,2.5,466,249.968,0.021459227,0.024523139,0,15.3,1775.46,708.92,3.34375,23.36149533,4660,0
13487,464.62,7,26,United Kingdom,83,3,270,0,0,0,0,0,465,154.8733333,0.006451613,0,0,0,265.1,199.52,2.59375,5.597831325,1395,0
13488,8612.01,10.67647059,408,United Kingdom,39,13,67,3,21.4,7.133333333,3,4,414,662.4623077,0.031400966,0.002484902,0,0,5909.53,2702.48,1.21875,220.8207692,5382,0
13489,235.68,50.28571429,7,United Kingdom,19,2,270,0,0,0,0,0,25,117.84,0.08,0,0,0,235.68,0,0.59375,12.40421053,50,0
13490,154.25,3.125,8,United Kingdom,384,1,270,0,0,0,0,0,384,154.25,0.002604167,0,0,0,19.8,134.45,7.852760736,0.401692708,384,1
13491,4055.75,8.486956522,230,United Kingdom,10,23,270,0,0,0,0,0,463,176.3369565,0.049676026,0,0,85,2825.31,1145.44,0.3125,405.575,10649,0
13493,498.63,62.83333333,6,Switzerland,5,2,270,0,0,0,0,0,17,249.315,0.117647059,0,0,0,458.28,40.35,0.15625,99.726,34,1
13494,316.26,9,18,United Kingdom,42,1,270,0,0,0,0,0,42,316.26,0.023809524,0,0,0,260.16,56.1,1.3125,7.53,42,1
13495,3610.97,17.31304348,115,United Kingdom,90,7,96,3,72.9,9.1125,8,2.75,463,515.8528571,0.01511879,0.020188481,0,0,3383.27,227.7,2.8125,40.12188889,3241,0
13496,465.61,8.037037037,27,United Kingdom,90,1,88,1,35.4,35.4,1,12,90,465.61,0.011111111,0.076029295,0,0,348.91,116.7,2.8125,5.173444444,90,1
13497,1139.83,8.830508475,59,United Kingdom,13,6,99,1,27,27,1,4,400,189.9716667,0.015,0.023687743,0,0,1011.58,128.25,0.40625,87.67923077,2400,1
13498,327.38,21.29411765,17,United Kingdom,460,1,270,0,0,0,0,0,460,327.38,0.002173913,0,0,11.5,279.73,36.15,14.375,0.711695652,460,1
13499,158.23,13.44444444,9,United Kingdom,0,1,270,0,0,0,0,0,0,158.23,1,0,0,0,158.23,0,0,158.23,0,0
13500,299.53,11.45,20,United Kingdom,131,1,270,0,0,0,0,0,131,299.53,0.007633588,0,0,0,229.88,69.65,4.09375,2.28648855,131,0
13501,2870.11,10.79130435,115,Switzerland,18,3,291,1,15,15,1,12,300,956.7033333,0.01,0.005226281,0,0,1921.85,948.26,0.5625,159.4505556,900,1
13502,671.76,13.36,25,United Kingdom,5,4,140,1,5.9,5.9,1,2,279,167.94,0.014336918,0.008782899,0,0,552.36,119.4,0.15625,134.352,1116,1
13503,1489.94,4.596685083,181,United Kingdom,209,4,256,4,71.25,7.125,10,2.1,391,372.485,0.010230179,0.047820718,0,218.14,763.7,508.1,6.53125,7.128899522,1564,1
13506,1308.53,10.88372093,86,United Kingdom,46,5,42,3,29.55,5.91,5,1.2,191,261.706,0.02617801,0.022582593,0,0,1185.91,122.62,1.4375,28.44630435,955,1
13508,176.08,9.75,16,United Kingdom,373,1,270,0,0,0,0,0,373,176.08,0.002680965,0,0,0,129.76,46.32,11.65625,0.472064343,373,0
13509,471.52,27.11111111,18,United Kingdom,3,3,270,0,0,0,0,0,238,157.1733333,0.012605042,0,0,0,471.52,0,0.09375,157.1733333,714,0
13510,2703.23,8.864864865,185,United Kingdom,106,7,115,5,63.5,5.772727273,11,1.636363636,449,386.1757143,0.0155902,0.023490417,0,35.4,1925.82,742.01,3.3125,25.50216981,3143,0
13511,244.61,8.833333333,6,United Kingdom,407,1,214,1,38.15,38.15,1,7,407,244.61,0.002457002,0.155962553,0,0,40.56,204.05,8.323108384,0.601007371,407,1
13512,462.18,11.5,24,United Kingdom,117,3,270,0,0,0,0,0,313,154.06,0.009584665,0,0,0,412.58,49.6,3.65625,3.95025641,939,0
13513,591.89,7.59375,32,United Kingdom,171,2,377,1,27.6,13.8,2,6,385,295.945,0.005194805,0.046630286,0,0,591.89,0,5.34375,3.461345029,770,0
13514,663.7,14.58823529,17,United Kingdom,159,3,270,0,0,0,0,0,412,221.2333333,0.007281553,0,0,0,474.9,188.8,4.96875,4.174213836,1236,1
13515,374.7,8.117647059,17,United Kingdom,179,2,270,0,0,0,0,0,375,187.35,0.005333333,0,0,0,283.9,90.8,5.59375,2.093296089,750,0
13516,295.85,7.588235294,17,United Kingdom,148,1,270,0,0,0,0,0,148,295.85,0.006756757,0,0,0,182.6,113.25,4.625,1.998986486,148,0
13519,220.46,10,11,United Kingdom,173,1,270,0,0,0,0,0,173,220.46,0.005780347,0,0,0,166.7,53.76,5.40625,1.27433526,173,1
13520,3158.02,13.95555556,135,Switzerland,55,7,202,2,92.15,18.43,5,11.4,453,451.1457143,0.015452539,0.029179676,0,10.5,2818.92,328.6,1.71875,57.41854545,3171,0
13523,1136.64,10.20338983,59,United Kingdom,96,2,270,0,0,0,0,0,132,568.32,0.015151515,0,0,0,838.54,298.1,3,11.84,264,0
13526,942.6,30.5,54,United Kingdom,468,2,468,2,239.4,23.94,10,26.4,468,471.3,0.004273504,0.253978358,0,376.99,561.86,3.75,14.625,2.014102564,936,1
13527,2399.43,4.668103448,232,United Kingdom,57,6,415,1,9.95,9.95,1,1,418,399.905,0.014354067,0.004146818,0,50.85,1864.23,484.35,1.78125,42.09526316,2508,0
13530,402.98,15.11111111,18,United Kingdom,364,1,270,0,0,0,0,0,364,402.98,0.002747253,0,0,0,387.08,15.9,11.375,1.107087912,364,1
13531,1254.72,6.264705882,68,United Kingdom,96,5,270,0,0,0,0,0,466,250.944,0.010729614,0,0,0,732.3,522.42,3,13.07,2330,0
13534,2639.17,7.120218579,183,United Kingdom,35,18,31,12,241.4,7.315151515,33,3.03030303,250,146.6205556,0.072,0.091468151,0,0,2219,420.17,1.09375,75.40485714,4500,0
13535,89.5,10,1,United Kingdom,133,1,270,0,0,0,0,0,133,89.5,0.007518797,0,0,0,0,89.5,2.719836401,0.672932331,133,1
13537,717.85,8.023809524,42,United Kingdom,156,2,270,0,0,0,0,0,182,358.925,0.010989011,0,0,0,477.35,240.5,4.875,4.601602564,364,1
13538,2326.58,6.864,125,United Kingdom,5,7,270,0,0,0,0,0,406,332.3685714,0.017241379,0,0,70.2,941.27,1315.11,0.102249489,465.316,2842,0
13539,1089.52,8.491803279,61,United Kingdom,39,5,312,1,12.6,12.6,1,6,321,217.904,0.015576324,0.011564726,0,0,622.4,467.12,1.21875,27.93641026,1605,0
13540,632.39,5.90625,32,United Kingdom,197,3,270,0,0,0,0,0,386,210.7966667,0.007772021,0,0,0,370.05,262.34,6.15625,3.210101523,1158,1
13541,717.9,22.16666667,12,United Kingdom,157,2,153,1,67.35,33.675,2,6.5,300,358.95,0.006666667,0.093815295,0,0,388.2,329.7,4.90625,4.572611465,600,1
13542,3924.09,2.398203593,334,United Kingdom,107,17,333,1,35.4,11.8,3,1,459,230.8288235,0.037037037,0.0090212,0,7.6,743.06,3173.43,2.188139059,36.67373832,7803,1
13543,1439.61,7,47,United Kingdom,364,2,270,0,0,0,0,0,417,719.805,0.004796163,0,0,0,469.26,970.35,7.443762781,3.954972527,834,1
13544,505.64,1.354037267,161,United Kingdom,142,4,287,1,8.5,8.5,1,1,375,126.41,0.010666667,0.016810379,0,55.3,289.86,160.48,4.4375,3.56084507,1500,0
13545,337.64,4.375,56,United Kingdom,121,2,469,1,27.29,13.645,2,3.5,275,168.82,0.007272727,0.080825732,0,12.2,288.04,37.4,3.78125,2.790413223,550,1
13546,465.15,4.181818182,55,United Kingdom,112,2,270,0,0,0,0,0,154,232.575,0.012987013,0,0,1.25,360,103.9,3.5,4.153125,308,0
13547,164.53,1.813953488,43,United Kingdom,138,1,270,0,0,0,0,0,138,164.53,0.007246377,0,0,6.7,92.93,64.9,4.3125,1.192246377,138,1
13548,223.28,2,61,United Kingdom,201,1,270,0,0,0,0,0,201,223.28,0.004975124,0,0,5.5,155.29,62.49,6.28125,1.110845771,201,0
13549,87.6,12,8,United Kingdom,118,1,270,0,0,0,0,0,118,87.6,0.008474576,0,0,0,87.6,0,3.6875,0.742372881,118,0
13550,342.55,10.23809524,42,United Kingdom,113,1,270,0,0,0,0,0,113,342.55,0.008849558,0,0,0,328.4,14.15,3.53125,3.031415929,113,1
13551,244.2,7.2,5,United Kingdom,49,2,270,0,0,0,0,0,396,122.1,0.005050505,0,0,0,53.55,190.65,1.00204499,4.983673469,792,1
13552,3362.8,11.0619469,113,United Kingdom,46,11,139,6,159.75,22.82142857,7,5.285714286,388,305.7090909,0.028350515,0.047505055,0,0,1993.2,1369.6,1.4375,73.10434783,4268,0
13553,499.6,2.258426966,89,United Kingdom,405,1,270,0,0,0,0,0,405,499.6,0.002469136,0,0,56.33,224.37,218.9,12.65625,1.233580247,405,1
13554,1553.425519,2.711538462,208,United Kingdom,110,7,132,3,81.89,7.444545455,11,1.363636364,177,221.9179313,0.039548023,0.052715756,0,34.9,957.31,561.215519,3.4375,14.12205017,1239,1
13555,4700.11,7.861940299,268,United Kingdom,109,9,174,3,92.85,15.475,6,3.166666667,419,522.2344444,0.021479714,0.019754857,0,19.95,3555.01,1125.15,3.40625,43.12027523,3771,0
13556,200.82,14.88888889,9,United Kingdom,159,2,270,0,0,0,0,0,166,100.41,0.012048193,0,0,0,200.82,0,4.96875,1.263018868,332,1
13557,2636.7,12.35151515,165,United Kingdom,11,12,125,3,52.18,17.39333333,3,12.66666667,461,219.725,0.026030369,0.019789889,0,52.74,2333.76,250.2,0.34375,239.7,5532,1
13559,990,180,2,United Kingdom,243,2,270,0,0,0,0,0,274,495,0.00729927,0,0,0,990,0,7.59375,4.074074074,548,1
13561,1661.54,4.846511628,215,United Kingdom,127,10,270,0,0,0,0,0,379,166.154,0.026385224,0,0,10.62,1483.08,167.84,3.96875,13.08299213,3790,0
13562,3038.85,7.421052632,114,United Kingdom,132,5,270,0,0,0,0,0,424,607.77,0.011792453,0,0,0,1643.4,1395.45,4.125,23.02159091,2120,0
13564,15613.1,7.070331447,1237,United Kingdom,84,36,118,13,267.12,6.36,42,2.071428571,468,433.6972222,0.076923077,0.01710871,0,41.45,12040.7,3530.95,2.625,185.8702381,16848,1
13565,284.76,4.742857143,35,United Kingdom,64,2,270,0,0,0,0,0,141,142.38,0.014184397,0,0,3.75,264.86,16.15,2,4.449375,282,1
13566,827.91,3.484693878,196,United Kingdom,165,3,270,0,0,0,0,0,370,275.97,0.008108108,0,0,1.25,776.16,50.5,5.15625,5.017636364,1110,1
13567,1074.19,3.173267327,202,United Kingdom,158,4,202,1,5.1,5.1,1,2,272,268.5475,0.014705882,0.004747763,0,8.8,826.71,238.68,4.9375,6.798670886,1088,1
13569,497.74,1.886178862,123,United Kingdom,98,3,270,0,0,0,0,0,158,165.9133333,0.018987342,0,0,10.6,389.79,97.35,3.0625,5.078979592,474,1
13571,2448.32,4.306306306,333,United Kingdom,112,14,270,0,0,0,0,0,461,174.88,0.030368764,0,0,57.5,1924.62,466.2,3.5,21.86,6454,0
13573,612.82,5.639344262,61,United Kingdom,109,4,270,0,0,0,0,0,367,153.205,0.010899183,0,0,15,482.72,115.1,3.40625,5.622201835,1468,0
13574,404.45,3.340659341,91,United Kingdom,141,1,270,0,0,0,0,0,141,404.45,0.007092199,0,0,0,289.7,114.75,4.40625,2.868439716,141,1
13576,6140.09,13.50810811,185,United Kingdom,21,14,63,3,32.2,3.22,10,1.2,461,438.5778571,0.030368764,0.005244223,0,106.62,5177.12,856.35,0.65625,292.3852381,6454,0
13577,1688.32,9.666666667,87,United Kingdom,113,7,455,2,108.36,36.12,3,9.333333333,455,241.1885714,0.015384615,0.064182146,0,0,1207.2,481.12,3.53125,14.94088496,3185,0
13578,147.66,14.11111111,9,United Kingdom,139,1,270,0,0,0,0,0,139,147.66,0.007194245,0,0,0,142.17,5.49,4.34375,1.062302158,139,1
13579,1068.8,8.463768116,69,United Kingdom,99,4,174,1,3.2,1.6,2,2,389,267.2,0.010282776,0.002994012,0,0,794.05,274.75,3.09375,10.7959596,1556,1
13580,107.75,9,5,United Kingdom,136,1,270,0,0,0,0,0,136,107.75,0.007352941,0,0,0,67.8,39.95,4.25,0.792279412,136,1
13581,280.53,3.606060606,33,United Kingdom,39,2,270,0,0,0,0,0,144,140.265,0.013888889,0,0,13.75,188.73,78.05,1.21875,7.193076923,288,1
13582,241.68,9.636363636,11,United Kingdom,120,2,270,0,0,0,0,0,348,120.84,0.005747126,0,0,47.2,177.48,17,3.75,2.014,696,1
13583,664,8.833333333,42,United Kingdom,409,1,270,0,0,0,0,0,409,664,0.002444988,0,0,0,516.35,147.65,12.78125,1.623471883,409,0
13584,340.4,3.211764706,85,United Kingdom,37,3,228,2,45.3,9.06,5,17.4,406,113.4666667,0.007389163,0.133078731,0,2.95,259.9,77.55,1.15625,9.2,1218,1
13585,674.46,33.45,40,United Kingdom,261,3,301,1,10.08,10.08,1,48,468,224.82,0.006410256,0.01494529,0,0,626.96,47.5,8.15625,2.584137931,1404,1
13586,127.28,1.9,20,United Kingdom,271,1,270,0,0,0,0,0,271,127.28,0.003690037,0,0,2.95,50.6,73.73,5.54192229,0.469667897,271,1
13587,961.1,22,22,United Kingdom,179,3,270,0,0,0,0,0,393,320.3666667,0.007633588,0,0,0,818.3,142.8,5.59375,5.369273743,1179,1
13589,741.09,5.774193548,31,United Kingdom,179,4,270,0,0,0,0,0,464,185.2725,0.00862069,0,0,0,261.15,479.94,3.660531697,4.140167598,1856,0
13590,4617.68,10.9880597,335,United Kingdom,33,13,162,2,45.5,15.16666667,3,2.666666667,468,355.2061538,0.027777778,0.009853433,0,50.75,3968.72,598.21,1.03125,139.929697,6084,0
13591,964.06,8.272727273,44,United Kingdom,166,4,291,1,12.75,12.75,1,1,455,241.015,0.008791209,0.013225318,0,0,618.96,345.1,5.1875,5.807590361,1820,0
13593,4039.58,5.127725857,321,United Kingdom,66,10,377,1,1.68,1.68,1,4,377,403.958,0.026525199,0.000415885,0,163.9,2734.78,1140.9,2.0625,61.20575758,3770,0
13594,111.45,3.888888889,9,United Kingdom,216,1,431,1,24.9,12.45,2,1,216,111.45,0.00462963,0.223418573,0,0,67.5,43.95,6.75,0.515972222,216,1
13595,784.48,2.384615385,143,United Kingdom,247,3,270,0,0,0,0,0,376,261.4933333,0.007978723,0,0,50,574,160.48,7.71875,3.176032389,1128,1
13597,377.21,12.27777778,18,United Kingdom,130,2,118,1,19.5,19.5,1,10,133,188.605,0.015037594,0.051695342,0,0,377.21,0,4.0625,2.901615385,266,1
13598,601.92,5.98245614,57,United Kingdom,225,4,270,0,0,0,0,0,382,150.48,0.010471204,0,0,18.75,487.42,95.75,7.03125,2.6752,1528,1
13599,5642.99,17.28095238,210,United Kingdom,13,16,5,13,320.68,13.9426087,23,7.913043478,469,352.686875,0.034115139,0.056828029,0,11.7,5275.94,355.35,0.40625,434.0761538,7504,0
13600,518.42,14.6097561,41,United Kingdom,42,2,270,0,0,0,0,0,364,259.21,0.005494505,0,0,10.02,307.35,201.05,1.3125,12.34333333,728,1
13601,466.67,4.755813953,86,United Kingdom,122,2,270,0,0,0,0,0,276,233.335,0.007246377,0,0,6.3,369.47,90.9,3.8125,3.825163934,552,0
13602,596.28,7.742857143,35,United Kingdom,112,3,270,0,0,0,0,0,291,198.76,0.010309278,0,0,0,484.89,111.39,3.5,5.323928571,873,1
13604,713.39,10.39130435,23,United Kingdom,389,1,382,1,4.23,2.115,2,1.5,389,713.39,0.002570694,0.005929436,0,0,382.49,330.9,12.15625,1.833907455,389,1
13605,522.67,8.018867925,53,United Kingdom,117,2,270,0,0,0,0,0,301,261.335,0.006644518,0,0,14.9,466.37,41.4,3.65625,4.467264957,602,1
13606,70.02,38,3,United Kingdom,42,1,270,0,0,0,0,0,42,70.02,0.023809524,0,0,30.6,39.42,0,1.3125,1.667142857,42,0
13607,382.6,6.88,25,United Kingdom,133,1,123,1,17.7,17.7,1,6,133,382.6,0.007518797,0.046262415,0,0,273.4,109.2,4.15625,2.876691729,133,1
13608,232.05,3.235294118,34,United Kingdom,271,1,270,0,0,0,0,0,271,232.05,0.003690037,0,0,3.3,186.35,42.4,8.46875,0.856273063,271,1
13609,167.35,2.714285714,7,United Kingdom,323,1,270,0,0,0,0,0,323,167.35,0.003095975,0,0,0,16.8,150.55,6.605316973,0.518111455,323,1
13610,1238.95,2.129464286,224,United Kingdom,15,8,375,1,15.3,15.3,1,6,433,154.86875,0.018475751,0.012349167,0,75.65,600.2,563.1,0.46875,82.59666667,3464,0
13611,2421.78,8.091954023,174,United Kingdom,90,8,110,3,24.9,4.98,5,1.8,467,302.7225,0.017130621,0.010281694,0,52.55,1987.51,381.72,2.8125,26.90866667,3736,0
13612,777.79,8.423076923,52,United Kingdom,363,1,248,1,40.5,20.25,2,3,363,777.79,0.002754821,0.05207061,0,0,588.42,189.37,11.34375,2.142672176,363,1
13613,1039.85,7.542372881,59,United Kingdom,183,5,270,0,0,0,0,0,391,207.97,0.012787724,0,0,0,747.21,292.64,5.71875,5.682240437,1955,1
13614,953.03,3.615384615,78,United Kingdom,61,3,270,0,0,0,0,0,281,317.6766667,0.010676157,0,0,0,412.53,540.5,1.247443763,15.62344262,843,0
13615,6212.23,7.688829787,376,United Kingdom,49,8,43,4,60.3,6.7,9,2.111111111,410,776.52875,0.019512195,0.009706659,0,45.33,4665.12,1501.78,1.53125,126.7802041,3280,1
13616,283.85,4.914285714,35,United Kingdom,298,2,270,0,0,0,0,0,421,141.925,0.004750594,0,0,3.3,184.35,96.2,9.3125,0.952516779,842,1
13617,719.62,4.5625,64,United Kingdom,138,5,177,1,14.95,14.95,1,1,225,143.924,0.022222222,0.020774853,0,0,428.62,291,4.3125,5.214637681,1125,0
13619,223.44,1.772727273,44,United Kingdom,275,2,270,0,0,0,0,0,404,111.72,0.004950495,0,0,0,142.74,80.7,8.59375,0.812509091,808,1
13620,112.34,14.8,5,United Kingdom,258,1,270,0,0,0,0,0,258,112.34,0.003875969,0,0,0,97.49,14.85,8.0625,0.435426357,258,1
13622,651.45,11.08823529,34,United Kingdom,426,1,419,1,7.5,3.75,2,1,426,651.45,0.002347418,0.011512779,0,0,457,194.45,13.3125,1.529225352,426,1
13623,1896.63,3.3930131,229,United Kingdom,27,6,27,4,64.69,8.08625,8,1,467,316.105,0.012847966,0.034107865,0,127.25,1058.08,711.3,0.84375,70.24555556,2802,0
13624,427.18,33.91666667,24,United Kingdom,118,1,111,1,34.9,17.45,2,3,118,427.18,0.008474576,0.081698581,0,0,418.23,8.95,3.6875,3.620169492,118,1
13625,301.26,6.857142857,21,United Kingdom,327,1,270,0,0,0,0,0,327,301.26,0.003058104,0,0,0,138.46,162.8,6.687116564,0.921284404,327,1
13626,432.26,6.888888889,27,United Kingdom,109,1,105,1,17.55,8.775,2,1.5,109,432.26,0.009174312,0.040600564,0,0,232.41,199.85,3.40625,3.965688073,109,0
13627,904.72,9.620689655,58,United Kingdom,88,3,368,1,13.9,13.9,1,2,370,301.5733333,0.008108108,0.015363869,0,0,677.97,226.75,2.75,10.28090909,1110,0
13628,310.14,6.625,16,United Kingdom,406,1,270,0,0,0,0,0,406,310.14,0.002463054,0,0,0,153.24,156.9,8.302658487,0.763891626,406,1
13629,7003.5,116.6666667,36,United Kingdom,41,10,270,0,0,0,0,0,396,700.35,0.025252525,0,0,0,7003.5,0,1.28125,170.8170732,3960,0
13630,284.74,9.133333333,15,United Kingdom,16,1,12,1,14.4,7.2,2,1.5,16,284.74,0.0625,0.050572452,0,0,242.24,42.5,0.5,17.79625,16,0
13632,1517.68,7.792207792,77,United Kingdom,125,3,298,1,9.2,4.6,2,1,342,505.8933333,0.00877193,0.006061884,0,17.7,1068.74,431.24,3.90625,12.14144,1026,0
13634,3221,4.211838006,321,United Kingdom,57,11,304,1,553.92,19.78285714,28,5.571428571,428,292.8181818,0.025700935,0.171971437,0,119.78,2142.99,958.23,1.78125,56.50877193,4708,0
13635,1877.19,11.35238095,105,United Kingdom,173,3,167,2,50.94,10.188,5,3,469,625.73,0.006396588,0.027136305,0,70.74,1750.15,56.3,5.40625,10.85080925,1407,1
13636,154.5,5.909090909,11,United Kingdom,15,1,270,0,0,0,0,0,15,154.5,0.066666667,0,0,0,74.25,80.25,0.306748466,10.3,15,0
13639,312.93,10.36842105,19,United Kingdom,167,1,270,0,0,0,0,0,167,312.93,0.005988024,0,0,0,312.93,0,5.21875,1.873832335,167,1
13640,405,27,4,United Kingdom,341,1,270,0,0,0,0,0,341,405,0.002932551,0,0,0,405,0,10.65625,1.187683284,341,1
13641,847.72,22.02040816,49,United Kingdom,371,4,449,2,94.65,15.775,6,3,464,211.93,0.00862069,0.111652432,0,10.2,620.42,217.1,11.59375,2.284959569,1856,1
13642,147.17,1.612244898,49,United Kingdom,163,3,163,1,12.75,12.75,1,1,163,49.05666667,0.018404908,0.086634504,0,0,116.87,30.3,5.09375,0.902883436,489,0
13643,1592.73,7.860759494,79,United Kingdom,112,7,111,5,44.6,8.92,5,1.6,462,227.5328571,0.015151515,0.028002235,0,0,1012.81,579.92,3.5,14.22080357,3234,0
13646,323.3,1.322033898,59,United Kingdom,130,2,130,1,2.95,2.95,1,1,130,161.65,0.015384615,0.009124652,0,3.9,131.2,188.2,2.658486708,2.486923077,260,1
13647,1393.56,14.8852459,61,United Kingdom,225,4,270,0,0,0,0,0,333,348.39,0.012012012,0,0,0,1052.62,340.94,7.03125,6.1936,1332,0
13648,1681.12,8.36036036,111,United Kingdom,130,8,133,3,77.95,12.99166667,6,5.166666667,468,210.14,0.017094017,0.046367898,0,47.7,1459.02,174.4,4.0625,12.93169231,3744,1
13649,1304.88,7.1,100,United Kingdom,96,5,270,0,0,0,0,0,257,260.976,0.019455253,0,0,39.2,834.58,431.1,3,13.5925,1285,0
13650,1289.16,8.790697674,86,United Kingdom,104,4,189,5,162.5,16.25,10,6.8,413,322.29,0.00968523,0.126051072,0,0,943.26,345.9,3.25,12.39576923,1652,0
13651,114.75,3,9,United Kingdom,112,1,112,1,17.9,17.9,1,2,112,114.75,0.008928571,0.155991285,0,0,40.35,74.4,2.290388548,1.024553571,112,0
13652,1475.77,10.33333333,96,United Kingdom,99,3,270,0,0,0,0,0,382,491.9233333,0.007853403,0,0,0,1270.92,204.85,3.09375,14.90676768,1146,0
13653,152.2,8,9,United Kingdom,218,1,270,0,0,0,0,0,218,152.2,0.004587156,0,0,0,136.3,15.9,6.8125,0.698165138,218,1
13654,3913.6,15.57219251,187,United Kingdom,3,6,270,0,0,0,0,0,468,652.2666667,0.012820513,0,0,17.7,3785.8,110.1,0.09375,1304.533333,2808,0
13655,1328.69,9.212121212,66,United Kingdom,105,4,146,2,18.85,6.283333333,3,4,322,332.1725,0.01242236,0.014186906,0,0,1020.14,308.55,3.28125,12.65419048,1288,0
13656,836.4,6.694444444,72,United Kingdom,67,3,188,3,25.5,8.5,3,1,326,278.8,0.009202454,0.030487805,0,0,768.05,68.35,2.09375,12.48358209,978,0
13658,3350.6,8.54887218,133,United Kingdom,113,4,357,2,35.73,8.9325,4,3.75,402,837.65,0.009950249,0.010663762,0,0,2062.18,1288.42,3.53125,29.65132743,1608,0
13659,4200.98,9.02892562,242,United Kingdom,51,11,214,4,155.9,15.59,10,2,391,381.9072727,0.028132992,0.037110389,0,30.6,2871.7,1298.68,1.59375,82.37215686,4301,0
13660,295.74,3.268292683,41,United Kingdom,130,1,126,1,10.9,10.9,1,2,130,295.74,0.007692308,0.036856698,0,0,120.59,175.15,2.658486708,2.274923077,130,1
13661,325.24,6.941176471,17,United Kingdom,333,1,270,0,0,0,0,0,333,325.24,0.003003003,0,0,0,269.78,55.46,10.40625,0.976696697,333,1
13662,1304.05,6.822222222,90,United Kingdom,116,8,257,2,48.3,8.05,6,3.666666667,388,163.00625,0.020618557,0.037038457,0,0,839.66,464.39,3.625,11.24181034,3104,0
13663,1824.14,9.090909091,88,United Kingdom,110,4,147,1,33.9,16.95,2,1,377,456.035,0.01061008,0.0185841,0,0,1377.44,446.7,3.4375,16.58309091,1508,0
13665,1711.66,15.58490566,106,United Kingdom,116,3,270,0,0,0,0,0,234,570.5533333,0.012820513,0,0,53.4,1498.66,159.6,3.625,14.75568966,702,1
13666,106.45,3.5,14,United Kingdom,17,4,270,0,0,0,0,0,466,26.6125,0.008583691,0,0,0,86.95,19.5,0.53125,6.261764706,1864,1
13668,8180.45,8.992146597,382,United Kingdom,26,18,65,5,207.28,14.80571429,14,3.5,458,454.4694444,0.03930131,0.025338459,0,15.9,6053.8,2110.75,0.8125,314.6326923,8244,0
13669,195,31.2,5,United Kingdom,137,1,270,0,0,0,0,0,137,195,0.00729927,0,0,0,165,30,4.28125,1.423357664,137,0
13671,172.6,1.484375,64,United Kingdom,125,1,270,0,0,0,0,0,125,172.6,0.008,0,0,0,162.7,9.9,3.90625,1.3808,125,1
13672,233.53,3,27,United Kingdom,31,3,31,3,186.39,20.71,9,6.333333333,461,77.84333333,0.006507592,0.798141566,0,0,163.33,70.2,0.96875,7.533225806,1383,1
13674,215.88,6.125,16,United Kingdom,163,1,160,1,24.8,12.4,2,2,163,215.88,0.006134969,0.114878636,0,0,141.13,74.75,5.09375,1.324417178,163,1
13675,308.44,13.6,15,United Kingdom,15,1,270,0,0,0,0,0,15,308.44,0.066666667,0,0,0,308.44,0,0.46875,20.56266667,15,0
13676,153.15,3.933333333,15,United Kingdom,269,2,348,1,90.75,45.375,2,22.5,349,76.575,0.005730659,0.592556317,0,17.1,100.35,35.7,8.40625,0.569330855,698,1
13677,551.24,2.047169811,106,United Kingdom,135,2,270,0,0,0,0,0,250,275.62,0.008,0,0,8.35,215.04,327.85,2.760736196,4.083259259,500,1
13679,281.26,2.04,50,United Kingdom,224,3,270,0,0,0,0,0,465,93.75333333,0.006451613,0,0,41.15,152.16,87.95,7,1.255625,1395,1
13680,8572.03,7.064456722,543,United Kingdom,68,10,67,1,1520.11,72.38619048,21,31.85714286,465,857.203,0.021505376,0.177333724,0,42.69,7427,1102.34,2.125,126.0592647,4650,1
13683,258.6,18,10,United Kingdom,188,1,270,0,0,0,0,0,188,258.6,0.005319149,0,0,0,258.6,0,5.875,1.375531915,188,1
13684,544.42,1.982142857,112,United Kingdom,16,4,16,2,50.46,12.615,4,3,351,136.105,0.011396011,0.092685794,0,9.14,327.15,208.13,0.5,34.02625,1404,1
13686,337.04,11.84615385,26,United Kingdom,110,2,270,0,0,0,0,0,131,168.52,0.015267176,0,0,0,337.04,0,3.4375,3.064,262,0
13687,11880.84,1937.044444,45,United Kingdom,168,1,270,0,0,0,0,0,168,11880.84,0.005952381,0,0,5.76,11824.08,51,5.25,70.71928571,168,1
13688,375.5,26,5,United Kingdom,365,1,270,0,0,0,0,0,365,375.5,0.002739726,0,0,0,185,190.5,7.464212679,1.028767123,365,1
13689,349.5,70,3,United Kingdom,175,1,270,0,0,0,0,0,175,349.5,0.005714286,0,0,0,349.5,0,5.46875,1.997142857,175,1
13691,210.78,2.716981132,53,United Kingdom,126,1,270,0,0,0,0,0,126,210.78,0.007936508,0,0,26,111.63,73.15,3.9375,1.672857143,126,1
13692,1549.58,19.65909091,44,United Kingdom,139,2,131,1,76.5,76.5,1,10,150,774.79,0.013333333,0.049368216,0,0,960.53,589.05,4.34375,11.14805755,300,0
13693,1966.32,7.855855856,111,United Kingdom,104,9,55,3,45.5,9.1,5,1.6,463,218.48,0.019438445,0.023139672,0,33,1227.77,705.55,3.25,18.90692308,4167,1
13694,141735.46,121.9196429,1120,United Kingdom,11,104,84,9,3183.11,227.365,14,161.9285714,465,1362.840962,0.223655914,0.022458106,0,7383.26,107759.22,26592.98,0.34375,12885.04182,48360,0
13695,266.6,31.33333333,6,United Kingdom,308,1,270,0,0,0,0,0,308,266.6,0.003246753,0,0,0,266.6,0,9.625,0.865584416,308,0
13696,2008.7,21.84,25,United Kingdom,152,3,426,1,11.7,11.7,1,6,396,669.5666667,0.007575758,0.005824663,0,0,502.5,1506.2,3.108384458,13.21513158,1188,1
13698,451.73,5.973684211,38,United Kingdom,327,2,270,0,0,0,0,0,412,225.865,0.004854369,0,0,0,285.58,166.15,10.21875,1.381437309,824,1
13699,402.82,5.692307692,26,United Kingdom,280,1,277,1,52.75,17.58333333,3,1.666666667,280,402.82,0.003571429,0.13095179,0,0,249.65,153.17,8.75,1.438642857,280,0
13700,761.65,9.8,110,United Kingdom,2,6,401,1,27.25,6.8125,4,2.75,401,126.9416667,0.014962594,0.035777588,0,11.25,733.4,17,0.0625,380.825,2406,0
13701,159.55,7.9,10,United Kingdom,177,1,167,1,1.45,1.45,1,1,177,159.55,0.005649718,0.00908806,0,0,129.85,29.7,5.53125,0.901412429,177,1
13702,135.18,14.8,5,United Kingdom,176,1,270,0,0,0,0,0,176,135.18,0.005681818,0,0,0,135.18,0,5.5,0.768068182,176,1
13703,99.5,0.136986301,73,United Kingdom,48,2,144,1,326.06,9.057222222,36,3.277777778,145,49.75,0.013793103,3.276984925,0,0,-2.66E-15,99.5,0.981595092,2.072916667,290,1
13705,1323.47,11.53571429,56,United Kingdom,104,5,270,0,0,0,0,0,354,264.694,0.014124294,0,0,50.7,924.27,348.5,3.25,12.72567308,1770,0
13706,631.17,7.921052632,38,United Kingdom,33,2,270,0,0,0,0,0,357,315.585,0.005602241,0,0,0,433.99,197.18,1.03125,19.12636364,714,1
13707,3142.86,15.03597122,139,United Kingdom,45,4,270,0,0,0,0,0,267,785.715,0.014981273,0,0,30.6,2513.76,598.5,1.40625,69.84133333,1068,0
13708,283.33,6.25,48,United Kingdom,1,1,270,0,0,0,0,0,1,283.33,1,0,0,9.45,257.98,15.9,0.03125,283.33,1,1
13709,1718,8.911764706,102,United Kingdom,45,6,270,0,0,0,0,0,428,286.3333333,0.014018692,0,0,0,1146.71,571.29,1.40625,38.17777778,2568,0
13710,329.04,22.85714286,7,United Kingdom,154,2,270,0,0,0,0,0,342,164.52,0.005847953,0,0,0,282.24,46.8,4.8125,2.136623377,684,1
13711,1380.55,7.288888889,90,United Kingdom,136,7,291,6,159.65,14.51363636,11,2.090909091,454,197.2214286,0.015418502,0.115642316,0,40.56,923.68,416.31,4.25,10.15110294,3178,0
13712,537.58,33.73913043,23,United Kingdom,341,1,270,0,0,0,0,0,341,537.58,0.002932551,0,0,0,417.54,120.04,10.65625,1.576480938,341,0
13713,740.76,3.55,80,United Kingdom,138,3,270,0,0,0,0,0,313,246.92,0.009584665,0,0,37.15,513.51,190.1,4.3125,5.367826087,939,1
13714,161.35,1.666666667,30,United Kingdom,195,1,270,0,0,0,0,0,195,161.35,0.005128205,0,0,0,102.05,59.3,6.09375,0.827435897,195,1
13715,8108.09,9.237451737,518,United Kingdom,11,17,67,4,44.95,7.491666667,6,2.5,368,476.9464706,0.046195652,0.005543846,0,84.3,7251.87,771.92,0.34375,737.0990909,6256,1
13717,613.84,12.4,45,United Kingdom,28,3,183,2,2.5,1.25,2,1,216,204.6133333,0.013888889,0.004072723,0,0,444.41,169.43,0.875,21.92285714,648,0
13718,114.05,19.28571429,7,United Kingdom,26,1,270,0,0,0,0,0,26,114.05,0.038461538,0,0,0,40,74.05,0.531697342,4.386538462,26,0
13719,1740.42,5.22459893,187,United Kingdom,124,6,270,0,0,0,0,0,301,290.07,0.019933555,0,0,91.51,1236.12,412.79,3.875,14.03564516,1806,0
13721,217.4,14,14,United Kingdom,125,1,270,0,0,0,0,0,125,217.4,0.008,0,0,0,217.4,0,3.90625,1.7392,125,1
13722,4723.47,17.44,150,United Kingdom,13,8,270,0,0,0,0,0,376,590.43375,0.021276596,0,0,0,3253.62,1469.85,0.40625,363.3438462,3008,0
13723,994.23,10.57692308,52,United Kingdom,122,5,270,0,0,0,0,0,341,198.846,0.014662757,0,0,3.36,668.31,322.56,3.8125,8.14942623,1705,0
13724,213.01,3.095238095,42,United Kingdom,367,1,270,0,0,0,0,0,367,213.01,0.002724796,0,0,8,193.77,11.24,11.46875,0.580408719,367,1
13725,1424.08,6.857142857,70,United Kingdom,18,4,31,1,27.85,9.283333333,3,1,39,356.02,0.102564103,0.019556486,0,0,685.93,738.15,0.36809816,79.11555556,156,0
13727,727.92,3.171875,64,United Kingdom,342,6,342,1,12.75,12.75,1,3,460,121.32,0.013043478,0.017515661,0,55.75,217.33,454.84,6.993865031,2.128421053,2760,0
13728,1997.61,7.718181818,110,United Kingdom,41,11,270,0,0,0,0,0,460,181.6009091,0.023913043,0,0,0,842.34,1155.27,0.838445808,48.72219512,5060,0
13729,676.43,9.204545455,44,United Kingdom,166,3,166,2,48.3,9.66,5,2.8,414,225.4766667,0.007246377,0.071404284,0,18,414.98,243.45,5.1875,4.074879518,1242,1
13733,484.53,11.1,30,United Kingdom,141,2,461,1,2.5,2.5,1,2,465,242.265,0.004301075,0.005159639,0,0,444.73,39.8,4.40625,3.436382979,930,1
13734,3445.34,7.206896552,29,United Kingdom,239,4,248,2,3250.35,1625.175,2,46.5,333,861.335,0.012012012,0.943404715,0,34.15,66.29,3344.9,4.887525562,14.41564854,1332,1
13735,6657.88,6.35117773,467,United Kingdom,106,9,107,5,221.35,14.75666667,15,2.733333333,456,739.7644444,0.019736842,0.033246319,0,108.85,4577.38,1971.65,3.3125,62.81018868,4104,0
13736,1979.37,2.809139785,372,United Kingdom,156,5,156,4,43.3,5.4125,8,1,464,395.874,0.010775862,0.021875647,0,32.64,1456.18,490.55,4.875,12.68826923,2320,0
13738,434.78,2.662921348,89,United Kingdom,126,1,270,0,0,0,0,0,126,434.78,0.007936508,0,0,2.95,333.38,98.45,3.9375,3.450634921,126,1
13739,75.3,7.333333333,3,United Kingdom,258,1,270,0,0,0,0,0,258,75.3,0.003875969,0,0,0,75.3,0,8.0625,0.291860465,258,1
13740,1232.02,7.915492958,71,United Kingdom,145,4,270,0,0,0,0,0,468,308.005,0.008547009,0,0,5.8,823.64,402.58,4.53125,8.496689655,1872,0
13742,1135.28,2.777777778,171,United Kingdom,17,3,50,1,19.9,19.9,1,2,50,378.4266667,0.06,0.017528715,0,0,760.23,375.05,0.53125,66.78117647,150,0
13744,817.32,20.43181818,44,United Kingdom,22,1,270,0,0,0,0,0,22,817.32,0.045454545,0,0,8.5,783.32,25.5,0.6875,37.15090909,22,1
13745,469.73,19.24242424,33,United Kingdom,276,1,272,1,7.59,3.795,2,7.5,276,469.73,0.003623188,0.016158219,0,0,452.73,17,8.625,1.70192029,276,0
13746,176.69,9.222222222,9,United Kingdom,144,1,270,0,0,0,0,0,144,176.69,0.006944444,0,0,0,163.94,12.75,4.5,1.227013889,144,1
13747,169.8,12,5,United Kingdom,104,2,270,0,0,0,0,0,155,84.9,0.012903226,0,0,0,50.4,119.4,2.126789366,1.632692308,310,1
13748,1320.1,21.58064516,31,United Kingdom,104,5,270,0,0,0,0,0,468,264.02,0.010683761,0,0,0,1286.2,33.9,3.25,12.69326923,2340,0
13750,2605.14,17.7704918,61,United Kingdom,27,8,104,2,38.58,19.29,2,5,347,325.6425,0.023054755,0.014809185,0,0,2281.29,323.85,0.84375,96.48666667,2776,0
13751,296.25,16.88888889,9,United Kingdom,18,1,270,0,0,0,0,0,18,296.25,0.055555556,0,0,0,288.3,7.95,0.5625,16.45833333,18,1
13752,404.45,6.894736842,19,United Kingdom,258,1,270,0,0,0,0,0,258,404.45,0.003875969,0,0,0,271.7,132.75,8.0625,1.567635659,258,0
13753,2094.57,18.125,80,United Kingdom,18,4,270,0,0,0,0,0,467,523.6425,0.00856531,0,0,0,1606.37,488.2,0.5625,116.365,1868,1
13754,320.45,10.76470588,17,United Kingdom,47,2,270,0,0,0,0,0,167,160.225,0.011976048,0,0,0,226.8,93.65,1.46875,6.818085106,334,0
13756,4454.93,10.97247706,218,United Kingdom,89,12,111,1,15.9,15.9,1,2,454,371.2441667,0.026431718,0.00356908,0,90.97,3986.61,377.35,2.78125,50.05539326,5448,0
13757,195.55,6.75,8,United Kingdom,405,1,270,0,0,0,0,0,405,195.55,0.002469136,0,0,0,42.55,153,8.282208589,0.482839506,405,1
13758,6494.99,16.42439024,205,United Kingdom,65,10,301,3,51,10.2,5,1.6,469,649.499,0.021321962,0.007852206,0,60.45,5878.19,556.35,2.03125,99.92292308,4690,0
13760,1071.85,6.698412698,63,United Kingdom,134,3,313,1,5,5,1,4,323,357.2833333,0.009287926,0.004664832,0,0.85,491.2,579.8,2.740286299,7.998880597,969,0
13761,881.52,8.403846154,52,United Kingdom,233,4,270,0,0,0,0,0,387,220.38,0.010335917,0,0,16.47,674.72,190.33,7.28125,3.783347639,1548,0
13762,2165.76,83.42857143,28,United Kingdom,323,4,270,0,0,0,0,0,429,541.44,0.009324009,0,0,0,2165.76,0,10.09375,6.705139319,1716,0
13763,3492.53,69.30555556,36,United Kingdom,147,2,118,1,9.95,9.95,1,1,165,1746.265,0.012121212,0.002848938,0,0,2890.48,602.05,4.59375,23.75870748,330,1
13764,1892.14,6.229437229,231,United Kingdom,67,4,270,0,0,0,0,0,372,473.035,0.010752688,0,0,75.19,1409.09,407.86,2.09375,28.24089552,1488,0
13765,352.82,18.5,16,United Kingdom,383,1,270,0,0,0,0,0,383,352.82,0.002610966,0,0,0,222.82,130,11.96875,0.921201044,383,1
13766,190.35,8.058823529,17,United Kingdom,225,1,270,0,0,0,0,0,225,190.35,0.004444444,0,0,25.2,165.15,0,7.03125,0.846,225,1
13767,20649.23,17.0683112,527,United Kingdom,15,47,4,13,177.8,8.081818182,22,1.818181818,469,439.3453191,0.10021322,0.008610491,-6.75,10.9,16843.77,3801.31,0.46875,1376.615333,22043,0
13768,758.07,8.302325581,43,United Kingdom,457,2,294,6,117.9,11.79,10,1.6,461,379.035,0.004338395,0.155526534,0,0,731.02,27.05,14.28125,1.658796499,922,1
13769,3293.28,8.903409091,176,United Kingdom,56,12,52,5,14.65,2.092857143,7,1.428571429,454,274.44,0.026431718,0.004448453,0,27.72,2891.73,373.83,1.75,58.80857143,5448,0
13770,785.37,9.75,48,United Kingdom,152,4,270,0,0,0,0,0,460,196.3425,0.008695652,0,0,5.85,653.42,126.1,4.75,5.166907895,1840,1
13771,3094.37,17.1443299,97,United Kingdom,263,5,270,0,0,0,0,0,383,618.874,0.01305483,0,0,0,2241.96,852.41,8.21875,11.7656654,1915,0
13772,1957.89,2.232323232,396,United Kingdom,130,5,125,1,19.5,9.75,2,11,384,391.578,0.013020833,0.009959702,0,30.44,1232.67,694.78,4.0625,15.06069231,1920,0
13773,301.54,9.157894737,19,United Kingdom,127,2,270,0,0,0,0,0,390,150.77,0.005128205,0,0,0,264.24,37.3,3.96875,2.374330709,780,1
13775,1049.66,7.222222222,63,United Kingdom,321,1,270,0,0,0,0,0,321,1049.66,0.003115265,0,0,21.05,511.31,517.3,6.564417178,3.269968847,321,1
13777,31796.87,55.79310345,261,United Kingdom,6,43,46,6,348.48,11.24129032,31,4.064516129,468,739.462093,0.091880342,0.010959569,-9.3,-22.95,30594.82,1234.3,0.1875,5299.478333,20124,0
13778,937.84,12.22222222,36,United Kingdom,221,3,257,1,7.95,7.95,1,1,295,312.6133333,0.010169492,0.008476926,0,0,673.48,264.36,6.90625,4.24361991,885,1
13779,161.13,1.962962963,27,United Kingdom,246,1,270,0,0,0,0,0,246,161.13,0.004065041,0,0,4.6,70.23,86.3,5.030674847,0.655,246,1
13780,372.06,3.926829268,41,United Kingdom,137,1,270,0,0,0,0,0,137,372.06,0.00729927,0,0,113.4,211.11,47.55,4.28125,2.715766423,137,0
13781,643.04,6.56097561,41,United Kingdom,322,2,448,1,7.95,7.95,1,1,451,321.52,0.00443459,0.01236315,0,0,506.04,137,10.0625,1.997018634,902,0
13782,1061.21,2.351851852,162,United Kingdom,58,8,254,1,7.95,7.95,1,1,463,132.65125,0.017278618,0.007491448,0,16.1,606.68,438.43,1.8125,18.29672414,3704,0
13783,1542.09,343.7,10,United Kingdom,218,4,270,0,0,0,0,0,403,385.5225,0.009925558,0,0,0,1542.09,0,6.8125,7.073807339,1612,1
13784,860.78,48.60869565,23,United Kingdom,12,7,179,1,13.05,6.525,2,2.5,181,122.9685714,0.038674033,0.015160668,0,0,746.03,114.75,0.375,71.73166667,1267,0
13785,542.49,5.033333333,30,United Kingdom,159,4,270,0,0,0,0,0,190,135.6225,0.021052632,0,0,0,291.85,250.64,4.96875,3.411886792,760,1
13786,3112.99,12.84615385,117,United Kingdom,97,6,105,1,15,15,1,12,466,518.8316667,0.012875536,0.004818519,0,59.4,2125.94,927.65,3.03125,32.09268041,2796,1
13787,971.06,10.08571429,70,United Kingdom,94,5,186,3,48.8,6.1,8,1.375,425,194.212,0.011764706,0.050254361,0,11.8,697.36,261.9,2.9375,10.33042553,2125,1
13788,3.75,1,1,United Kingdom,235,1,270,0,0,0,0,0,235,3.75,0.004255319,0,0,0,3.75,0,7.34375,0.015957447,235,1
13789,239.46,14.33333333,18,United Kingdom,118,1,270,0,0,0,0,0,118,239.46,0.008474576,0,0,0,239.46,0,3.6875,2.029322034,118,1
13792,263,6.571428571,14,United Kingdom,17,2,270,0,0,0,0,0,153,131.5,0.013071895,0,0,15.3,162.5,85.2,0.53125,15.47058824,306,1
13793,96,7.428571429,7,United Kingdom,377,1,270,0,0,0,0,0,377,96,0.00265252,0,0,0,96,0,11.78125,0.25464191,377,1
13794,126.03,7,9,United Kingdom,277,1,270,0,0,0,0,0,277,126.03,0.003610108,0,0,0,79.65,46.38,8.65625,0.454981949,277,1
13795,836.3,43.10344828,29,United Kingdom,118,4,270,0,0,0,0,0,368,209.075,0.010869565,0,0,12.5,795.15,28.65,3.6875,7.087288136,1472,1
13796,289.7,9.909090909,22,United Kingdom,229,1,270,0,0,0,0,0,229,289.7,0.004366812,0,0,0,253.35,36.35,7.15625,1.265065502,229,1
13797,1168.45,7.125,80,United Kingdom,167,3,376,1,11,5.5,2,1.5,378,389.4833333,0.007936508,0.009414181,0,15.3,767.53,385.62,5.21875,6.996706587,1134,1
13798,48319.14,49.90996785,622,United Kingdom,4,66,50,11,1956.8,13.58888889,144,5.534722222,461,732.1081818,0.143167028,0.04049741,0,59.36,39497.18,8762.6,0.125,12079.785,30426,0
13799,1692.66,12.27956989,93,United Kingdom,24,8,167,4,763.75,76.375,10,18.1,374,211.5825,0.021390374,0.451212884,0,19.8,1499.31,173.55,0.75,70.5275,2992,0
13800,1679.56,12.20547945,73,United Kingdom,40,3,270,0,0,0,0,0,467,559.8533333,0.006423983,0,0,15,1298.21,366.35,1.25,41.989,1401,1
13802,22437.58,29.60774818,413,United Kingdom,42,17,91,3,191.85,38.37,5,3.8,392,1319.857647,0.043367347,0.008550387,0,35.4,17491.96,4910.22,1.3125,534.2280952,6664,0
13803,1042.04,11.25806452,62,United Kingdom,162,2,343,1,19.8,19.8,1,12,349,521.02,0.005730659,0.01900119,0,17.7,896.84,127.5,5.0625,6.432345679,698,0
13804,1296.36,10.30136986,73,United Kingdom,20,3,270,0,0,0,0,0,167,432.12,0.017964072,0,0,0,1070.06,226.3,0.625,64.818,501,0
13807,397.3,4.222222222,27,United Kingdom,97,3,462,1,24.9,12.45,2,1,466,132.4333333,0.006437768,0.062673043,0,0,195.8,201.5,1.983640082,4.095876289,1398,1
13809,679.7,11.24,25,Cyprus,35,3,270,0,0,0,0,0,191,226.5666667,0.015706806,0,0,0,410.1,269.6,1.09375,19.42,573,1
13813,1153.01,9.179487179,78,Germany,258,4,252,3,65.6,8.2,8,1.75,464,288.2525,0.00862069,0.056894563,0,9.9,1017.61,125.5,8.0625,4.469031008,1856,0
13814,676.95,15.17391304,23,Germany,257,1,243,1,1.25,1.25,1,1,257,676.95,0.003891051,0.001846517,0,0,471.85,205.1,8.03125,2.634046693,257,0
13815,3814.89,14.58189655,232,Germany,49,5,126,1,177.5,44.375,4,5,396,762.978,0.012626263,0.046528209,0,18.75,3380.34,415.8,1.53125,77.85489796,1980,0
13817,110.7,7.75,8,Germany,82,1,270,0,0,0,0,0,82,110.7,0.012195122,0,0,0,110.7,0,2.5625,1.35,82,1
13818,61.28,12,5,United Kingdom,160,1,270,0,0,0,0,0,160,61.28,0.00625,0,0,0,61.28,0,5,0.383,160,1
13819,2631.1,22.13461538,104,United Kingdom,32,6,458,1,11.25,3.75,3,2.333333333,468,438.5166667,0.012820513,0.004275778,0,0,2542.1,89,1,82.221875,2808,1
13820,632.5,3.065217391,92,United Kingdom,148,3,377,2,20.25,6.75,3,1,411,210.8333333,0.00729927,0.03201581,0,10.85,378,243.65,4.625,4.273648649,1233,1
13821,969.74,2.178082192,146,United Kingdom,123,4,122,1,23.7,23.7,1,6,434,242.435,0.00921659,0.02443954,0,45.85,474.64,449.25,3.84375,7.884065041,1736,0
13823,2400.89,8.896825397,126,United Kingdom,110,5,109,1,44.9,14.96666667,3,1.333333333,454,480.178,0.011013216,0.018701398,0,0,1737.15,663.74,3.4375,21.82627273,2270,1
13824,2017.3,13.88405797,69,United Kingdom,40,8,133,2,41.4,10.35,4,2,367,252.1625,0.021798365,0.020522481,0,0,1680.6,336.7,1.25,50.4325,2936,0
13825,255.59,4.55,40,United Kingdom,352,2,270,0,0,0,0,0,460,127.795,0.004347826,0,0,6.35,219.59,29.65,11,0.726107955,920,1
13829,0,0,2,United Kingdom,151,1,89,1,102,102,1,12,151,0,0.006622517,102,0,0,0,0,5.6133829,0,151,1
13830,135.95,3.461538462,13,United Kingdom,312,1,304,1,20.9,10.45,2,1,312,135.95,0.003205128,0.15373299,0,0,60.65,75.3,6.380368098,0.435737179,312,1
13831,4780.69,15.56896552,116,United Kingdom,100,13,132,2,14.4,3.6,4,1,459,367.7453846,0.02832244,0.003012117,0,17.7,3359.09,1403.9,3.125,47.8069,5967,0
13832,557.69,7.538461538,52,United Kingdom,152,1,270,0,0,0,0,0,152,557.69,0.006578947,0,0,112.9,291.59,153.2,4.75,3.669013158,152,1
13833,316.56,7.875,16,United Kingdom,134,1,270,0,0,0,0,0,134,316.56,0.007462687,0,0,0,213.86,102.7,4.1875,2.36238806,134,0
13834,269.89,10.75,20,United Kingdom,307,2,452,1,54.3,13.575,4,1.5,399,134.945,0.005012531,0.201193079,0,61.2,153.09,55.6,9.59375,0.879120521,798,1
13835,210.25,3.944444444,18,United Kingdom,250,3,299,1,50.45,25.225,2,3.5,376,70.08333333,0.007978723,0.239952438,0,0,134.3,75.95,7.8125,0.841,1128,0
13836,602.52,8.181818182,33,United Kingdom,129,2,140,1,17.85,8.925,2,1.5,144,301.26,0.013888889,0.029625573,0,0,444.62,157.9,4.03125,4.670697674,288,1
13837,109.05,7.625,8,United Kingdom,48,1,270,0,0,0,0,0,48,109.05,0.020833333,0,0,0,109.05,0,1.5,2.271875,48,0
13838,1245.91,1.81184669,287,United Kingdom,100,7,270,0,0,0,0,0,310,177.9871429,0.022580645,0,0,9.6,854.67,381.64,3.125,12.4591,2170,0
13839,139.95,3.571428571,7,United Kingdom,216,1,270,0,0,0,0,0,216,139.95,0.00462963,0,0,0,104.25,35.7,6.75,0.647916667,216,1
13840,651.4,8.95,40,United Kingdom,146,1,270,0,0,0,0,0,146,651.4,0.006849315,0,0,15,506.4,130,4.5625,4.461643836,146,1
13842,3127.37,6.936893204,206,United Kingdom,4,13,305,1,24.95,8.316666667,3,2.333333333,391,240.5669231,0.033248082,0.00797795,0,34.95,1920.67,1171.75,0.125,781.8425,5083,0
13843,319.75,8.055555556,18,United Kingdom,111,1,270,0,0,0,0,0,111,319.75,0.009009009,0,0,0,244.15,75.6,3.46875,2.880630631,111,1
13846,854.13,10.2037037,54,United Kingdom,90,2,270,0,0,0,0,0,130,427.065,0.015384615,0,0,32.7,725.18,96.25,2.8125,9.490333333,260,0
13847,310.72,5.052631579,19,United Kingdom,450,1,270,0,0,0,0,0,450,310.72,0.002222222,0,0,0,147.07,163.65,9.202453988,0.690488889,450,1
13848,2695,911.1111111,9,United Kingdom,28,7,270,0,0,0,0,0,460,385,0.015217391,0,0,0,2695,0,0.875,96.25,3220,1
13849,1905.85,7.208333333,120,United Kingdom,128,3,154,1,25.5,25.5,1,2,355,635.2833333,0.008450704,0.013379857,0,17.7,1330.7,557.45,4,14.88945313,1065,0
13851,2111.62,12.51948052,77,United Kingdom,18,6,125,1,89.7,89.7,1,6,410,351.9366667,0.014634146,0.042479234,0,0,1958.02,153.6,0.5625,117.3122222,2460,0
13852,170.45,6.076923077,13,United Kingdom,341,1,337,1,16.9,8.45,2,3,341,170.45,0.002932551,0.099149311,0,0,152.6,17.85,10.65625,0.499853372,341,1
13854,6650.95,18.21008403,119,United Kingdom,0,23,53,4,74.95,18.7375,4,3.25,431,289.1717391,0.053364269,0.011269067,0,62.4,3077.8,3510.75,0,6650.95,9913,0
13855,1253.94,7.285714286,77,United Kingdom,231,4,432,1,56.4,14.1,4,3.5,461,313.485,0.00867679,0.044978229,0,11.55,1014.68,227.71,7.21875,5.428311688,1844,1
13856,695.48,13.37777778,45,United Kingdom,193,8,305,2,58.05,11.61,5,1.8,349,86.935,0.022922636,0.083467533,0,0,485.49,209.99,6.03125,3.603523316,2792,0
13857,997.01,6.0859375,128,United Kingdom,123,6,123,1,3.9,3.9,1,2,301,166.1683333,0.019933555,0.003911696,0,20.9,841.88,134.23,3.84375,8.105772358,1806,1
13859,515.86,4.638888889,36,United Kingdom,56,2,270,0,0,0,0,0,259,257.93,0.007722008,0,0,0,236.06,279.8,1.145194274,9.211785714,518,1
13861,251.31,9.565217391,23,United Kingdom,159,2,253,1,21.95,10.975,2,2.5,261,125.655,0.007662835,0.087342326,0,0,218.66,32.65,4.96875,1.580566038,522,1
13862,1015.98,10.96923077,65,United Kingdom,21,3,59,1,9.6,4.8,2,1.5,119,338.66,0.025210084,0.009449005,0,0,973.43,42.55,0.65625,48.38,357,0
13863,918.07,6.288461538,52,United Kingdom,195,3,179,1,15.7,7.85,2,1,323,306.0233333,0.009287926,0.017101093,0,0,602.02,316.05,6.09375,4.708051282,969,0
13864,662.4,192,1,United Kingdom,117,1,270,0,0,0,0,0,117,662.4,0.008547009,0,0,0,662.4,0,3.65625,5.661538462,117,1
13865,123.3,6,7,United Kingdom,20,1,270,0,0,0,0,0,20,123.3,0.05,0,0,0,70.2,53.1,0.625,6.165,20,0
13869,5799.23,4.976821192,604,United Kingdom,43,8,270,0,0,0,0,0,421,724.90375,0.019002375,0,0,83.15,3911.68,1804.4,1.34375,134.865814,3368,0
13870,3482.62,15.57142857,161,United Kingdom,18,8,110,1,2.55,2.55,1,1,400,435.3275,0.02,0.000732207,0,0,3317.37,165.25,0.5625,193.4788889,3200,0
13871,2268.75,8.818965517,116,United Kingdom,5,6,154,3,67.45,13.49,5,7,449,378.125,0.013363029,0.029730028,0,0,1926.55,342.2,0.15625,453.75,2694,0
13872,891.32,5.442622951,61,United Kingdom,257,3,243,3,28.25,7.0625,4,1.75,456,297.1066667,0.006578947,0.031694565,0,32.7,583.57,275.05,8.03125,3.468171206,1368,1
13873,762.87,7.977777778,45,United Kingdom,40,6,34,1,7.9,7.9,1,2,377,127.145,0.015915119,0.010355631,0,15.3,374.02,373.55,1.25,19.07175,2262,0
13874,1989.2,11.65753425,73,United Kingdom,88,7,245,3,59.95,14.9875,4,3.25,403,284.1714286,0.017369727,0.030137744,0,0,1649.78,339.42,2.75,22.60454545,2821,1
13875,3368.23,10.83157895,190,United Kingdom,31,10,270,0,0,0,0,0,453,336.823,0.022075055,0,0,7.8,2701.52,658.91,0.96875,108.6525806,4530,0
13877,329.09,16.68181818,22,United Kingdom,200,2,194,2,3.35,1.675,2,1.5,420,164.545,0.004761905,0.010179586,0,0,301.39,27.7,6.25,1.64545,840,1
13878,1145.33,6.925373134,67,United Kingdom,278,3,270,0,0,0,0,0,334,381.7766667,0.008982036,0,0,27.1,500.43,617.8,5.685071575,4.119892086,1002,0
13879,395.5,8.16,25,United Kingdom,376,1,270,0,0,0,0,0,376,395.5,0.002659574,0,0,33,226.15,136.35,11.75,1.051861702,376,1
13880,1582.19,11.3452381,84,United Kingdom,14,7,270,0,0,0,0,0,292,226.0271429,0.023972603,0,0,0,1496.54,85.65,0.4375,113.0135714,2044,0
13881,29102.22,67.75,304,United Kingdom,8,25,153,6,616.6,77.075,8,32.25,375,1164.0888,0.066666667,0.021187387,0,105,21868.27,7128.95,0.25,3637.7775,9375,0
13883,3748.74,11.72777778,180,United Kingdom,133,9,56,8,112.15,14.01875,8,4.375,379,416.5266667,0.023746702,0.029916719,0,19.8,3037.14,691.8,4.15625,28.18601504,3411,0
13884,1197.58,3.722627737,137,United Kingdom,7,8,7,4,36.1,9.025,4,1.75,200,149.6975,0.04,0.030144124,0,13.45,876.08,308.05,0.21875,171.0828571,1600,1
13888,1405.92,4.098484848,132,United Kingdom,135,5,270,0,0,0,0,0,306,281.184,0.016339869,0,0,19.9,890.74,495.28,4.21875,10.41422222,1530,0
13889,1438.83,10.68,75,United Kingdom,112,5,196,2,135.5,19.35714286,7,4.571428571,416,287.766,0.012019231,0.094173738,0,27.05,1387.18,24.6,3.5,12.84669643,2080,1
13890,1183.12,7.777777778,81,United Kingdom,89,5,47,5,50.8,7.257142857,7,3.428571429,463,236.624,0.010799136,0.042937318,0,0,1040.62,142.5,2.78125,13.29348315,2315,1
13891,859.21,4.808080808,99,United Kingdom,108,3,270,0,0,0,0,0,312,286.4033333,0.009615385,0,0,6.25,652.46,200.5,3.375,7.955648148,936,1
13892,634.68,238,9,United Kingdom,208,2,270,0,0,0,0,0,306,317.34,0.006535948,0,0,0,634.68,0,6.5,3.051346154,612,0
13893,821.1,9.047619048,21,United Kingdom,28,1,270,0,0,0,0,0,28,821.1,0.035714286,0,0,0,311.5,509.6,0.572597137,29.325,28,1
13894,150.95,9,11,United Kingdom,40,1,32,1,9.9,9.9,1,6,40,150.95,0.025,0.065584631,0,0,133.95,17,1.25,3.77375,40,1
13895,1335.5,10.05797101,69,United Kingdom,246,2,236,1,79.95,79.95,1,1,466,667.75,0.004291845,0.059865219,0,17.7,990.6,327.2,7.6875,5.428861789,932,0
13896,388.55,7.095238095,21,United Kingdom,356,1,270,0,0,0,0,0,356,388.55,0.002808989,0,0,0,228.35,160.2,11.125,1.091432584,356,1
13897,849.56,14.76190476,42,United Kingdom,168,2,270,0,0,0,0,0,407,424.78,0.004914005,0,0,0,821.61,27.95,5.25,5.056904762,814,1
13898,686.4,11.82608696,46,United Kingdom,56,2,270,0,0,0,0,0,141,343.2,0.014184397,0,0,15.3,634.2,36.9,1.75,12.25714286,282,1
13899,298.5,8.133333333,15,United Kingdom,5,1,270,0,0,0,0,0,5,298.5,0.2,0,0,0,247.5,51,0.15625,59.7,5,1
13900,867.14,9.547169811,53,United Kingdom,119,3,110,1,2.5,2.5,1,2,354,289.0466667,0.008474576,0.002883041,0,0,767.34,99.8,3.71875,7.286890756,1062,0
13901,2946.54,9.172222222,180,United Kingdom,49,11,183,5,77,9.625,8,2.25,434,267.8672727,0.025345622,0.026132345,0,149.55,1833.19,963.8,1.53125,60.13346939,4774,0
13902,30375.26,3355.2,65,Denmark,362,5,391,2,3648,1216,3,836,455,6075.052,0.010989011,0.120097737,0,41.88,29553.33,780.05,11.3125,83.90955801,2275,1
13903,165.45,10.3,10,United Kingdom,130,1,270,0,0,0,0,0,130,165.45,0.007692308,0,0,0,114.9,50.55,4.0625,1.272692308,130,1
13904,201.12,13.11764706,17,United Kingdom,25,1,270,0,0,0,0,0,25,201.12,0.04,0,0,0,201.12,0,0.78125,8.0448,25,1
13905,244.45,8.266666667,15,United Kingdom,463,1,301,2,68.2,22.73333333,3,3.666666667,463,244.45,0.002159827,0.278993659,0,0,93.6,150.85,9.468302658,0.527969762,463,1
13906,42,100,1,United Kingdom,139,1,270,0,0,0,0,0,139,42,0.007194245,0,0,0,42,0,4.34375,0.302158273,139,1
13907,136.8,17,4,United Kingdom,422,1,270,0,0,0,0,0,422,136.8,0.002369668,0,0,0,136.8,0,13.1875,0.324170616,422,1
13908,446,12.88888889,27,United Kingdom,7,1,270,0,0,0,0,0,7,446,0.142857143,0,0,0,395.25,50.75,0.21875,63.71428571,7,0
13909,282.85,7.921052632,38,United Kingdom,153,2,270,0,0,0,0,0,251,141.425,0.007968127,0,0,11.25,172.7,98.9,4.78125,1.84869281,502,1
13911,2178.4,16.04477612,134,United Kingdom,28,13,203,2,34.95,8.7375,4,2.75,378,167.5692308,0.034391534,0.016043885,0,95.4,1771.85,311.15,0.875,77.8,4914,0
13912,124.95,4.142857143,7,United Kingdom,154,1,270,0,0,0,0,0,154,124.95,0.006493506,0,0,0,73.35,51.6,4.8125,0.811363636,154,1
13913,42.22,3.333333333,3,United Kingdom,237,1,270,0,0,0,0,0,237,42.22,0.004219409,0,0,0,13.52,28.7,4.846625767,0.17814346,237,1
13915,31.2,4,4,United Kingdom,124,1,461,1,39.6,19.8,2,4,124,31.2,0.008064516,1.269230769,0,53.1,-39.6,17.7,4.609665428,0.251612903,124,1
13916,1260.51,8.893333333,75,United Kingdom,194,4,469,1,15.3,15.3,1,6,406,315.1275,0.009852217,0.012137944,0,3.45,794.5,462.56,6.0625,6.497474227,1624,1
13919,903.87,13.93617021,47,Denmark,155,2,270,0,0,0,0,0,271,451.935,0.007380074,0,0,30,817.07,56.8,4.84375,5.831419355,542,0
13920,1734.88,20.09090909,88,United Kingdom,162,4,257,1,39.8,19.9,2,2,292,433.72,0.01369863,0.022941068,0,50.22,1173.18,511.48,5.0625,10.7091358,1168,1
13921,720.75,4.644444444,45,United Kingdom,132,4,129,1,9.95,9.95,1,1,452,180.1875,0.008849558,0.013805064,0,25.2,457,238.55,4.125,5.460227273,1808,1
13922,826.65,14.1875,32,United Kingdom,82,3,147,2,38.55,19.275,2,6.5,197,275.55,0.015228426,0.046634005,0,0,557.45,269.2,2.5625,10.08109756,591,1
13927,340.97,10.56521739,23,United Kingdom,167,1,144,1,18.3,6.1,3,2,167,340.97,0.005988024,0.053670411,0,0,292.22,48.75,5.21875,2.041736527,167,1
13929,2888.3,27.35849057,53,United Kingdom,56,10,52,3,176,58.66666667,3,5.333333333,425,288.83,0.023529412,0.060935498,0,0,1293.81,1594.49,1.145194274,51.57678571,4250,0
13931,4398.06,12.7639485,233,United Kingdom,11,10,270,0,0,0,0,0,467,439.806,0.021413276,0,0,132.75,3858.86,406.45,0.34375,399.8236364,4670,1
13932,307.4,4.5,16,United Kingdom,25,1,270,0,0,0,0,0,25,307.4,0.04,0,0,0,183.9,123.5,0.78125,12.296,25,1
13935,6116.92,28.15,80,United Kingdom,327,3,270,0,0,0,0,0,382,2038.973333,0.007853403,0,0,0,3939.92,2177,10.21875,18.70617737,1146,1
13936,563.08,10.03030303,33,United Kingdom,113,2,270,0,0,0,0,0,144,281.54,0.013888889,0,0,0,528.18,34.9,3.53125,4.98300885,288,0
13937,708.53,10.06521739,46,United Kingdom,133,1,126,1,12.75,12.75,1,1,133,708.53,0.007518797,0.017995004,0,0,639.03,69.5,4.15625,5.327293233,133,0
13939,1149.61,11.9375,80,United Kingdom,42,5,41,3,27.3,9.1,3,2.666666667,343,229.922,0.014577259,0.023747184,0,25.3,985.86,138.45,1.3125,27.37166667,1715,1
13941,6957.58,48.72463768,69,United Kingdom,28,12,101,1,75.6,75.6,1,36,453,579.7983333,0.026490066,0.010865847,0,55.44,5430.12,1472.02,0.875,248.485,5436,0
13942,320,1000,1,United Kingdom,265,1,270,0,0,0,0,0,265,320,0.003773585,0,0,0,320,0,8.28125,1.20754717,265,1
13943,246.54,6.266666667,15,United Kingdom,308,1,270,0,0,0,0,0,308,246.54,0.003246753,0,0,15,189.04,42.5,9.625,0.800454545,308,1
13944,200.43,4.371428571,35,United Kingdom,383,1,270,0,0,0,0,0,383,200.43,0.002610966,0,0,6.3,194.13,0,11.96875,0.523315927,383,1
13945,854.15,8.098039216,51,United Kingdom,125,2,270,0,0,0,0,0,210,427.075,0.00952381,0,0,0,640,214.15,3.90625,6.8332,420,1
13946,1183.86,51.73913043,46,United Kingdom,106,3,235,1,130.8,130.8,1,24,466,394.62,0.006437768,0.110486037,0,28.4,956.71,198.75,3.3125,11.16849057,1398,0
13948,536.86,9.84,25,United Kingdom,91,4,376,1,11.9,11.9,1,2,466,134.215,0.008583691,0.022165928,0,0,249.41,287.45,1.860940695,5.89956044,1864,1
13951,212.56,11.66666667,12,United Kingdom,24,1,270,0,0,0,0,0,24,212.56,0.041666667,0,0,0,187.06,25.5,0.75,8.856666667,24,0
13952,9544.8,16.41090909,275,United Kingdom,110,12,104,2,27.65,9.216666667,3,1,454,795.4,0.026431718,0.002896865,0,86.1,6462.4,2996.3,3.4375,86.77090909,5448,0
13953,4125,471.4285714,7,United Kingdom,5,7,270,0,0,0,0,0,458,589.2857143,0.015283843,0,0,0,4125,0,0.15625,825,3206,0
13955,426.21,3.619047619,63,United Kingdom,36,2,270,0,0,0,0,0,105,213.105,0.019047619,0,0,24.8,206.16,195.25,1.125,11.83916667,210,0
13956,118.02,2.666666667,21,United Kingdom,1,1,270,0,0,0,0,0,1,118.02,1,0,0,0,84.12,33.9,0.03125,118.02,1,0
13957,458.25,5.814814815,27,United Kingdom,148,3,270,0,0,0,0,0,389,152.75,0.007712082,0,0,0,233.4,224.85,4.625,3.096283784,1167,1
13958,4504.78,9.040816327,245,United Kingdom,110,8,102,4,204.45,11.35833333,18,2.722222222,464,563.0975,0.017241379,0.045385124,0,12.6,3084.43,1407.75,3.4375,40.95254545,3712,1
13959,808.17,5.316831683,101,United Kingdom,11,5,270,0,0,0,0,0,241,161.634,0.020746888,0,0,101.03,542.29,164.85,0.34375,73.47,1205,1
13961,498.7,10.57142857,21,United Kingdom,122,1,115,1,39.7,19.85,2,2,122,498.7,0.008196721,0.079606978,0,0,423.8,74.9,3.8125,4.087704918,122,1
13962,193.25,6.083333333,12,United Kingdom,166,1,270,0,0,0,0,0,166,193.25,0.006024096,0,0,0,100.8,92.45,5.1875,1.164156627,166,0
13963,2748.32,11.83431953,169,United Kingdom,38,17,258,1,112.25,28.0625,4,1.75,327,161.6658824,0.051987768,0.040843133,0,162.65,1863.58,722.09,1.1875,72.32421053,5559,1
13964,421.9,9.04,25,United Kingdom,117,2,158,1,17,17,1,2,161,210.95,0.01242236,0.040293909,0,0,404.9,17,3.65625,3.605982906,322,1
13965,777.66,14.35714286,28,United Kingdom,207,3,185,2,218.95,54.7375,4,5.75,433,259.22,0.006928406,0.281549778,0,0,394.16,383.5,6.46875,3.756811594,1299,1
13966,384.26,36.19047619,21,United Kingdom,165,1,270,0,0,0,0,0,165,384.26,0.006060606,0,0,0,384.26,0,5.15625,2.328848485,165,1
13967,85.6,6,4,United Kingdom,126,1,270,0,0,0,0,0,126,85.6,0.007936508,0,0,0,65.7,19.9,3.9375,0.679365079,126,0
13968,123.66,21.75,8,United Kingdom,153,1,270,0,0,0,0,0,153,123.66,0.006535948,0,0,0,123.66,0,4.78125,0.808235294,153,1
13969,4526.27,4.99796334,491,United Kingdom,52,19,256,2,85.85,42.925,2,1.5,354,238.2247368,0.053672316,0.018967052,0,43.14,3965.23,517.9,1.625,87.04365385,6726,0
13970,846.55,36.07692308,13,United Kingdom,116,2,270,0,0,0,0,0,168,423.275,0.011904762,0,0,0,812.55,34,3.625,7.297844828,336,1
13971,2225.09,12.14634146,123,United Kingdom,16,7,147,1,17.7,17.7,1,6,413,317.87,0.016949153,0.007954734,0,10.2,2004.56,210.33,0.5,139.068125,2891,0
13973,264.7,9.909090909,11,United Kingdom,17,1,270,0,0,0,0,0,17,264.7,0.058823529,0,0,0,171.75,92.95,0.53125,15.57058824,17,1
13974,249.93,6.176470588,17,United Kingdom,312,1,308,2,14.2,7.1,2,1,312,249.93,0.003205128,0.056815908,0,0,209.1,40.83,9.75,0.801057692,312,1
13975,3434.77,4.990494297,526,United Kingdom,7,7,4,2,31.55,10.51666667,3,2.666666667,405,490.6814286,0.017283951,0.009185477,0,46.3,3222.02,166.45,0.21875,490.6814286,2835,0
13976,834.38,6.47826087,46,United Kingdom,237,3,270,0,0,0,0,0,398,278.1266667,0.007537688,0,0,35.4,451.85,347.13,7.40625,3.520590717,1194,0
13977,519.81,23.30769231,13,United Kingdom,141,1,270,0,0,0,0,0,141,519.81,0.007092199,0,0,0,299.01,220.8,4.40625,3.686595745,141,1
13979,2414.36,4.618075802,343,United Kingdom,123,6,124,4,89.4,14.9,6,3,467,402.3933333,0.012847966,0.037028446,0,48.81,1881.35,484.2,3.84375,19.62894309,2802,1
13980,521.88,5.089285714,56,United Kingdom,169,4,167,4,46.8,11.7,4,1.5,386,130.47,0.010362694,0.089675788,0,0,373.63,148.25,5.28125,3.088047337,1544,1
13981,327.39,10.13043478,23,United Kingdom,146,1,131,1,3.75,3.75,1,1,146,327.39,0.006849315,0.011454229,0,3.04,211.05,113.3,4.5625,2.24239726,146,1
13982,2970.18,10.6091954,174,United Kingdom,56,7,230,3,16.1,2.0125,8,1,418,424.3114286,0.016746411,0.005420547,0,0,2688.48,281.7,1.75,53.03892857,2926,0
13983,4998.33,10.82269504,282,United Kingdom,36,13,133,8,102.07,7.851538462,13,7.769230769,460,384.4869231,0.02826087,0.020420821,0,70.35,3412.19,1515.79,1.125,138.8425,5980,0
13984,1258.04,9.913580247,81,United Kingdom,55,9,270,0,0,0,0,0,463,139.7822222,0.019438445,0,0,2.95,1232.74,22.35,1.71875,22.87345455,4167,0
13985,2957.78,11.28787879,132,United Kingdom,105,7,165,1,2.95,2.95,1,1,398,422.54,0.01758794,0.00099737,0,23.6,2425.5,508.68,3.28125,28.16933333,2786,0
13987,682.54,10.69565217,46,United Kingdom,110,2,270,0,0,0,0,0,131,341.27,0.015267176,0,0,0,651.79,30.75,3.4375,6.204909091,262,1
13988,609.84,5.590163934,61,United Kingdom,114,2,270,0,0,0,0,0,356,304.92,0.005617978,0,0,0,497.59,112.25,3.5625,5.349473684,712,0
13989,759.98,19.86666667,45,United Kingdom,194,3,270,0,0,0,0,0,294,253.3266667,0.010204082,0,0,0,759.98,0,6.0625,3.91742268,882,0
13992,142.7,15,6,United Kingdom,110,2,270,0,0,0,0,0,193,71.35,0.010362694,0,0,0,126.8,15.9,3.4375,1.297272727,386,1
13993,4103.55,8.033333333,180,United Kingdom,20,12,111,2,28.65,14.325,2,3.5,467,341.9625,0.025695931,0.00698176,0,0,2405.3,1698.25,0.625,205.1775,5604,0
13995,2452.77,9.649006623,151,United Kingdom,109,9,193,3,55.55,7.935714286,7,3.285714286,452,272.53,0.019911504,0.022647863,0,7.65,2231.94,213.18,3.40625,22.50247706,4068,0
13996,845.76,19.125,32,United Kingdom,116,2,270,0,0,0,0,0,129,422.88,0.015503876,0,0,132,517.86,195.9,3.625,7.291034483,258,1
13997,376.46,3.25,44,United Kingdom,249,3,270,0,0,0,0,0,280,125.4866667,0.010714286,0,0,5.1,203.66,167.7,7.78125,1.51188755,840,1
13998,566.7,6.580645161,31,United Kingdom,177,3,270,0,0,0,0,0,306,188.9,0.009803922,0,0,57.9,326.3,182.5,5.53125,3.201694915,918,1
13999,6182.45,10.90508475,295,United Kingdom,52,19,238,4,27.7,5.54,5,1.6,465,325.3921053,0.040860215,0.004480424,0,17.7,4221.8,1942.95,1.625,118.8932692,8835,0
14000,1243.88,30.66666667,36,United Kingdom,144,4,214,2,166.8,83.4,2,12,468,310.97,0.008547009,0.134096537,0,45,673.28,525.6,4.5,8.638055556,1872,0
14001,2487.01,12.47945205,73,United Kingdom,103,7,270,0,0,0,0,0,224,355.2871429,0.03125,0,0,0,1993.06,493.95,3.21875,24.14572816,1568,0
14003,209.41,9.3125,16,United Kingdom,463,1,270,0,0,0,0,0,463,209.41,0.002159827,0,0,0,136.01,73.4,14.46875,0.452289417,463,1
14004,2575.83,11.50505051,99,United Kingdom,19,5,270,0,0,0,0,0,166,515.166,0.030120482,0,0,0,1764.58,811.25,0.59375,135.57,830,0
14006,1538.92,32.88888889,54,United Kingdom,42,5,270,0,0,0,0,0,383,307.784,0.01305483,0,0,6.6,1486.92,45.4,1.3125,36.64095238,1915,0
14007,79.48,3.2,5,United Kingdom,243,1,270,0,0,0,0,0,243,79.48,0.004115226,0,0,12.6,0,66.88,4.969325153,0.327078189,243,1
14008,493.74,9.696969697,33,United Kingdom,162,1,105,1,15.3,15.3,1,6,162,493.74,0.00617284,0.030987969,0,0,493.74,0,5.0625,3.047777778,162,1
14009,404.3,18.3125,32,United Kingdom,193,1,270,0,0,0,0,0,193,404.3,0.005181347,0,0,0,353.3,51,6.03125,2.094818653,193,0
14010,288.1,4.571428571,28,United Kingdom,295,2,295,1,157.05,39.2625,4,12.25,296,144.05,0.006756757,0.545123221,0,59.4,152.45,76.25,9.21875,0.976610169,592,1
14011,451.92,19.45454545,33,United Kingdom,210,2,326,1,5.9,5.9,1,2,337,225.96,0.005934718,0.013055408,0,0,402.72,49.2,6.5625,2.152,674,1
14012,328.8,14.54545455,11,United Kingdom,8,1,270,0,0,0,0,0,8,328.8,0.125,0,0,0,328.8,0,0.25,41.1,8,1
14013,651.7,8.565217391,46,United Kingdom,6,3,462,1,78.35,19.5875,4,2.25,354,217.2333333,0.008474576,0.120224029,0,0,482.65,169.05,0.1875,108.6166667,1062,0
14014,1443.03,25.08108108,37,United Kingdom,106,2,270,0,0,0,0,0,307,721.515,0.006514658,0,0,0,665.18,777.85,2.167689162,13.61349057,614,0
14016,9182.55,12.10540541,370,EIRE,0,9,349,1,10.95,10.95,1,1,430,1020.283333,0.020930233,0.001192479,0,274.35,5102.29,3805.91,0,9182.55,3870,0
14017,229.75,5.214285714,14,United Kingdom,301,1,270,0,0,0,0,0,301,229.75,0.003322259,0,0,0,128.1,101.65,9.40625,0.763289037,301,1
14018,367.15,17.23076923,13,United Kingdom,375,1,270,0,0,0,0,0,375,367.15,0.002666667,0,0,0,292.77,74.38,11.71875,0.979066667,375,1
14020,570.46,5.405405405,37,United Kingdom,206,2,243,1,35.75,8.9375,4,1.75,259,285.23,0.007722008,0.062668723,0,0,414.78,155.68,6.4375,2.769223301,518,1
14021,1084.68,10.08823529,68,United Kingdom,104,4,270,0,0,0,0,0,323,271.17,0.012383901,0,0,24.95,798.54,261.19,3.25,10.42961538,1292,0
14022,352.15,10.21052632,19,United Kingdom,217,1,270,0,0,0,0,0,217,352.15,0.004608295,0,0,25.2,292.1,34.85,6.78125,1.62281106,217,0
14024,318.04,4.888888889,18,United Kingdom,121,1,270,0,0,0,0,0,121,318.04,0.008264463,0,0,17.7,158.84,141.5,3.78125,2.628429752,121,0
14025,4015.482808,18.66666667,102,United Kingdom,195,8,214,2,88.8,44.4,2,8,314,501.935351,0.025477707,0.022114402,0,0,2457,1558.482808,6.09375,20.59221953,2512,1
14026,713.11,8.54,50,United Kingdom,201,2,270,0,0,0,0,0,355,356.555,0.005633803,0,0,0,608.43,104.68,6.28125,3.547810945,710,1
14028,6786,390,12,United Kingdom,280,3,281,1,3610.5,1203.5,3,830,281,2262,0.010676157,0.532051282,0,0,6786,0,8.75,24.23571429,843,1
14030,6029.99,4.608895706,652,United Kingdom,35,15,459,2,116.7,29.175,4,13.5,459,401.9993333,0.032679739,0.019353266,0,56.69,3621.77,2351.53,1.09375,172.2854286,6885,0
14031,25938.26,17.15277778,576,United Kingdom,10,31,95,8,320.98,20.06125,16,8.25,466,836.7180645,0.066523605,0.01237477,0,64.25,15442.75,10431.26,0.3125,2593.826,14446,0
14032,2472.28,16.80851064,141,United Kingdom,6,8,82,4,27.6,5.52,5,3.6,456,309.035,0.01754386,0.011163784,0,123.6,2141.43,207.25,0.1875,412.0466667,3648,0
14033,109.44,576,1,United Kingdom,285,1,270,0,0,0,0,0,285,109.44,0.003508772,0,0,0,109.44,0,8.90625,0.384,285,1
14035,1664.08,8.935483871,93,United Kingdom,28,5,153,2,4.25,1.416666667,3,1,343,332.816,0.014577259,0.002553964,0,32.8,1335.93,295.35,0.875,59.43142857,1715,0
14036,626.65,7.052631579,38,United Kingdom,15,1,270,0,0,0,0,0,15,626.65,0.066666667,0,0,0,336.7,289.95,0.46875,41.77666667,15,1
14037,720.55,4.876106195,113,United Kingdom,95,5,412,1,81,81,1,27,463,144.11,0.010799136,0.112414128,0,54.66,626.84,39.05,2.96875,7.584736842,2315,0
14038,1446.45,9.786666667,75,United Kingdom,127,2,118,2,63.05,10.50833333,6,1.5,404,723.225,0.004950495,0.043589478,0,0,1343.75,102.7,3.96875,11.38937008,808,0
14039,115.08,25,4,United Kingdom,306,1,270,0,0,0,0,0,306,115.08,0.003267974,0,0,0,83.28,31.8,9.5625,0.376078431,306,1
14040,9762.54,5.971291866,627,United Kingdom,44,26,214,4,115,14.375,8,2.5,469,375.4823077,0.0554371,0.011779721,0,120.45,5508.16,4133.93,1.375,221.8759091,12194,0
14042,431.98,8.571428571,21,United Kingdom,455,1,270,0,0,0,0,0,455,431.98,0.002197802,0,0,0,325.3,106.68,14.21875,0.949406593,455,1
14043,299.65,3.595238095,42,United Kingdom,221,2,459,1,2.95,2.95,1,1,459,149.825,0.004357298,0.009844819,0,18.4,175.85,105.4,6.90625,1.355882353,918,1
14044,2581.02,2.770029674,674,United Kingdom,40,7,149,1,16.95,16.95,1,1,414,368.7171429,0.016908213,0.006567171,0,72.21,1898,610.81,1.25,64.5255,2898,0
14045,8932.078304,99.34146341,41,United Kingdom,68,15,193,3,1652.4,413.1,4,85,431,595.471887,0.034802784,0.184996139,0,0,5498.078304,3434,2.125,131.3540927,6465,1
14046,151.59,34.07692308,13,United Kingdom,14,1,270,0,0,0,0,0,14,151.59,0.071428571,0,0,2.1,149.49,0,0.4375,10.82785714,14,1
14047,2868.72,9.043165468,139,United Kingdom,67,11,67,5,87,14.5,6,2.166666667,407,260.7927273,0.027027027,0.030327115,0,0,2130.47,738.25,2.09375,42.81671642,4477,0
14048,713.89,3.145833333,144,United Kingdom,35,3,7,1,34.8,11.6,3,4.666666667,112,237.9633333,0.026785714,0.048747006,0,12.45,550.64,150.8,1.09375,20.39685714,336,1
14049,8328.31,7.640226629,706,United Kingdom,48,10,48,4,144.45,10.31785714,14,3,347,832.831,0.028818444,0.017344455,0,205.45,5837.17,2285.69,1.5,173.5064583,3470,0
14051,8982.6,16.75449102,167,United Kingdom,17,20,8,3,304.35,43.47857143,7,7.285714286,467,449.13,0.042826552,0.033882172,0,0,4903.61,4078.99,0.53125,528.3882353,9340,0
14052,241.3,1.307692308,65,United Kingdom,121,1,270,0,0,0,0,0,121,241.3,0.008264463,0,0,14.95,126.6,99.75,3.78125,1.994214876,121,1
14053,312.05,55,5,United Kingdom,127,2,270,0,0,0,0,0,217,156.025,0.00921659,0,0,0,312.05,0,3.96875,2.457086614,434,0
14055,795.32,21.91304348,23,United Kingdom,308,2,270,0,0,0,0,0,453,397.66,0.004415011,0,0,0,540.32,255,9.625,2.582207792,906,1
14056,814.8,3.283018868,159,United Kingdom,4,2,270,0,0,0,0,0,14,407.4,0.142857143,0,0,0,649.1,165.7,0.125,203.7,28,0
14057,4001.17,11.02317881,302,United Kingdom,10,10,5,1,70.56,10.08,7,24,466,400.117,0.021459227,0.017634842,0,16.95,3271.63,712.59,0.3125,400.117,4660,0
14058,469.19,8.791666667,24,United Kingdom,193,2,270,0,0,0,0,0,261,234.595,0.007662835,0,0,25.2,289.14,154.85,6.03125,2.431036269,522,1
14060,4818.38,36.52173913,115,United Kingdom,0,18,356,1,10.9,10.9,1,2,369,267.6877778,0.048780488,0.002262171,0,0,4574.63,243.75,0,4818.38,6642,0
14061,917.43,7,19,United Kingdom,237,3,270,0,0,0,0,0,468,305.81,0.006410256,0,0,7.8,0,909.63,4.846625767,3.871012658,1404,1
14062,18047.82,32.37769784,278,United Kingdom,53,16,125,3,169.37,33.874,5,20.2,459,1127.98875,0.034858388,0.009384513,0,246.15,15383.12,2418.55,1.65625,340.5249057,7344,0
14063,9471.5,101.2631579,38,United Kingdom,417,7,270,0,0,0,0,0,461,1353.071429,0.015184382,0,0,203.2,4618.2,4650.1,8.527607362,22.71342926,3227,1
14064,1983.8,12.23756906,181,United Kingdom,4,11,161,4,127.25,21.20833333,6,15.16666667,417,180.3454545,0.026378897,0.064144571,0,0,1966.8,17,0.125,495.95,4587,0
14065,889.37,11.62,50,United Kingdom,119,3,132,1,1.65,1.65,1,1,162,296.4566667,0.018518519,0.001855246,0,0,622.22,267.15,3.71875,7.473697479,486,1
14068,1493.32,4.568807339,109,United Kingdom,50,4,327,1,23.4,23.4,1,12,408,373.33,0.009803922,0.015669783,0,10.75,823.65,658.92,1.5625,29.8664,1632,1
14069,225.81,1.414634146,41,United Kingdom,245,2,270,0,0,0,0,0,292,112.905,0.006849315,0,0,3.75,101.75,120.31,5.010224949,0.921673469,584,1
14070,321.6,2.073170732,41,United Kingdom,415,1,270,0,0,0,0,0,415,321.6,0.002409639,0,0,28.05,111.7,181.85,8.486707566,0.774939759,415,1
14072,390.85,3.421052632,19,United Kingdom,397,1,270,0,0,0,0,0,397,390.85,0.002518892,0,0,0,124.9,265.95,8.118609407,0.984508816,397,1
14074,219.4,38,6,United Kingdom,353,1,270,0,0,0,0,0,353,219.4,0.002832861,0,0,0,219.4,0,11.03125,0.621529745,353,1
14075,782.61,19.97297297,37,United Kingdom,133,2,270,0,0,0,0,0,200,391.305,0.01,0,0,0,647.16,135.45,4.15625,5.884285714,400,0
14077,232.77,5.029411765,34,United Kingdom,4,2,270,0,0,0,0,0,125,116.385,0.016,0,0,7.85,156.42,68.5,0.125,58.1925,250,0
14078,808.74,3.31372549,102,United Kingdom,14,5,270,0,0,0,0,0,351,161.748,0.014245014,0,0,70.64,300.53,437.57,0.286298569,57.76714286,1755,0
14080,1030.13,2.7375,80,United Kingdom,143,4,359,1,39.95,39.95,1,1,467,257.5325,0.00856531,0.038781513,0,11.8,298.69,719.64,2.924335378,7.203706294,1868,0
14081,4767.42,3.951821387,851,United Kingdom,32,10,32,5,100.15,14.30714286,7,2.571428571,459,476.742,0.021786492,0.021007169,0,102.76,3463.18,1201.48,1,148.981875,4590,1
14082,413.36,3.784615385,65,United Kingdom,95,2,270,0,0,0,0,0,123,206.68,0.016260163,0,0,0,341.81,71.55,2.96875,4.351157895,246,1
14083,538.05,3.92,100,United Kingdom,3,6,270,0,0,0,0,0,452,89.675,0.013274336,0,0,29.2,339.35,169.5,0.09375,179.35,2712,0
14084,150.5,43.71428571,7,United Kingdom,242,1,270,0,0,0,0,0,242,150.5,0.004132231,0,0,0,150.5,0,7.5625,0.621900826,242,1
14085,7387.74,5.64556962,790,United Kingdom,5,21,91,1,12.75,12.75,1,1,461,351.7971429,0.045553145,0.001725832,0,335.66,5196.55,1855.53,0.15625,1477.548,9681,0
14086,39.95,1,1,United Kingdom,193,1,270,0,0,0,0,0,193,39.95,0.005181347,0,0,0,0,39.95,3.946830266,0.206994819,193,1
14087,608,3.04109589,146,United Kingdom,135,2,465,1,30,30,1,24,465,304,0.004301075,0.049342105,0,2.9,433.15,171.95,4.21875,4.503703704,930,1
14088,20861.05,24.14438503,187,United Kingdom,52,4,118,1,228.85,228.85,1,23,151,5215.2625,0.026490066,0.010970205,0,0,8145.56,12715.49,1.063394683,401.1740385,604,0
14090,76.32,72,1,United Kingdom,55,1,270,0,0,0,0,0,55,76.32,0.018181818,0,0,0,76.32,0,1.71875,1.387636364,55,1
14091,9530.08,255.0769231,13,United Kingdom,384,2,270,0,0,0,0,0,428,4765.04,0.004672897,0,0,0,6361.28,3168.8,12,24.81791667,856,1
14092,4063.12,8.990950226,221,United Kingdom,52,13,22,2,9.65,4.825,2,1.5,453,312.5476923,0.028697572,0.002375022,0,17.7,3079.65,965.77,1.625,78.13692308,5889,0
14094,310.82,3.568181818,44,United Kingdom,170,1,170,1,0.95,0.95,1,1,170,310.82,0.005882353,0.003056431,0,17.85,249.87,43.1,5.3125,1.828352941,170,1
14095,2.95,1,1,United Kingdom,453,1,270,0,0,0,0,0,453,2.95,0.002207506,0,0,2.95,0,0,16.8401487,0.006512141,453,1
14097,422.86,8.8,40,United Kingdom,211,2,270,0,0,0,0,0,376,211.43,0.005319149,0,0,8.25,339.41,75.2,6.59375,2.004075829,752,1
14099,3411.47,6.422857143,350,United Kingdom,25,12,278,1,54,18,3,2.666666667,460,284.2891667,0.026086957,0.015828954,0,90.05,2989.72,331.7,0.78125,136.4588,5520,0
14101,5809.37,75.23943662,71,United Kingdom,25,9,336,1,19.8,19.8,1,12,351,645.4855556,0.025641026,0.003408287,0,0,5809.37,0,0.78125,232.3748,3159,0
14104,524.32,3.743362832,113,United Kingdom,119,3,270,0,0,0,0,0,290,174.7733333,0.010344828,0,0,23.96,386.16,114.2,3.71875,4.40605042,870,0
14105,4443.65,12.37327189,217,United Kingdom,139,4,125,3,278.95,23.24583333,12,4.083333333,451,1110.9125,0.00886918,0.062774971,0,0,3409.15,1034.5,4.34375,31.96870504,1804,0
14106,214.8,24,1,United Kingdom,467,1,270,0,0,0,0,0,467,214.8,0.002141328,0,0,0,0,214.8,9.550102249,0.459957173,467,1
14107,2771.56,14.7414966,147,United Kingdom,26,6,85,2,23.6,7.866666667,3,2.666666667,460,461.9266667,0.013043478,0.00851506,0,0,2323.31,448.25,0.8125,106.5984615,2760,0
14108,465.8780737,14.6,20,United Kingdom,461,2,270,0,0,0,0,0,468,232.9390369,0.004273504,0,0,52.5,373.5780737,39.8,14.40625,1.010581505,936,1
14110,7289.95,13.75918367,245,United Kingdom,165,21,305,1,14.85,14.85,1,9,469,347.1404762,0.044776119,0.002037051,0,12.6,5814.67,1462.68,5.15625,44.18151515,9849,0
14112,3367.44,9.768888889,225,United Kingdom,6,7,186,9,169.1,8.9,19,3.894736842,384,481.0628571,0.018229167,0.050216188,0,12.6,3128.34,226.5,0.1875,561.24,2688,0
14113,4753.58,21.875,112,United Kingdom,85,13,42,14,932.11,42.36863636,22,15.72727273,462,365.66,0.028138528,0.196085897,0,-2.1,4225.58,530.1,2.65625,55.92447059,6006,1
14114,1364.09,8.783783784,74,United Kingdom,4,7,270,0,0,0,0,0,337,194.87,0.020771513,0,0,0,964.29,399.8,0.125,341.0225,2359,1
14115,622.67,23.13636364,22,United Kingdom,232,2,270,0,0,0,0,0,397,311.335,0.005037783,0,0,0,557.77,64.9,7.25,2.683922414,794,1
14118,458.45,6.466666667,15,United Kingdom,159,1,270,0,0,0,0,0,159,458.45,0.006289308,0,0,0,232.65,225.8,4.96875,2.883333333,159,1
14119,163.47,14.58333333,12,United Kingdom,106,2,84,1,19.9,19.9,1,2,448,81.735,0.004464286,0.121734875,0,0,141.62,21.85,3.3125,1.542169811,896,1
14122,309.77,5.9375,16,United Kingdom,136,3,125,2,52.65,17.55,3,6.333333333,467,103.2566667,0.006423983,0.169964813,0,0,169.42,140.35,4.25,2.277720588,1401,1
14123,436.18,9.75,24,United Kingdom,463,1,270,0,0,0,0,0,463,436.18,0.002159827,0,0,0,315.43,120.75,14.46875,0.942073434,463,1
14126,466.33,13.53571429,28,United Kingdom,174,1,270,0,0,0,0,0,174,466.33,0.005747126,0,0,0,419.68,46.65,5.4375,2.680057471,174,1
14127,1505,7.182795699,93,United Kingdom,41,4,270,0,0,0,0,0,156,376.25,0.025641026,0,0,32.7,1047.35,424.95,1.28125,36.70731707,624,0
14128,271.86,12.35,20,United Kingdom,281,1,273,1,14.85,14.85,1,3,281,271.86,0.003558719,0.054623703,0,0,271.86,0,8.78125,0.96747331,281,0
14129,1467.48,14.42105263,57,United Kingdom,130,4,270,0,0,0,0,0,309,366.87,0.012944984,0,0,0,1467.48,0,4.0625,11.28830769,1236,0
14130,1858.77,5.522727273,220,United Kingdom,49,4,270,0,0,0,0,0,458,464.6925,0.008733624,0,0,34.5,1588.92,235.35,1.53125,37.93408163,1832,1
14131,168.22,2.282608696,46,United Kingdom,379,1,270,0,0,0,0,0,379,168.22,0.002638522,0,0,22.29,114.43,31.5,11.84375,0.443852243,379,1
14133,608.2,7.538461538,26,United Kingdom,46,2,31,2,15.3,7.65,2,3,464,304.1,0.004310345,0.025156199,0,0,271.8,336.4,0.940695297,13.22173913,928,0
14134,11123.35,32.3,180,United Kingdom,113,15,270,0,0,0,0,0,460,741.5566667,0.032608696,0,0,96.15,8508.8,2518.4,3.53125,98.43672566,6900,1
14135,5922.4,43,156,United Kingdom,57,16,458,1,38.87,38.87,1,23,468,370.15,0.034188034,0.006563218,0,10.08,5734.07,178.25,1.78125,103.9017544,7488,0
14136,1553.96,10.60185185,108,United Kingdom,131,5,402,2,16.85,8.425,2,1.5,462,310.792,0.010822511,0.010843265,0,75.9,1274.26,203.8,4.09375,11.86229008,2310,1
14137,294.1,28.57142857,14,United Kingdom,426,1,412,1,38.6,12.86666667,3,20.66666667,426,294.1,0.002347418,0.131247875,0,10.2,253.9,30,13.3125,0.690375587,426,1
14139,670.98,12.53488372,43,United Kingdom,220,3,270,0,0,0,0,0,273,223.66,0.010989011,0,0,0,567.48,103.5,6.875,3.049909091,819,1
14142,655.94,10.66666667,48,United Kingdom,103,2,216,2,15.4,3.85,4,1.5,376,327.97,0.005319149,0.023477757,0,14.75,561.06,80.13,3.21875,6.368349515,752,1
14144,30.6,12,1,United Kingdom,216,1,270,0,0,0,0,0,216,30.6,0.00462963,0,0,30.6,0,0,8.029739777,0.141666667,216,1
14145,3857.85,64.21428571,14,United Kingdom,190,3,270,0,0,0,0,0,341,1285.95,0.008797654,0,0,0,3310.5,547.35,5.9375,20.30447368,1023,0
14146,5259.3,10.57911392,316,United Kingdom,87,8,46,1,1241.43,35.46942857,35,15.74285714,425,657.4125,0.018823529,0.236044721,0,26.7,4094.75,1137.85,2.71875,60.45172414,3400,0
14147,1733.7,26.93103448,29,United Kingdom,16,8,183,2,555.9,277.95,2,73,370,216.7125,0.021621622,0.32064371,0,0,1546,187.7,0.5,108.35625,2960,1
14148,309.09,14.78571429,14,United Kingdom,144,1,270,0,0,0,0,0,144,309.09,0.006944444,0,0,0,181.59,127.5,4.5,2.146458333,144,0
14150,306.18,21.83333333,12,United Kingdom,90,1,270,0,0,0,0,0,90,306.18,0.011111111,0,0,0,291.18,15,2.8125,3.402,90,1
14151,666.7,8.977777778,45,United Kingdom,403,2,426,1,12.75,12.75,1,1,447,333.35,0.004474273,0.019124044,0,17.7,568.25,80.75,12.59375,1.654342432,894,1
14152,1364.35,13.25882353,85,United Kingdom,117,5,187,1,11.7,11.7,1,6,389,272.87,0.01285347,0.008575512,0,0,1285.5,78.85,3.65625,11.66111111,1945,0
14153,233.4,18.35294118,17,United Kingdom,213,1,270,0,0,0,0,0,213,233.4,0.004694836,0,0,0,233.4,0,6.65625,1.095774648,213,1
14154,4917.98,11.31818182,242,United Kingdom,111,6,249,2,197.1,98.55,2,9,426,819.6633333,0.014084507,0.04007743,0,0,3781.13,1136.85,3.46875,44.30612613,2556,0
14156,215923.36,39.61154856,3048,EIRE,4,102,17,30,4976.86,81.58786885,61,30.93442623,469,2116.895686,0.217484009,0.023049197,0,1891.55,144644.3,69387.51,0.125,53980.84,47838,0
14157,790.53,5.519480519,77,United Kingdom,15,4,15,1,32.45,32.45,1,11,376,197.6325,0.010638298,0.041048411,0,2.95,692.03,95.55,0.46875,52.702,1504,1
14159,3103.27,2.907303371,712,United Kingdom,93,10,280,2,308.25,154.125,2,105.5,467,310.327,0.021413276,0.099330706,0,85.98,2757,260.29,2.90625,33.36849462,4670,0
14160,8421.47,43.56074766,107,United Kingdom,340,7,270,0,0,0,0,0,429,1203.067143,0.016317016,0,0,17.7,7440.47,963.3,10.625,24.76902941,3003,1
14161,2445.5,5.794642857,224,United Kingdom,8,6,270,0,0,0,0,0,457,407.5833333,0.013129103,0,0,65.17,1859.33,521,0.25,305.6875,2742,0
14162,177.68,8.461538462,13,United Kingdom,23,1,270,0,0,0,0,0,23,177.68,0.043478261,0,0,0,109.93,67.75,0.71875,7.725217391,23,0
14163,148.71,9.5,6,United Kingdom,192,1,270,0,0,0,0,0,192,148.71,0.005208333,0,0,0,148.71,0,6,0.77453125,192,0
14165,120.44,2.208333333,24,United Kingdom,6,1,270,0,0,0,0,0,6,120.44,0.166666667,0,0,0.78,74.46,45.2,0.1875,20.07333333,6,1
14166,251.15,1.607843137,51,United Kingdom,235,2,270,0,0,0,0,0,356,125.575,0.005617978,0,0,9.95,169.8,71.4,7.34375,1.068723404,712,1
14167,860.05,2.795180723,83,United Kingdom,61,5,270,0,0,0,0,0,411,172.01,0.01216545,0,0,26.65,331.1,502.3,1.247443763,14.09918033,2055,0
14168,305.9,8.117647059,17,United Kingdom,151,2,277,1,64.55,32.275,2,4.5,295,152.95,0.006779661,0.211016672,0,0,288.05,17.85,4.71875,2.025827815,590,1
14169,613.11,3.19047619,63,United Kingdom,161,2,270,0,0,0,0,0,174,306.555,0.011494253,0,0,4.95,345.36,262.8,5.03125,3.808136646,348,1
14170,570.18,1.862068966,145,United Kingdom,105,3,270,0,0,0,0,0,125,190.06,0.024,0,0,1.25,428.93,140,3.28125,5.430285714,375,1
14171,135,7.333333333,6,United Kingdom,460,1,270,0,0,0,0,0,460,135,0.002173913,0,0,101.7,28.65,4.65,17.10037175,0.293478261,460,1
14172,356.27,1.711111111,45,United Kingdom,335,3,368,1,12.75,12.75,1,1,373,118.7566667,0.008042895,0.035787465,0,0,123.12,233.15,6.850715746,1.063492537,1119,1
14173,116.11,8.2,5,United Kingdom,371,2,460,1,19.05,19.05,1,3,461,58.055,0.004338395,0.164068556,0,0,105.2,10.91,11.59375,0.31296496,922,0
14175,4505.36,6.924778761,226,United Kingdom,60,6,52,7,273.8,9.778571429,28,2.678571429,358,750.8933333,0.016759777,0.060772058,0,0,2194.65,2310.71,1.226993865,75.08933333,2148,0
14176,753.56,6.921052632,38,United Kingdom,27,5,91,1,2.9,2.9,1,2,111,150.712,0.045045045,0.0038484,0,7.5,601.81,144.25,0.84375,27.90962963,555,1
14177,1660.23,5.115853659,164,United Kingdom,111,9,270,0,0,0,0,0,382,184.47,0.023560209,0,0,54.5,976.43,629.3,3.46875,14.95702703,3438,0
14180,3674.9,2.55801105,181,United Kingdom,1,19,40,7,156.7,22.38571429,7,1.428571429,278,193.4157895,0.068345324,0.042640616,0,7.5,860.9,2806.5,0.020449898,3674.9,5282,0
14181,308.35,2.307692308,52,United Kingdom,141,2,270,0,0,0,0,0,293,154.175,0.006825939,0,0,9.6,204.6,94.15,4.40625,2.186879433,586,1
14182,660.07,3.307692308,52,United Kingdom,174,4,308,1,18.7,9.35,2,1,326,165.0175,0.012269939,0.028330329,0,0,312.77,347.3,3.558282209,3.793505747,1304,1
14183,278.34,1.764705882,34,United Kingdom,141,2,270,0,0,0,0,0,211,139.17,0.009478673,0,0,0,105.69,172.65,2.883435583,1.974042553,422,1
14185,197.65,2,3,United Kingdom,61,1,270,0,0,0,0,0,61,197.65,0.016393443,0,0,0,0,197.65,1.247443763,3.240163934,61,1
14186,1550.63,14.90384615,104,United Kingdom,157,5,270,0,0,0,0,0,375,310.126,0.013333333,0,0,0,1532.78,17.85,4.90625,9.876624204,1875,1
14187,123.5,6.25,8,United Kingdom,204,1,270,0,0,0,0,0,204,123.5,0.004901961,0,0,0,94.85,28.65,6.375,0.605392157,204,1
14188,398,18.58333333,12,United Kingdom,40,1,270,0,0,0,0,0,40,398,0.025,0,0,0,364,34,1.25,9.95,40,0
14189,2010.81,14.18269231,104,United Kingdom,19,5,28,1,3.75,3.75,1,1,119,402.162,0.042016807,0.00186492,0,10.2,1556.16,444.45,0.59375,105.8321053,595,0
14190,79.9,2,1,United Kingdom,396,1,270,0,0,0,0,0,396,79.9,0.002525253,0,0,0,0,79.9,8.098159509,0.201767677,396,1
14191,53.4,6.5,8,United Kingdom,125,2,459,1,79.5,39.75,2,5,459,26.7,0.004357298,1.488764045,0,0,117,-63.6,3.90625,0.4272,918,0
14192,293.74,15.57142857,14,United Kingdom,118,1,270,0,0,0,0,0,118,293.74,0.008474576,0,0,0,293.74,0,3.6875,2.489322034,118,1
14193,779.34,10.17777778,45,United Kingdom,0,2,270,0,0,0,0,0,127,389.67,0.015748031,0,0,0,707.84,71.5,0,779.34,254,1
14194,7743.07,10.58495146,412,United Kingdom,38,16,123,7,94.95,10.55,9,5.888888889,433,483.941875,0.036951501,0.012262578,0,165.3,5712.84,1864.93,1.1875,203.765,6928,0
14195,1438.7,91.53846154,13,United Kingdom,169,4,166,3,164.9,41.225,4,48.5,364,359.675,0.010989011,0.114617363,0,0,1438.7,0,5.28125,8.513017751,1456,0
14197,390.05,7.15,20,United Kingdom,141,1,270,0,0,0,0,0,141,390.05,0.007092199,0,0,0,259.9,130.15,4.40625,2.766312057,141,1
14198,864.08,6.188679245,53,United Kingdom,130,5,263,1,4.25,4.25,1,5,434,172.816,0.011520737,0.004918526,0,15,319.83,529.25,2.658486708,6.646769231,2170,0
14199,731.1,11.22222222,18,United Kingdom,154,3,131,2,175.2,87.6,2,12,261,243.7,0.011494253,0.2396389,0,0,377.4,353.7,4.8125,4.747402597,783,0
14200,379.2,6.666666667,21,United Kingdom,347,1,270,0,0,0,0,0,347,379.2,0.002881844,0,0,0,264.1,115.1,10.84375,1.092795389,347,1
14201,513.34,15.81818182,22,United Kingdom,89,4,270,0,0,0,0,0,318,128.335,0.012578616,0,0,0,307.79,205.55,2.78125,5.767865169,1272,0
14202,847.76,5.724137931,29,United Kingdom,111,3,270,0,0,0,0,0,355,282.5866667,0.008450704,0,0,0,219.5,628.26,2.26993865,7.637477477,1065,1
14203,339.34,5,16,United Kingdom,127,1,270,0,0,0,0,0,127,339.34,0.007874016,0,0,0,69.85,269.49,2.597137014,2.671968504,127,1
14204,874.22,2.193370166,181,United Kingdom,152,3,270,0,0,0,0,0,467,291.4066667,0.006423983,0,0,92.29,456.48,325.45,4.75,5.751447368,1401,1
14205,1689.6,8.973913043,115,United Kingdom,124,7,95,2,257.9,16.11875,16,6.625,373,241.3714286,0.018766756,0.152639678,0,0,1025.47,664.13,3.875,13.62580645,2611,0
14206,817.05,12.26415094,53,United Kingdom,118,2,91,2,39.8,19.9,2,2,133,408.525,0.015037594,0.048711829,0,0,749.05,68,3.6875,6.924152542,266,0
14207,157.8,18,2,United Kingdom,418,1,270,0,0,0,0,0,418,157.8,0.002392344,0,0,0,55.8,102,8.54805726,0.377511962,418,1
14208,415.31,16.6,25,United Kingdom,281,1,270,0,0,0,0,0,281,415.31,0.003558719,0,0,0,354.36,60.95,8.78125,1.47797153,281,1
14209,3218.19,6.884848485,165,United Kingdom,62,10,126,3,49.6,9.92,5,1.8,417,321.819,0.023980815,0.01541239,0,12.6,2161.94,1043.65,1.9375,51.90629032,4170,0
14210,4585.87,8.033210332,271,United Kingdom,26,13,208,4,42.25,7.041666667,6,1.166666667,433,352.7592308,0.030023095,0.009213083,0,18.75,3777.12,790,0.8125,176.3796154,5629,0
14211,2536.39,9.969512195,164,United Kingdom,15,11,5,6,89.9,8.172727273,11,2,461,230.5809091,0.023861171,0.035444076,0,0,2249.85,286.54,0.46875,169.0926667,5071,0
14212,1119.66,74.5,12,United Kingdom,176,1,270,0,0,0,0,0,176,1119.66,0.005681818,0,0,0,983.66,136,5.5,6.361704545,176,1
14213,0,0,10,United Kingdom,135,1,102,1,1192.2,238.44,5,48.8,135,0,0.007407407,1192.2,0,0,0,2.84E-14,2.760736196,0,135,1
14214,634.5,7.75,40,United Kingdom,8,1,3,2,4.15,1.383333333,3,1,8,634.5,0.125,0.006540583,0,130.6,409.65,94.25,0.25,79.3125,8,0
14215,2370.92,9.815384615,130,United Kingdom,45,6,48,1,11.8,11.8,1,4,462,395.1533333,0.012987013,0.004976971,0,115,1661.97,593.95,1.40625,52.68711111,2772,0
14216,303.09,5.75,20,United Kingdom,144,1,139,1,7.65,3.825,2,1.5,144,303.09,0.006944444,0.025240028,0,0,173.49,129.6,4.5,2.104791667,144,1
14217,1542.01,6.070707071,99,United Kingdom,41,10,95,4,130.4,32.6,4,3,257,154.201,0.038910506,0.084564951,0,0,631.34,910.67,0.838445808,37.61,2570,0
14219,543.89,7.916666667,36,United Kingdom,140,2,270,0,0,0,0,0,223,271.945,0.00896861,0,0,5.04,385.2,153.65,4.375,3.884928571,446,1
14220,1195.58,11.78571429,28,United Kingdom,88,3,270,0,0,0,0,0,299,398.5266667,0.010033445,0,0,0,497.98,697.6,1.799591002,13.58613636,897,0
14221,3391.69,10.31791908,173,United Kingdom,69,9,466,1,5.95,5.95,1,1,342,376.8544444,0.026315789,0.001754288,0,220.05,2296.49,875.15,2.15625,49.15492754,3078,0
14224,1076.28,2.833333333,156,United Kingdom,50,6,270,0,0,0,0,0,274,179.38,0.02189781,0,0,27.9,586.48,461.9,1.5625,21.5256,1644,0
14225,2009.17,12.82222222,90,United Kingdom,165,4,419,1,21.9,5.475,4,3.25,426,502.2925,0.009389671,0.010900023,0,0,1646.47,362.7,5.15625,12.17678788,1704,1
14226,766.14,13,32,United Kingdom,171,1,166,1,4.2,4.2,1,2,171,766.14,0.005847953,0.005482027,0,0,689.64,76.5,5.34375,4.480350877,171,0
14227,3742.85,10.33730159,252,United Kingdom,15,6,5,3,9.05,1.81,5,1,400,623.8083333,0.015,0.002417944,0,33.35,3137.08,572.42,0.46875,249.5233333,2400,0
14228,745.5,6.842105263,38,United Kingdom,168,3,270,0,0,0,0,0,277,248.5,0.010830325,0,0,8.5,407.55,329.45,5.25,4.4375,831,1
14229,1683.92,9.4375,64,United Kingdom,22,6,45,4,125.05,20.84166667,6,3.833333333,202,280.6533333,0.02970297,0.074261248,0,0,958.71,725.21,0.6875,76.54181818,1212,1
14230,979.8,7.454545455,33,United Kingdom,166,3,270,0,0,0,0,0,278,326.6,0.010791367,0,0,0,405.2,574.6,3.394683027,5.902409639,834,1
14231,595.11,7.634146341,41,United Kingdom,19,2,12,1,23.75,7.916666667,3,1.666666667,181,297.555,0.011049724,0.039908588,0,17.7,507.86,69.55,0.59375,31.32157895,362,0
14233,1950.4,15.5,56,United Kingdom,41,5,104,2,122.1,40.7,3,8.666666667,374,390.08,0.013368984,0.062602543,0,0,1541.85,408.55,1.28125,47.57073171,1870,0
14235,1573.13,15.28985507,69,United Kingdom,228,4,270,0,0,0,0,0,349,393.2825,0.011461318,0,0,0,1467.53,105.6,7.125,6.899692982,1396,0
14236,1241.88,13.51351351,37,United Kingdom,102,4,127,2,11.9,5.95,2,1,235,310.47,0.017021277,0.009582246,0,0,434.73,807.15,2.085889571,12.17529412,940,0
14237,466.04,8.740740741,27,United Kingdom,103,2,319,1,5.1,5.1,1,2,321,233.02,0.00623053,0.010943267,0,17.7,242.54,205.8,3.21875,4.524660194,642,1
14238,434.23,14.53846154,13,United Kingdom,56,3,270,0,0,0,0,0,465,144.7433333,0.006451613,0,0,0,245.28,188.95,1.75,7.754107143,1395,1
14239,2619.6,7.413793103,145,United Kingdom,12,13,11,2,58.2,14.55,4,1.75,465,201.5076923,0.027956989,0.022217132,0,0,1926.62,692.98,0.375,218.3,6045,0
14240,357.15,12.47368421,19,United Kingdom,154,1,270,0,0,0,0,0,154,357.15,0.006493506,0,0,0,338.2,18.95,4.8125,2.319155844,154,0
14241,120,48,2,United Kingdom,426,1,270,0,0,0,0,0,426,120,0.002347418,0,0,0,120,0,13.3125,0.281690141,426,0
14242,138.35,6.625,8,United Kingdom,56,1,270,0,0,0,0,0,56,138.35,0.017857143,0,0,0,102.55,35.8,1.75,2.470535714,56,0
14243,5740.98,9.832752613,287,United Kingdom,19,11,12,3,27.8,5.56,5,1.6,206,521.9072727,0.053398058,0.004842379,0,45.84,4102.89,1592.25,0.59375,302.1568421,2266,0
14244,354.82,40.1,20,United Kingdom,391,1,389,1,11.6,2.9,4,3,391,354.82,0.002557545,0.032692633,0,0,342.92,11.9,12.21875,0.907468031,391,1
14247,750.61,3.307017544,114,United Kingdom,8,5,281,1,2.95,2.95,1,1,281,150.122,0.017793594,0.003930137,0,16.92,496.64,237.05,0.25,93.82625,1405,1
14248,1032.95,14.72340426,47,United Kingdom,48,3,270,0,0,0,0,0,245,344.3166667,0.012244898,0,0,0,698.65,334.3,1.5,21.51979167,735,1
14249,5400.46,8.789667897,271,United Kingdom,141,12,270,0,0,0,0,0,409,450.0383333,0.029339853,0,0,32,3923.11,1445.35,4.40625,38.30113475,4908,1
14252,350.99,11.1,10,United Kingdom,111,1,270,0,0,0,0,0,111,350.99,0.009009009,0,0,0,130.99,220,2.26993865,3.162072072,111,1
14253,363.4,7.333333333,12,United Kingdom,223,2,270,0,0,0,0,0,353,181.7,0.005665722,0,0,0,227.55,135.85,6.96875,1.629596413,706,1
14254,601.03,11.43478261,23,United Kingdom,163,1,270,0,0,0,0,0,163,601.03,0.006134969,0,0,0,553.33,47.7,5.09375,3.687300613,163,1
14256,1972.94,8.879310345,116,United Kingdom,95,4,257,3,42.65,10.6625,4,1.25,425,493.235,0.009411765,0.021617485,0,0,1358.11,614.83,2.96875,20.76778947,1700,0
14257,3474.87,11.98843931,173,United Kingdom,49,5,270,0,0,0,0,0,378,694.974,0.013227513,0,0,29.4,3213.86,231.61,1.53125,70.91571429,1890,0
14258,22779.57727,52.89583333,240,United Kingdom,29,18,118,6,1004.09,100.409,10,23.9,466,1265.532071,0.038626609,0.044078518,0,168.3,14823.74,7787.537273,0.90625,785.5026646,8388,0
14260,824.28,10.66666667,51,United Kingdom,201,3,270,0,0,0,0,0,279,274.76,0.010752688,0,0,0,675.73,148.55,6.28125,4.100895522,837,1
14263,322.93,10.6875,16,United Kingdom,153,1,270,0,0,0,0,0,153,322.93,0.006535948,0,0,0,305.08,17.85,4.78125,2.110653595,153,1
14264,1141.89,7.307692308,65,United Kingdom,109,4,102,2,41.5,13.83333333,3,2.666666667,341,285.4725,0.011730205,0.036343255,0,0,588.29,553.6,3.40625,10.47605505,1364,0
14265,843.17,8.020833333,48,Unspecified,195,2,270,0,0,0,0,0,342,421.585,0.005847953,0,0,22.8,584.87,235.5,6.09375,4.323948718,684,0
14266,40.56,24,1,United Kingdom,158,1,270,0,0,0,0,0,158,40.56,0.006329114,0,0,0,40.56,0,4.9375,0.256708861,158,1
14268,354.85,7.736842105,19,United Kingdom,201,1,270,0,0,0,0,0,201,354.85,0.004975124,0,0,22.5,303.75,28.6,6.28125,1.765422886,201,1
14269,261.68,5.7,20,United Kingdom,169,1,165,1,34.05,8.5125,4,2.25,169,261.68,0.00591716,0.130120758,0,0,151.33,110.35,5.28125,1.548402367,169,1
14270,492.65,6.793103448,29,United Kingdom,62,1,270,0,0,0,0,0,62,492.65,0.016129032,0,0,0,300,192.65,1.9375,7.945967742,62,1
14271,101.86,2.142857143,28,United Kingdom,139,1,270,0,0,0,0,0,139,101.86,0.007194245,0,0,0,81.61,20.25,4.34375,0.732805755,139,0
14272,482.85,16.06451613,31,United Kingdom,293,2,270,0,0,0,0,0,312,241.425,0.006410256,0,0,0,432.6,50.25,9.15625,1.647952218,624,0
14274,256.6,11.86666667,15,United Kingdom,416,1,270,0,0,0,0,0,416,256.6,0.002403846,0,0,15,241.6,0,13,0.616826923,416,1
14275,1189.38,23.39130435,23,United Kingdom,126,6,270,0,0,0,0,0,338,198.23,0.017751479,0,0,0,1133.58,55.8,3.9375,9.43952381,2028,1
14276,1179.24,8.694736842,95,United Kingdom,20,5,12,4,144.9,7.626315789,19,2.736842105,390,235.848,0.012820513,0.12287575,0,0,1122.04,57.2,0.625,58.962,1950,0
14277,67.02,1.139830508,236,France,142,5,168,4,12570.14,155.1869136,81,1080.975309,456,13.404,0.010964912,187.5580424,0,31.05,-28.18,64.15,2.903885481,0.471971831,2280,0
14278,205.83,10.07692308,13,United Kingdom,140,1,270,0,0,0,0,0,140,205.83,0.007142857,0,0,0,154.83,51,4.375,1.470214286,140,1
14279,191.86,15.33333333,3,United Kingdom,251,2,270,0,0,0,0,0,411,95.93,0.00486618,0,0,0,81.36,110.5,5.132924335,0.76438247,822,1
14281,245.15,6.428571429,7,United Kingdom,138,1,270,0,0,0,0,0,138,245.15,0.007246377,0,0,0,35.4,209.75,2.82208589,1.776449275,138,1
14282,4115.32,28.34343434,99,United Kingdom,98,11,174,1,5,5,1,4,393,374.12,0.027989822,0.001214972,0,139.25,3976.07,0,3.0625,41.99306122,4323,0
14283,628.44,13.41463415,41,United Kingdom,193,4,270,0,0,0,0,0,300,157.11,0.013333333,0,0,5.04,537.35,86.05,6.03125,3.256165803,1200,1
14284,704.4,9.971428571,35,United Kingdom,384,1,270,0,0,0,0,0,384,704.4,0.002604167,0,0,0,489.25,215.15,12,1.834375,384,1
14285,1374.41,12.14705882,34,United Kingdom,243,4,270,0,0,0,0,0,461,343.6025,0.00867679,0,0,102,532.41,740,4.969325153,5.65600823,1844,0
14286,3800.89,19.50666667,225,United Kingdom,134,4,129,3,50.12,8.353333333,6,11.33333333,466,950.2225,0.008583691,0.013186385,0,55.56,3665.83,79.5,4.1875,28.36485075,1864,0
14289,322.24,7.789473684,19,United Kingdom,20,1,270,0,0,0,0,0,20,322.24,0.05,0,0,0,199.44,122.8,0.625,16.112,20,0
14290,2684.34,8.913978495,93,United Kingdom,92,4,46,6,295.13,14.7565,20,3.8,462,671.085,0.008658009,0.109945089,0,35.4,1716.49,932.45,2.875,29.1776087,1848,1
14291,4955.98,12.5659164,311,United Kingdom,5,13,291,1,49.75,24.875,2,2.5,461,381.2292308,0.028199566,0.010038378,0,17.7,3974.53,963.75,0.15625,991.196,5993,0
14292,4519.42,16.15702479,121,United Kingdom,13,8,56,7,297.9,33.1,9,4.333333333,361,564.9275,0.022160665,0.065915538,0,0,3622.72,896.7,0.40625,347.6476923,2888,0
14293,2270.87,11.9382716,81,United Kingdom,35,7,448,1,93.6,93.6,1,144,460,324.41,0.015217391,0.041217683,0,0,1678.17,592.7,1.09375,64.882,3220,0
14294,375.34,8.260869565,23,United Kingdom,137,1,270,0,0,0,0,0,137,375.34,0.00729927,0,0,0,264.2,111.14,4.28125,2.739708029,137,1
14295,2142.86,13.5942029,69,United Kingdom,169,3,63,3,43.85,14.61666667,3,2,460,714.2866667,0.006521739,0.020463306,0,17.7,1360.26,764.9,5.28125,12.67964497,1380,1
14296,448.45,11.17857143,28,United Kingdom,151,2,144,1,7.95,7.95,1,1,304,224.225,0.006578947,0.017727729,0,0,355.05,93.4,4.71875,2.96986755,608,1
14297,232.6,7.090909091,11,United Kingdom,5,1,270,0,0,0,0,0,5,232.6,0.2,0,0,0,153,79.6,0.15625,46.52,5,1
14298,51450.77,34.0672956,1590,United Kingdom,18,52,377,1,40.32,40.32,1,96,458,989.4378846,0.113537118,0.000783662,0,2155.65,39562.3,9732.82,0.5625,2858.376111,23816,0
14299,10292.62,26.27234043,235,United Kingdom,48,22,46,10,1377.95,72.52368421,19,8.157894737,468,467.8463636,0.047008547,0.133877477,0,0,7509.64,2782.98,1.5,214.4295833,10296,1
14301,1324.19,24.38636364,44,United Kingdom,146,3,139,2,27.85,6.9625,4,1.75,396,441.3966667,0.007575758,0.021031725,0,0,1290.79,33.4,4.5625,9.069794521,1188,0
14302,742.9,10.64285714,28,United Kingdom,161,3,270,0,0,0,0,0,468,247.6333333,0.006410256,0,0,12.6,670.7,59.6,5.03125,4.614285714,1404,1
14303,277.94,9.909090909,22,United Kingdom,137,2,270,0,0,0,0,0,165,138.97,0.012121212,0,0,0,277.94,0,4.28125,2.028759124,330,1
14304,1140.36,6.682926829,82,United Kingdom,110,2,31,2,201.2,18.29090909,11,8,301,570.18,0.006644518,0.176435512,0,0,795.28,345.08,3.4375,10.36690909,602,0
14306,1058.08,76.15384615,13,United Kingdom,109,4,270,0,0,0,0,0,407,264.52,0.00982801,0,0,0,1058.08,0,3.40625,9.707155963,1628,1
14307,2554.81,10.0308642,162,United Kingdom,54,6,452,1,7.95,7.95,1,1,462,425.8016667,0.012987013,0.003111777,0,70.4,2138.57,345.84,1.6875,47.3112963,2772,0
14309,1983.82,13.7745098,102,United Kingdom,26,5,53,1,32.85,5.475,6,2.333333333,281,396.764,0.017793594,0.016558962,0,0,1547.77,436.05,0.8125,76.30076923,1405,0
14310,492.1,10.45454545,22,United Kingdom,163,1,270,0,0,0,0,0,163,492.1,0.006134969,0,0,0,492.1,0,5.09375,3.019018405,163,1
14311,206.19,8.090909091,11,United Kingdom,298,1,270,0,0,0,0,0,298,206.19,0.003355705,0,0,0,131.94,74.25,9.3125,0.691912752,298,0
14312,2072.72,8.984126984,126,United Kingdom,3,8,270,0,0,0,0,0,234,259.09,0.034188034,0,0,39.6,1420.57,612.55,0.09375,690.9066667,1872,0
14314,101.9,11.33333333,3,United Kingdom,161,1,144,1,7.9,7.9,1,2,161,101.9,0.00621118,0.077526987,0,0,15,86.9,3.292433538,0.632919255,161,0
14315,711.74,9.757575758,33,United Kingdom,294,2,263,1,4.95,4.95,1,1,365,355.87,0.005479452,0.006954787,0,0,584.43,127.31,9.1875,2.420884354,730,0
14316,1355.34,140.0625,32,United Kingdom,152,5,277,1,15,15,1,12,360,271.068,0.013888889,0.011067334,0,0,1332.84,22.5,4.75,8.916710526,1800,1
14318,158.02,16.88888889,9,United Kingdom,190,1,270,0,0,0,0,0,190,158.02,0.005263158,0,0,0,158.02,0,5.9375,0.831684211,190,1
14319,476.95,12.11111111,27,United Kingdom,154,1,459,1,17.9,17.9,1,2,154,476.95,0.006493506,0.037530139,0,0,494.85,-17.9,4.8125,3.097077922,154,1
14320,1078.84,6.305882353,85,United Kingdom,63,4,53,2,142.63,11.88583333,12,7.25,418,269.71,0.009569378,0.132206815,0,17.4,667.09,394.35,1.96875,17.12444444,1672,0
14321,994.65,17.35632184,87,United Kingdom,64,3,158,1,19.48,9.74,2,2,203,331.55,0.014778325,0.019584779,0,0,812.32,182.33,2,15.54140625,609,0
14322,384.3,8.352941176,17,United Kingdom,159,4,157,2,89.8,22.45,4,4,390,96.075,0.01025641,0.233671611,0,0,334.95,49.35,4.96875,2.416981132,1560,1
14324,701.61,9.804878049,41,United Kingdom,140,2,270,0,0,0,0,0,423,350.805,0.004728132,0,0,38.7,514.51,148.4,4.375,5.0115,846,1
14325,245.48,17.77777778,18,United Kingdom,300,1,270,0,0,0,0,0,300,245.48,0.003333333,0,0,23.6,221.88,0,9.375,0.818266667,300,1
14326,757.13,9.571428571,49,United Kingdom,193,2,270,0,0,0,0,0,263,378.565,0.007604563,0,0,17.7,607.92,131.51,6.03125,3.922953368,526,0
14327,1583.28,12.30851064,94,United Kingdom,112,5,270,0,0,0,0,0,430,316.656,0.011627907,0,0,57,1431.73,94.55,3.5,14.13642857,2150,0
14329,6904.48,9.392344498,418,United Kingdom,4,10,22,7,133.5,13.35,10,2,453,690.448,0.022075055,0.019335272,0,10,4986.07,1908.41,0.125,1726.12,4530,0
14330,200.63,7.923076923,13,United Kingdom,354,1,270,0,0,0,0,0,354,200.63,0.002824859,0,0,0,171.7,28.93,11.0625,0.566751412,354,1
14332,1077.2,11.13513514,37,United Kingdom,111,2,270,0,0,0,0,0,146,538.6,0.01369863,0,0,0,864.2,213,3.46875,9.704504505,292,0
14334,2792.62,12.47560976,164,United Kingdom,5,7,179,1,12.75,12.75,1,1,299,398.9457143,0.023411371,0.004565605,0,33,2323.02,436.6,0.15625,558.524,2093,0
14336,534.42,14.96551724,29,United Kingdom,6,1,270,0,0,0,0,0,6,534.42,0.166666667,0,0,0,534.42,0,0.1875,89.07,6,0
14338,339.88,15.10526316,19,United Kingdom,267,1,270,0,0,0,0,0,267,339.88,0.003745318,0,0,0,339.88,0,8.34375,1.272958801,267,0
14339,310.75,32,9,United Kingdom,159,1,270,0,0,0,0,0,159,310.75,0.006289308,0,0,0,310.75,0,4.96875,1.954402516,159,0
14341,2596.82,9.975308642,162,United Kingdom,48,12,47,2,23.85,11.925,2,1.5,469,216.4016667,0.025586354,0.00918431,0,83.4,2237.46,275.96,1.5,54.10041667,5628,0
14342,235.03,13.15384615,13,United Kingdom,163,2,200,1,14.85,14.85,1,3,202,117.515,0.00990099,0.063183423,0,0,202.18,32.85,5.09375,1.44190184,404,0
14343,1079.66,2.675213675,234,United Kingdom,151,4,270,0,0,0,0,0,420,269.915,0.00952381,0,0,19.16,855.52,204.98,4.71875,7.150066225,1680,1
14344,2604.95,6.903061224,196,United Kingdom,5,16,270,0,0,0,0,0,356,162.809375,0.04494382,0,0,5.38,1812.17,787.4,0.15625,520.99,5696,0
14346,1556.61,13.36893204,103,United Kingdom,27,4,270,0,0,0,0,0,228,389.1525,0.01754386,0,0,0,1093.57,463.04,0.84375,57.65222222,912,0
14347,82.6,8,6,United Kingdom,467,1,270,0,0,0,0,0,467,82.6,0.002141328,0,0,0,66.7,15.9,14.59375,0.176873662,467,1
14350,947.8,8.483870968,62,United Kingdom,4,3,1,1,24.23,8.076666667,3,5.666666667,160,315.9333333,0.01875,0.025564465,0,0,696.7,251.1,0.125,236.95,480,1
14352,231.3,10.44444444,9,United Kingdom,3,1,270,0,0,0,0,0,3,231.3,0.333333333,0,0,0,199.5,31.8,0.09375,77.1,3,0
14353,285.9,14.73684211,19,United Kingdom,140,2,270,0,0,0,0,0,162,142.95,0.012345679,0,0,0,266,19.9,4.375,2.042142857,324,0
14355,840.05,10.28333333,60,United Kingdom,96,3,270,0,0,0,0,0,357,280.0166667,0.008403361,0,0,0,726.25,113.8,3,8.750520833,1071,1
14358,400.06,13.52,25,United Kingdom,119,2,270,0,0,0,0,0,158,200.03,0.012658228,0,0,0,362.76,37.3,3.71875,3.361848739,316,1
14361,214.71,17.92857143,14,United Kingdom,309,1,270,0,0,0,0,0,309,214.71,0.003236246,0,0,0,184.96,29.75,9.65625,0.694854369,309,1
14363,227.47,13.125,8,United Kingdom,132,2,270,0,0,0,0,0,181,113.735,0.011049724,0,0,0,149.32,78.15,4.125,1.723257576,362,1
14365,634.68,10.92156863,51,United Kingdom,125,2,270,0,0,0,0,0,412,317.34,0.004854369,0,0,0,563.03,71.65,3.90625,5.07744,824,1
14366,136,16,1,United Kingdom,255,1,270,0,0,0,0,0,255,136,0.003921569,0,0,0,0,136,5.214723926,0.533333333,255,1
14367,983.16,5.853658537,82,United Kingdom,6,1,270,0,0,0,0,0,6,983.16,0.166666667,0,0,10.2,517.26,455.7,0.1875,163.86,6,0
14368,155,4.5,8,United Kingdom,50,1,270,0,0,0,0,0,50,155,0.02,0,0,0,42.3,112.7,1.022494888,3.1,50,1
14369,469.13,9.807692308,26,United Kingdom,372,2,270,0,0,0,0,0,392,234.565,0.005102041,0,0,45.6,369.88,53.65,11.625,1.261102151,784,1
14370,1092.13,5.244897959,49,United Kingdom,181,6,214,3,83.65,16.73,5,1.8,407,182.0216667,0.014742015,0.076593446,0,0,503.65,588.48,3.701431493,6.033867403,2442,1
14371,100.5,8.5,4,United Kingdom,25,1,270,0,0,0,0,0,25,100.5,0.04,0,0,0,100.5,0,0.78125,4.02,25,1
14372,830.18,9.641025641,39,United Kingdom,173,2,455,1,29.9,29.9,1,2,329,415.09,0.006079027,0.036016286,0,0,469.48,360.7,5.40625,4.798728324,658,1
14373,76.55,4.25,4,United Kingdom,88,1,270,0,0,0,0,0,88,76.55,0.011363636,0,0,0,10.2,66.35,1.799591002,0.869886364,88,1
14374,108,2.857142857,7,United Kingdom,271,1,270,0,0,0,0,0,271,108,0.003690037,0,0,0,29.4,78.6,5.54192229,0.398523985,271,1
14375,871.26,3.330935252,139,United Kingdom,180,2,270,0,0,0,0,0,271,435.63,0.007380074,0,0,8.05,516.36,346.85,5.625,4.840333333,542,0
14376,215.46,2.777777778,18,United Kingdom,413,1,270,0,0,0,0,0,413,215.46,0.002421308,0,0,3.4,150.16,61.9,12.90625,0.521694915,413,1
14378,131.25,6.333333333,9,United Kingdom,352,1,270,0,0,0,0,0,352,131.25,0.002840909,0,0,0,103.65,27.6,11,0.372869318,352,1
14379,1028.04,5.535353535,99,United Kingdom,25,3,270,0,0,0,0,0,210,342.68,0.014285714,0,0,0,541.92,486.12,0.78125,41.1216,630,1
14381,423.26,5.410714286,56,United Kingdom,181,1,270,0,0,0,0,0,181,423.26,0.005524862,0,0,25.2,393.81,4.25,5.65625,2.338453039,181,1
14382,572.19,2.824675325,154,United Kingdom,120,1,120,1,5.95,5.95,1,1,120,572.19,0.008333333,0.010398644,0,24.9,485.09,62.2,3.75,4.76825,120,1
14384,58.5,10,3,United Kingdom,231,1,270,0,0,0,0,0,231,58.5,0.004329004,0,0,0,58.5,0,7.21875,0.253246753,231,1
14386,142.4,7.714285714,7,United Kingdom,27,1,270,0,0,0,0,0,27,142.4,0.037037037,0,0,0,93.6,48.8,0.84375,5.274074074,27,1
14388,3818.71,10.12355212,259,United Kingdom,12,10,96,3,70.9,7.877777778,9,1.777777778,419,381.871,0.023866348,0.018566479,0,0,3409.26,409.45,0.375,318.2258333,4190,0
14389,808.81,10.0483871,62,United Kingdom,155,3,49,4,45.74,2.287,20,1.8,320,269.6033333,0.009375,0.056552219,0,0,781.86,26.95,4.84375,5.218129032,960,0
14390,1715.01,3.746341463,205,United Kingdom,103,5,103,2,16.15,5.383333333,3,1,155,343.002,0.032258065,0.009416855,0,2.55,1135.72,576.74,3.21875,16.65058252,775,0
14391,135.6,12,14,United Kingdom,307,1,270,0,0,0,0,0,307,135.6,0.003257329,0,0,0,135.6,0,9.59375,0.441693811,307,1
14392,266.4,8.142857143,14,United Kingdom,162,1,270,0,0,0,0,0,162,266.4,0.00617284,0,0,0,206.7,59.7,5.0625,1.644444444,162,1
14394,93.8,9.666666667,6,United Kingdom,295,1,270,0,0,0,0,0,295,93.8,0.003389831,0,0,0,76.8,17,9.21875,0.317966102,295,1
14395,5360.22,5.115311909,529,United Kingdom,1,14,148,1,11.4,5.7,2,1,330,382.8728571,0.042424242,0.002126778,0,154.8,3879.22,1326.2,0.03125,5360.22,4620,0
14396,1591.74,3.680952381,210,United Kingdom,101,6,270,0,0,0,0,0,467,265.29,0.012847966,0,0,47.98,1130.68,413.08,3.15625,15.75980198,2802,1
14398,707.79,5.037735849,53,United Kingdom,131,2,270,0,0,0,0,0,258,353.895,0.007751938,0,0,41.3,337.74,328.75,4.09375,5.402977099,516,1
14399,2093.21,4.907692308,195,United Kingdom,124,8,404,1,15,5,3,2.666666667,404,261.65125,0.01980198,0.007166027,0,0,1872.76,220.45,3.875,16.88072581,3232,1
14400,1143.3,24.37254902,51,United Kingdom,138,2,131,1,14.47,4.823333333,3,3,362,571.65,0.005524862,0.012656346,0,0,1128.45,14.85,4.3125,8.284782609,724,0
14401,3215.54,21.88785047,107,United Kingdom,45,11,319,2,81,27,3,6.666666667,455,292.3218182,0.024175824,0.02519017,0,121.53,1027.63,2066.38,0.920245399,71.45644444,5005,0
14402,285.6,30,8,United Kingdom,382,1,270,0,0,0,0,0,382,285.6,0.002617801,0,0,0,285.6,0,11.9375,0.747643979,382,1
14403,396.45,30.42857143,7,United Kingdom,320,2,313,2,8.25,4.125,2,2.5,369,198.225,0.005420054,0.020809686,0,0,247.35,149.1,10,1.23890625,738,0
14404,1566.89,7.016,125,United Kingdom,57,9,57,2,99,49.5,2,10,449,174.0988889,0.020044543,0.063182482,0,32.9,1104.71,429.28,1.78125,27.48929825,4041,0
14405,195,50,2,United Kingdom,117,1,270,0,0,0,0,0,117,195,0.008547009,0,0,0,195,0,3.65625,1.666666667,117,1
14407,357.18,7.052631579,19,United Kingdom,7,1,270,0,0,0,0,0,7,357.18,0.142857143,0,0,17.7,253.83,85.65,0.21875,51.02571429,7,0
14408,1503.24,37.63636364,22,United Kingdom,201,4,270,0,0,0,0,0,463,375.81,0.008639309,0,0,0,1503.24,0,6.28125,7.47880597,1852,0
14409,1882.74,21.125,64,United Kingdom,49,6,98,1,151.2,151.2,1,72,297,313.79,0.02020202,0.080308487,0,0,1767.69,115.05,1.53125,38.42326531,1782,0
14410,1669.28,4.279411765,204,United Kingdom,36,3,270,0,0,0,0,0,167,556.4266667,0.017964072,0,0,36.9,1395.23,237.15,1.125,46.36888889,501,0
14411,1063,14,14,United Kingdom,41,1,270,0,0,0,0,0,41,1063,0.024390244,0,0,0,330.6,732.4,0.838445808,25.92682927,41,1
14412,656.16,15.65853659,41,United Kingdom,155,1,270,0,0,0,0,0,155,656.16,0.006451613,0,0,0,656.16,0,4.84375,4.233290323,155,1
14413,421.72,2.905263158,95,United Kingdom,92,3,270,0,0,0,0,0,419,140.5733333,0.007159905,0,0,0,325.87,95.85,2.875,4.583913043,1257,1
14414,1119.55,17.62068966,29,United Kingdom,89,2,270,0,0,0,0,0,105,559.775,0.019047619,0,0,120,716.6,282.95,2.78125,12.57921348,210,0
14415,7588.28,4.716666667,840,United Kingdom,34,13,34,6,117.8,4.712,25,1.08,453,583.7138462,0.028697572,0.01552394,0,26.6,6157.8,1403.88,1.0625,223.1847059,5889,0
14417,524.65,4.641025641,117,United Kingdom,118,1,270,0,0,0,0,0,118,524.65,0.008474576,0,0,11.8,440.2,72.65,3.6875,4.446186441,118,1
14419,326.95,2.818181818,44,United Kingdom,95,2,270,0,0,0,0,0,113,163.475,0.017699115,0,0,0,311.1,15.85,2.96875,3.441578947,226,0
14420,1241.85,11.67164179,67,United Kingdom,127,3,231,2,9.8,3.266666667,3,1.333333333,422,413.95,0.007109005,0.007891452,0,0,977.45,264.4,3.96875,9.778346457,1266,1
14421,1643.51,13.94285714,70,United Kingdom,243,4,417,1,12.75,12.75,1,1,422,410.8775,0.009478673,0.007757787,0,0,1378.66,264.85,7.59375,6.763415638,1688,0
14422,5937.28,9.468468468,333,United Kingdom,105,13,232,2,70.6,23.53333333,3,2.666666667,453,456.7138462,0.028697572,0.011890967,0,17.7,4852.74,1066.84,3.28125,56.54552381,5889,0
14423,649.76,22.92307692,13,United Kingdom,168,2,154,1,1.65,1.65,1,1,425,324.88,0.004705882,0.002539399,0,0,649.76,0,5.25,3.867619048,850,0
14425,635.89,7.780487805,41,United Kingdom,165,3,157,2,25.5,12.75,2,3,468,211.9633333,0.006410256,0.040101275,0,0,415.74,220.15,5.15625,3.853878788,1404,1
14426,8656.4,10.58521561,487,United Kingdom,6,10,67,7,85.45,7.768181818,11,1,375,865.64,0.026666667,0.009871309,0,151.08,5731.64,2773.68,0.1875,1442.733333,3750,0
14427,900.18,11.48148148,27,United Kingdom,225,2,270,0,0,0,0,0,362,450.09,0.005524862,0,0,0,395.68,504.5,4.601226994,4.0008,724,0
14428,203.55,2.333333333,24,United Kingdom,55,1,270,0,0,0,0,0,55,203.55,0.018181818,0,0,0,92.5,111.05,1.124744376,3.700909091,55,0
14429,516.28,13,22,United Kingdom,134,1,270,0,0,0,0,0,134,516.28,0.007462687,0,0,0,482.28,34,4.1875,3.852835821,134,1
14430,992.1,10.61538462,39,United Kingdom,242,3,301,2,228.8,57.2,4,8,337,330.7,0.008902077,0.230621913,0,0,927.8,64.3,7.5625,4.099586777,1011,1
14431,2567.1,14.07058824,85,United Kingdom,33,4,29,1,47.1,11.775,4,1.5,418,641.775,0.009569378,0.018347552,0,0,2041.7,525.4,1.03125,77.79090909,1672,1
14433,280.7,1.77027027,74,United Kingdom,196,1,270,0,0,0,0,0,196,280.7,0.005102041,0,0,11.25,199.75,69.7,6.125,1.432142857,196,1
14435,90.42,94,3,United Kingdom,232,1,270,0,0,0,0,0,232,90.42,0.004310345,0,0,0,90.42,0,7.25,0.389741379,232,1
14436,182.64,84,2,United Kingdom,284,1,270,0,0,0,0,0,284,182.64,0.003521127,0,0,0,182.64,0,8.875,0.643098592,284,1
14437,850.84,9.627906977,43,United Kingdom,96,5,134,1,22.5,22.5,1,6,314,170.168,0.015923567,0.026444455,0,0,716.54,134.3,3,8.862916667,1570,1
14438,131.9,9.111111111,9,United Kingdom,36,1,270,0,0,0,0,0,36,131.9,0.027777778,0,0,0,131.9,0,1.125,3.663888889,36,1
14439,9443.04,17.39534884,129,Greece,50,5,270,0,0,0,0,0,417,1888.608,0.011990408,0,0,89.04,2336.66,7017.34,1.022494888,188.8608,2085,1
14440,4698.16,12.71698113,106,United Kingdom,47,10,115,2,111.9,55.95,2,5,468,469.816,0.021367521,0.023817835,0,0,3283.16,1415,1.46875,99.96085106,4680,1
14441,2785.75,7.514018692,107,United Kingdom,104,7,32,4,113.05,28.2625,4,2.5,421,397.9642857,0.016627078,0.040581531,0,0,1270.57,1515.18,2.126789366,26.78605769,2947,0
14442,4372.48,7.792207792,154,Channel Islands,47,6,42,3,80.3,20.075,4,2,420,728.7466667,0.014285714,0.018364864,0,15.3,1296.33,3060.85,0.961145194,93.03148936,2520,0
14443,1251.85,9.035714286,84,United Kingdom,40,3,35,3,19.32,3.864,5,1.4,109,417.2833333,0.027522936,0.015433159,0,15,1027.6,209.25,1.25,31.29625,327,0
14444,120.44,15.63636364,11,United Kingdom,186,1,270,0,0,0,0,0,186,120.44,0.005376344,0,0,0,120.44,0,5.8125,0.647526882,186,1
14445,221.65,2.59375,32,United Kingdom,186,1,270,0,0,0,0,0,186,221.65,0.005376344,0,0,0,174.1,47.55,5.8125,1.191666667,186,1
14446,189.93,4.166666667,42,United Kingdom,117,1,270,0,0,0,0,0,117,189.93,0.008547009,0,0,0,181.98,7.95,3.65625,1.623333333,117,0
14447,813.5,9.37254902,51,United Kingdom,11,2,270,0,0,0,0,0,130,406.75,0.015384615,0,0,0,760.7,52.8,0.34375,73.95454545,260,0
14448,102.35,2.444444444,18,United Kingdom,94,1,270,0,0,0,0,0,94,102.35,0.010638298,0,0,0,92.4,9.95,2.9375,1.088829787,94,1
14449,1555.4,3.551236749,283,United Kingdom,102,5,270,0,0,0,0,0,166,311.08,0.030120482,0,0,16.79,1339.31,199.3,3.1875,15.24901961,830,0
14450,806.22,7.70212766,47,United Kingdom,51,5,270,0,0,0,0,0,341,161.244,0.014662757,0,0,0,766.62,39.6,1.59375,15.80823529,1705,0
14451,2571.6,3.200483092,414,United Kingdom,119,10,160,6,43.18,6.168571429,7,4.857142857,422,257.16,0.023696682,0.016791103,0,57.41,2130.35,383.84,3.71875,21.61008403,4220,0
14452,399.9,2.449275362,69,United Kingdom,125,2,270,0,0,0,0,0,251,199.95,0.007968127,0,0,0,294.3,105.6,3.90625,3.1992,502,1
14454,970.7,3.567567568,111,United Kingdom,106,5,401,1,6.6,6.6,1,4,463,194.14,0.010799136,0.006799217,0,16.17,764.49,190.04,3.3125,9.15754717,2315,1
14455,587.12,8.481012658,79,United Kingdom,162,4,222,1,30.6,15.3,2,18,225,146.78,0.017777778,0.052118817,0,1.26,559.21,26.65,5.0625,3.624197531,900,1
14457,113.64,22,4,United Kingdom,41,1,270,0,0,0,0,0,41,113.64,0.024390244,0,0,0,113.64,0,1.28125,2.771707317,41,1
14458,219.27,6.866666667,45,United Kingdom,111,1,270,0,0,0,0,0,111,219.27,0.009009009,0,0,5.1,204.97,9.2,3.46875,1.975405405,111,1
14459,3537.82,20.56,75,United Kingdom,381,1,270,0,0,0,0,0,381,3537.82,0.002624672,0,0,0,2099.52,1438.3,11.90625,9.285616798,381,0
14460,515.26,27.39393939,33,United Kingdom,41,7,41,3,173.9,28.98333333,6,19.66666667,454,73.60857143,0.015418502,0.337499515,0,0,445.56,69.7,1.28125,12.56731707,3178,0
14461,4557.95,4.894967177,457,United Kingdom,113,10,313,1,15.9,15.9,1,2,421,455.795,0.023752969,0.00348841,0,97.65,3042.26,1418.04,3.53125,40.33584071,4210,0
14462,683.69,2.682692308,104,United Kingdom,38,4,38,1,22.57,7.523333333,3,5.666666667,162,170.9225,0.024691358,0.033012038,0,-5.07,408.96,279.8,1.1875,17.99184211,648,0
14463,256.95,15.5,2,United Kingdom,230,1,270,0,0,0,0,0,230,256.95,0.004347826,0,0,0,0,256.95,4.703476483,1.117173913,230,0
14464,111,15.5,4,United Kingdom,298,2,270,0,0,0,0,0,357,55.5,0.005602241,0,0,0,76.8,34.2,9.3125,0.372483221,714,1
14465,3484.71,30.22077922,77,United Kingdom,33,9,270,0,0,0,0,0,431,387.19,0.020881671,0,0,37.2,3432.51,15,1.03125,105.5972727,3879,0
14466,3030.4,11.42138365,159,United Kingdom,11,9,270,0,0,0,0,0,456,336.7111111,0.019736842,0,0,31.95,1967.1,1031.35,0.34375,275.4909091,4104,0
14467,1738.68,4.139737991,229,United Kingdom,43,9,270,0,0,0,0,0,468,193.1866667,0.019230769,0,0,20.1,1559.69,158.89,1.34375,40.4344186,4212,1
14468,204.24,13.66666667,12,United Kingdom,464,1,270,0,0,0,0,0,464,204.24,0.002155172,0,0,0,134.19,70.05,14.5,0.440172414,464,1
14469,2093.46,6.710344828,145,United Kingdom,146,4,270,0,0,0,0,0,410,523.365,0.009756098,0,0,20.4,1561.28,511.78,4.5625,14.33876712,1640,1
14470,548.49,4.365384615,52,United Kingdom,18,2,270,0,0,0,0,0,161,274.245,0.01242236,0,0,15,303.04,230.45,0.5625,30.47166667,322,1
14471,400.95,4.56097561,41,United Kingdom,321,2,270,0,0,0,0,0,463,200.475,0.004319654,0,0,11.8,323.28,65.87,10.03125,1.249065421,926,1
14472,1210.24,4.118343195,169,United Kingdom,16,4,270,0,0,0,0,0,419,302.56,0.009546539,0,0,23.27,750.57,436.4,0.5,75.64,1676,0
14473,85,10,1,United Kingdom,12,1,270,0,0,0,0,0,12,85,0.083333333,0,0,0,0,85,0.245398773,7.083333333,12,0
14474,711.23,3.142857143,98,United Kingdom,310,1,270,0,0,0,0,0,310,711.23,0.003225806,0,0,5.5,455.83,249.9,9.6875,2.294290323,310,1
14475,510.3,8.88,25,United Kingdom,35,2,32,1,21.55,7.183333333,3,1,139,255.15,0.014388489,0.042230061,0,8.7,412.2,89.4,1.09375,14.58,278,0
14477,817.8,70.85714286,7,United Kingdom,27,4,235,2,7.2,3.6,2,2,434,204.45,0.00921659,0.008804109,0,0,817.8,0,0.84375,30.28888889,1736,0
14478,1276.66,18.02941176,68,United Kingdom,112,4,270,0,0,0,0,0,468,319.165,0.008547009,0,0,33.25,1028.31,215.1,3.5,11.39875,1872,1
14479,982.86,3.839694656,131,United Kingdom,95,3,270,0,0,0,0,0,463,327.62,0.006479482,0,0,12.85,729.46,240.55,2.96875,10.34589474,1389,0
14480,1016.22,9.924528302,53,United Kingdom,133,3,431,1,4.25,4.25,1,1,448,338.74,0.006696429,0.004182165,0,0,965.97,50.25,4.15625,7.64075188,1344,1
14481,1951.04,9.946969697,132,United Kingdom,17,4,270,0,0,0,0,0,408,487.76,0.009803922,0,0,46.78,1580.11,324.15,0.53125,114.7670588,1632,0
14482,2118.25,10.60550459,109,United Kingdom,109,6,109,2,165.66,82.83,2,43,200,353.0416667,0.03,0.078206066,0,8.05,1985.5,124.7,3.40625,19.43348624,1200,0
14483,257.1,14.84615385,13,United Kingdom,12,2,270,0,0,0,0,0,467,128.55,0.004282655,0,0,0,257.1,0,0.375,21.425,934,1
14484,749.06,13.69230769,39,United Kingdom,131,3,270,0,0,0,0,0,453,249.6866667,0.006622517,0,0,17.7,715.46,15.9,4.09375,5.718015267,1359,1
14486,175.5,15,6,United Kingdom,242,2,270,0,0,0,0,0,284,87.75,0.007042254,0,0,0,175.5,0,7.5625,0.725206612,568,1
14487,213.14,2.023809524,42,United Kingdom,98,2,98,1,12.75,12.75,1,1,109,106.57,0.018348624,0.059819837,0,1.25,160.89,51,3.0625,2.174897959,218,1
14489,1111.55,10.17142857,70,United Kingdom,167,3,270,0,0,0,0,0,343,370.5166667,0.008746356,0,0,0,1011.05,100.5,5.21875,6.655988024,1029,0
14490,1273.47,11.6625,80,United Kingdom,136,2,270,0,0,0,0,0,159,636.735,0.012578616,0,0,0,1207.67,65.8,4.25,9.36375,318,1
14491,127.2,10,4,United Kingdom,103,1,270,0,0,0,0,0,103,127.2,0.009708738,0,0,0,79.5,47.7,3.21875,1.234951456,103,0
14492,1574.36,6.144230769,104,United Kingdom,160,7,237,3,347.55,28.9625,12,9.333333333,349,224.9085714,0.020057307,0.220756371,0,0,1054.64,519.72,5,9.83975,2443,1
14493,2630.92,7.802521008,238,United Kingdom,120,5,305,2,73.7,24.56666667,3,2,372,526.184,0.01344086,0.028013014,0,77.87,2031.45,521.6,3.75,21.92433333,1860,0
14494,261.9,11.8,10,United Kingdom,131,2,270,0,0,0,0,0,461,130.95,0.004338395,0,0,0,147.6,114.3,4.09375,1.999236641,922,1
14495,42.5,2.5,2,United Kingdom,390,1,377,1,8.5,8.5,1,1,390,42.5,0.002564103,0.2,0,0,0,42.5,7.975460123,0.108974359,390,0
14496,2341.54,8.201834862,109,United Kingdom,42,7,116,3,22.35,7.45,3,3.666666667,363,334.5057143,0.019283747,0.009545,0,0,1497.38,844.16,1.3125,55.75095238,2541,1
14497,679.16,7.857142857,42,United Kingdom,39,2,31,1,17.9,8.95,2,1,404,339.58,0.004950495,0.026356087,0,0,426.11,253.05,1.21875,17.41435897,808,1
14498,2109.73,5.747368421,190,United Kingdom,92,6,270,0,0,0,0,0,280,351.6216667,0.021428571,0,0,9.65,1513.3,586.78,2.875,22.93184783,1680,0
14499,1397.87,4.795180723,166,United Kingdom,9,5,111,3,18.35,6.116666667,3,3,200,279.574,0.025,0.013127115,0,0,1216.59,181.28,0.28125,155.3188889,1000,0
14501,66.93,11.25,4,United Kingdom,50,1,270,0,0,0,0,0,50,66.93,0.02,0,0,0,66.93,0,1.5625,1.3386,50,0
14502,657.17,1.644067797,177,United Kingdom,2,3,42,1,8.7,4.35,2,1,43,219.0566667,0.069767442,0.013238584,0,8.75,395.82,252.6,0.0625,328.585,129,0
14504,147.23,3.4375,32,United Kingdom,8,1,270,0,0,0,0,0,8,147.23,0.125,0,0,0,94.83,52.4,0.25,18.40375,8,0
14505,7161.77,3.180428135,981,United Kingdom,67,13,66,6,207.54,13.836,15,4.333333333,460,550.9053846,0.02826087,0.02897887,-7.95,393.25,4862.04,1914.43,2.09375,106.8920896,5980,0
14506,1553.76,2.392473118,186,United Kingdom,14,4,270,0,0,0,0,0,330,388.44,0.012121212,0,0,77.2,567.16,909.4,0.286298569,110.9828571,1320,0
14507,2115.77,5.311320755,212,United Kingdom,6,7,6,3,111.94,11.194,10,4.3,459,302.2528571,0.015250545,0.052907452,-0.19,28.95,1541.01,546,0.1875,352.6283333,3213,0
14508,536.02,1.666666667,123,United Kingdom,106,3,106,1,18.85,18.85,1,13,270,178.6733333,0.011111111,0.035166598,0,23.6,253.55,258.87,2.167689162,5.056792453,810,0
14509,110.95,1.52,25,United Kingdom,264,1,270,0,0,0,0,0,264,110.95,0.003787879,0,0,0,58.6,52.35,8.25,0.420265152,264,1
14510,964.55,10.35526316,76,United Kingdom,106,3,166,1,15.3,15.3,1,6,166,321.5166667,0.018072289,0.015862319,0,0,818.6,145.95,3.3125,9.099528302,498,1
14512,940.69,10.96428571,56,United Kingdom,113,5,270,0,0,0,0,0,462,188.138,0.010822511,0,0,0,907.29,33.4,3.53125,8.324690265,2310,0
14513,351.17,17.07142857,14,United Kingdom,19,4,270,0,0,0,0,0,298,87.7925,0.013422819,0,0,0,244.92,106.25,0.59375,18.48263158,1192,0
14514,3640.84,6.924187726,277,United Kingdom,61,7,456,1,4.25,4.25,1,1,456,520.12,0.015350877,0.001167313,0,83.24,2911.8,645.8,1.90625,59.68590164,3192,0
14515,1616.81,9.784810127,79,United Kingdom,118,6,118,3,30.36,7.59,4,2.5,281,269.4683333,0.021352313,0.018777717,0,0.85,1202.61,413.35,3.6875,13.70177966,1686,0
14516,151.17,1.8,35,United Kingdom,246,1,270,0,0,0,0,0,246,151.17,0.004065041,0,0,16.25,81.17,53.75,7.6875,0.614512195,246,1
14519,203.14,2.131578947,38,United Kingdom,414,2,270,0,0,0,0,0,459,101.57,0.004357298,0,0,0,141.5,61.64,12.9375,0.490676329,918,1
14520,165,100,1,United Kingdom,21,1,270,0,0,0,0,0,21,165,0.047619048,0,0,0,165,0,0.65625,7.857142857,21,1
14521,167.65,10.15,20,United Kingdom,221,1,207,1,31.8,10.6,3,2.666666667,221,167.65,0.004524887,0.189680883,0,0,154.9,12.75,6.90625,0.758597285,221,1
14522,773.88,15.39285714,28,United Kingdom,326,4,270,0,0,0,0,0,414,193.47,0.009661836,0,0,1.7,613.09,159.09,10.1875,2.373865031,1656,0
14524,1536.08,3.696335079,191,United Kingdom,12,6,270,0,0,0,0,0,147,256.0133333,0.040816327,0,0,25.6,1188.38,322.1,0.375,128.0066667,882,0
14525,4529.64,10.7962963,270,United Kingdom,56,10,270,0,0,0,0,0,456,452.964,0.021929825,0,0,12.6,3965.34,551.7,1.75,80.88642857,4560,0
14526,258.65,4.341463415,41,United Kingdom,119,1,270,0,0,0,0,0,119,258.65,0.008403361,0,0,3.75,232.25,22.65,3.71875,2.173529412,119,1
14527,20190.53,2.4395,2000,United Kingdom,0,82,179,17,803.32,11.98985075,67,1.895522388,468,246.2259756,0.175213675,0.039786969,-5.95,396.86,7963.25,11836.37,0,20190.53,38376,0
14530,3769.37,6.292207792,308,United Kingdom,27,11,137,3,120.25,30.0625,4,3.75,418,342.67,0.026315789,0.031901883,0,19.65,2883.99,865.73,0.84375,139.6062963,4598,0
14531,376.34,8.965517241,29,United Kingdom,210,1,270,0,0,0,0,0,210,376.34,0.004761905,0,0,0,325.04,51.3,6.5625,1.792095238,210,1
14532,3692.48,3.2,295,United Kingdom,16,10,366,1,12.75,12.75,1,1,429,369.248,0.023310023,0.003452964,0,50.71,963.31,2678.46,0.327198364,230.78,4290,0
14533,1806,65.28205128,39,United Kingdom,83,5,291,2,144.15,72.075,2,6.5,341,361.2,0.014662757,0.079817276,0,0,1526.15,279.85,2.59375,21.75903614,1705,0
14534,2767.55,3.822485207,338,United Kingdom,0,13,49,6,116.74,16.67714286,7,2.285714286,364,212.8884615,0.035714286,0.042181713,0,49.5,1979.88,738.17,0,2767.55,4732,0
14535,2972.05,2.691382766,499,United Kingdom,125,6,312,1,135,33.75,4,5,383,495.3416667,0.015665796,0.045423193,0,77.75,1975.09,919.21,3.90625,23.7764,2298,0
14537,279.89,7.642857143,14,United Kingdom,353,1,337,1,5.95,5.95,1,1,353,279.89,0.002832861,0.021258351,0,0,188.34,91.55,11.03125,0.792889518,353,1
14538,982.59,3.909090909,33,United Kingdom,261,3,270,0,0,0,0,0,413,327.53,0.007263923,0,0,0,143.35,839.24,5.337423313,3.764712644,1239,0
14540,2942.98,6.36097561,205,United Kingdom,39,9,453,1,9.9,9.9,1,2,462,326.9977778,0.019480519,0.003363937,0,65.43,1693.77,1183.78,1.21875,75.46102564,4158,1
14541,1870.38,5.702531646,158,United Kingdom,17,10,270,0,0,0,0,0,432,187.038,0.023148148,0,0,40.3,1666.38,163.7,0.53125,110.0223529,4320,0
14543,9734.94,8.724867725,189,United Kingdom,26,26,9,6,2199.45,70.95,31,17.29032258,468,374.4207692,0.055555556,0.225933596,0,70.8,1795.95,7868.19,0.531697342,374.4207692,12168,0
14544,2036,13.16923077,130,United Kingdom,92,2,270,0,0,0,0,0,200,1018,0.01,0,0,1.26,1784.44,250.3,2.875,22.13043478,400,1
14545,349.25,10.26086957,23,United Kingdom,404,1,270,0,0,0,0,0,404,349.25,0.002475248,0,0,0,136.1,213.15,8.261758691,0.864480198,404,1
14546,2505.11,3.210144928,414,United Kingdom,107,6,140,5,105.8,5.038095238,21,2.19047619,463,417.5183333,0.012958963,0.042233674,0,20,2057.76,427.35,3.34375,23.41224299,2778,0
14548,2214.89,7.944444444,108,United Kingdom,48,8,270,0,0,0,0,0,463,276.86125,0.017278618,0,0,20.9,1879.7,314.29,1.5,46.14354167,3704,0
14549,913.6,2.755244755,143,United Kingdom,41,4,270,0,0,0,0,0,467,228.4,0.00856531,0,0,8.85,720.26,184.49,1.28125,22.28292683,1868,1
14550,587.69,7.64,50,United Kingdom,118,2,270,0,0,0,0,0,214,293.845,0.009345794,0,0,12.6,451.54,123.55,3.6875,4.980423729,428,1
14551,670.41,5.197183099,71,United Kingdom,141,5,139,2,21.45,10.725,2,5.5,412,134.082,0.012135922,0.031995346,0,18.75,503.06,148.6,4.40625,4.754680851,2060,0
14552,343.71,1.731958763,97,United Kingdom,111,2,270,0,0,0,0,0,322,171.855,0.00621118,0,0,2.5,300.06,41.15,3.46875,3.096486486,644,0
14553,1135.77,3.788944724,199,United Kingdom,69,5,144,1,25.5,25.5,1,2,240,227.154,0.020833333,0.022451729,0,20.15,934.62,181,2.15625,16.46043478,1200,0
14555,2168.68,7.078947368,114,United Kingdom,32,5,258,1,9.15,4.575,2,1.5,452,433.736,0.011061947,0.004219156,0,59.2,1082.44,1027.04,1,67.77125,2260,1
14556,815.69,1.647959184,196,United Kingdom,326,3,270,0,0,0,0,0,419,271.8966667,0.007159905,0,0,9.64,623.6,182.45,10.1875,2.502116564,1257,1
14558,614.1,9.294117647,17,United Kingdom,384,3,383,2,41.4,20.7,2,2,462,204.7,0.006493506,0.06741573,0,0,213,401.1,7.852760736,1.59921875,1386,1
14559,75.6,36,2,United Kingdom,120,1,270,0,0,0,0,0,120,75.6,0.008333333,0,0,0,75.6,0,3.75,0.63,120,1
14560,4872.18,22.20382166,157,United Kingdom,6,28,82,1,9.95,9.95,1,1,468,174.0064286,0.05982906,0.002042207,0,25.2,2402.73,2444.25,0.122699387,812.03,13104,0
14562,2066.08,3.888412017,233,United Kingdom,19,10,270,0,0,0,0,0,400,206.608,0.025,0,0,38.73,1633.41,393.94,0.59375,108.7410526,4000,0
14563,625.42,2.314285714,105,United Kingdom,240,2,270,0,0,0,0,0,322,312.71,0.00621118,0,0,7.15,250.97,367.3,4.90797546,2.605916667,644,1
14564,2519.32,11.36283186,113,Channel Islands,165,2,157,3,86.3,14.38333333,6,1.833333333,466,1259.66,0.004291845,0.034255275,0,22.1,1632.62,864.6,5.15625,15.26860606,932,1
14565,1927.51,11.95402299,87,United Kingdom,91,2,270,0,0,0,0,0,204,963.755,0.009803922,0,0,15,1469.86,442.65,2.84375,21.18142857,408,0
14566,2660,133.3333333,12,Channel Islands,147,3,270,0,0,0,0,0,264,886.6666667,0.011363636,0,0,0,2660,0,4.59375,18.0952381,792,1
14568,909.5,13.1875,48,Channel Islands,165,1,154,1,10.2,10.2,1,12,165,909.5,0.006060606,0.011214953,0,0,875.5,34,5.15625,5.512121212,165,1
14569,369.94,8.090909091,22,United Kingdom,183,3,270,0,0,0,0,0,334,123.3133333,0.008982036,0,0,5.04,300.95,63.95,5.71875,2.021530055,1002,1
14570,512.4,5.5,66,United Kingdom,11,3,270,0,0,0,0,0,173,170.8,0.01734104,0,0,53.54,357.91,100.95,0.34375,46.58181818,519,1
14571,160,1.866666667,30,United Kingdom,155,1,270,0,0,0,0,0,155,160,0.006451613,0,0,0,111.7,48.3,4.84375,1.032258065,155,1
14572,3019.77,5.443333333,300,United Kingdom,54,5,54,2,27.7,13.85,2,1,351,603.954,0.014245014,0.009172884,0,129.01,2265.7,625.06,1.6875,55.92166667,1755,0
14573,1228.4,1.736040609,197,United Kingdom,12,7,270,0,0,0,0,0,430,175.4857143,0.01627907,0,0,23.05,552.8,652.55,0.245398773,102.3666667,3010,0
14574,143.7,5.727272727,11,United Kingdom,463,1,270,0,0,0,0,0,463,143.7,0.002159827,0,0,8,105.25,30.45,14.46875,0.310367171,463,1
14575,420.22,2.263888889,72,United Kingdom,218,1,270,0,0,0,0,0,218,420.22,0.004587156,0,0,21.1,263.77,135.35,6.8125,1.927614679,218,1
14576,35.4,12,1,United Kingdom,102,1,270,0,0,0,0,0,102,35.4,0.009803922,0,0,0,35.4,0,3.1875,0.347058824,102,1
14577,851.34,3.577319588,97,United Kingdom,93,4,270,0,0,0,0,0,459,212.835,0.008714597,0,0,18.3,799.04,34,2.90625,9.154193548,1836,0
14579,105.56,2.24,25,United Kingdom,162,1,270,0,0,0,0,0,162,105.56,0.00617284,0,0,7.5,82.16,15.9,5.0625,0.651604938,162,1
14580,14.85,3,1,United Kingdom,248,1,270,0,0,0,0,0,248,14.85,0.004032258,0,0,0,0,14.85,5.071574642,0.059879032,248,1
14581,271.05,2.023255814,43,United Kingdom,274,1,270,0,0,0,0,0,274,271.05,0.003649635,0,0,0,183.9,87.15,8.5625,0.989233577,274,1
14583,673.33,1.975308642,162,United Kingdom,113,3,270,0,0,0,0,0,351,224.4433333,0.008547009,0,0,7.75,429.23,236.35,3.53125,5.958672566,1053,0
14584,705.1,4.825,120,United Kingdom,151,4,270,0,0,0,0,0,390,176.275,0.01025641,0,0,28.35,582.95,93.8,4.71875,4.669536424,1560,0
14585,986.22,6.573170732,82,United Kingdom,113,4,270,0,0,0,0,0,147,246.555,0.027210884,0,0,6.85,954.42,24.95,3.53125,8.727610619,588,1
14586,237.36,23.36842105,19,United Kingdom,7,1,270,0,0,0,0,0,7,237.36,0.142857143,0,0,0,237.36,0,0.21875,33.90857143,7,1
14587,712.69,2.032432432,185,United Kingdom,3,4,270,0,0,0,0,0,61,178.1725,0.06557377,0,0,10.6,623.09,79,0.09375,237.5633333,244,0
14588,135.39,3.875,16,United Kingdom,308,1,270,0,0,0,0,0,308,135.39,0.003246753,0,0,2.55,105.24,27.6,9.625,0.439577922,308,1
14589,39.75,1.666666667,3,United Kingdom,102,1,270,0,0,0,0,0,102,39.75,0.009803922,0,0,0,0,39.75,2.085889571,0.389705882,102,1
14590,2871.04,4.064814815,216,United Kingdom,155,20,155,8,122.33,8.737857143,14,1.642857143,462,143.552,0.043290043,0.042608253,0,46.85,1988.28,835.91,4.84375,18.52283871,9240,1
14593,2985.16,3.227467811,466,United Kingdom,127,9,133,5,55.72,7.96,7,1.714285714,460,331.6844444,0.019565217,0.018665666,0,392.95,1728.58,863.63,3.96875,23.50519685,4140,0
14594,255,4.709677419,31,United Kingdom,103,1,270,0,0,0,0,0,103,255,0.009708738,0,0,0,199.15,55.85,3.21875,2.475728155,103,1
14595,587.65,8.358974359,39,United Kingdom,43,3,270,0,0,0,0,0,418,195.8833333,0.007177033,0,0,25.2,562.45,0,1.34375,13.66627907,1254,1
14596,222.22,1.41509434,53,United Kingdom,357,1,270,0,0,0,0,0,357,222.22,0.00280112,0,0,40.85,100.63,80.74,11.15625,0.622464986,357,1
14597,1318.39,18.125,48,United Kingdom,109,4,270,0,0,0,0,0,167,329.5975,0.023952096,0,0,61.2,1198.99,58.2,3.40625,12.0953211,668,0
14598,-1.78E-15,0,80,United Kingdom,299,1,299,1,162.07,4.05175,40,4.125,299,-1.78E-15,0.003344482,162.07,0,0,-1.78E-15,0,11.11524164,-5.94E-18,299,1
14599,457.89,3.696202532,79,United Kingdom,120,2,270,0,0,0,0,0,239,228.945,0.008368201,0,0,0,363.2,94.69,3.75,3.81575,478,1
14600,865.17,9.018518519,54,United Kingdom,36,2,270,0,0,0,0,0,123,432.585,0.016260163,0,0,8.5,604.72,251.95,1.125,24.0325,246,1
14602,205.36,2.580645161,31,United Kingdom,386,1,270,0,0,0,0,0,386,205.36,0.002590674,0,0,19.2,124.73,61.43,12.0625,0.532020725,386,1
14603,660,200,2,United Kingdom,5,1,270,0,0,0,0,0,5,660,0.2,0,0,0,660,0,0.15625,132,5,1
14604,136.36,3.909090909,22,United Kingdom,363,1,270,0,0,0,0,0,363,136.36,0.002754821,0,0,20.41,106,9.95,11.34375,0.375647383,363,1
14605,920.71,3.878504673,107,United Kingdom,104,4,270,0,0,0,0,0,461,230.1775,0.00867679,0,0,52.77,395.56,472.38,2.126789366,8.852980769,1844,1
14606,21627.61,2.381541802,4605,United Kingdom,1,123,7,44,398.15,4.855487805,82,1.390243902,467,175.8342276,0.263383298,0.018409339,0,502.25,14120.48,7004.88,0.03125,21627.61,57441,0
14607,7433.13,29.83064516,124,United Kingdom,197,8,349,2,120.5,60.25,2,55,455,929.14125,0.017582418,0.016211206,0,0,5128.78,2304.35,6.15625,37.73162437,3640,0
14608,1682.29,21.95833333,24,United Kingdom,92,7,229,1,79.5,79.5,1,10,464,240.3271429,0.015086207,0.047257013,0,0,1609.39,72.9,2.875,18.28576087,3248,1
14609,908.64,517.6363636,11,United Kingdom,27,7,119,1,120,120,1,2400,399,129.8057143,0.01754386,0.132065504,0,0,908.64,0,0.84375,33.65333333,2793,0
14610,24.35,1.5,10,United Kingdom,126,2,270,0,0,0,0,0,244,12.175,0.008196721,0,0,0,24.35,0,3.9375,0.193253968,488,1
14611,599.38,14.8974359,39,United Kingdom,174,2,169,1,4.95,4.95,1,1,329,299.69,0.006079027,0.008258534,0,15.3,501.83,82.25,5.4375,3.444712644,658,1
14612,877.7,9.571428571,14,United Kingdom,145,1,270,0,0,0,0,0,145,877.7,0.006896552,0,0,0,92.6,785.1,2.965235174,6.053103448,145,1
14613,76.32,72,1,United Kingdom,410,1,270,0,0,0,0,0,410,76.32,0.002439024,0,0,0,76.32,0,12.8125,0.186146341,410,1
14614,295.13,9.947368421,19,United Kingdom,116,1,270,0,0,0,0,0,116,295.13,0.00862069,0,0,0,277.28,17.85,3.625,2.544224138,116,1
14615,934.26,9.431372549,51,United Kingdom,124,5,273,1,17.5,5.833333333,3,4.666666667,278,186.852,0.017985612,0.018731402,0,0,780.91,153.35,3.875,7.534354839,1390,1
14616,369.38,34.5,4,United Kingdom,15,4,270,0,0,0,0,0,279,92.345,0.014336918,0,0,0,52.58,316.8,0.306748466,24.62533333,1116,0
14617,190.47,9,9,United Kingdom,133,2,270,0,0,0,0,0,146,95.235,0.01369863,0,0,0,190.47,0,4.15625,1.432105263,292,1
14618,968.88,12.57142857,42,United Kingdom,68,5,96,2,31.8,15.9,2,2,277,193.776,0.018050542,0.032821402,0,0,827.55,141.33,2.125,14.24823529,1385,1
14619,896.8,11.05,40,United Kingdom,271,1,270,0,0,0,0,0,271,896.8,0.003690037,0,0,0,661.6,235.2,8.46875,3.309225092,271,0
14620,235.35,4.866666667,15,United Kingdom,14,1,270,0,0,0,0,0,14,235.35,0.071428571,0,0,0,139.8,95.55,0.4375,16.81071429,14,0
14621,1418.21,8.14,100,United Kingdom,88,5,236,6,99.7,5.864705882,17,1.705882353,414,283.642,0.012077295,0.070299885,0,48.3,1011.76,358.15,2.75,16.11602273,2070,0
14623,1121.43,4,151,United Kingdom,110,5,258,1,8.85,4.425,2,1.5,332,224.286,0.015060241,0.00789171,0,14.2,868.83,238.4,3.4375,10.19481818,1660,0
14624,588.22,12.71052632,38,United Kingdom,145,4,270,0,0,0,0,0,335,147.055,0.011940299,0,0,0,529.89,58.33,4.53125,4.056689655,1340,1
14625,4128.58,8.133858268,254,United Kingdom,91,10,102,5,55.2,7.885714286,7,1.285714286,453,412.858,0.022075055,0.013370214,0,48.05,3134.08,946.45,2.84375,45.36901099,4530,0
14626,2617.7,15.59459459,111,United Kingdom,126,7,337,1,1.95,1.95,1,1,459,373.9571429,0.015250545,0.000744929,0,23.4,1933.65,660.65,3.9375,20.77539683,3213,0
14627,406.4,6.897435897,39,United Kingdom,109,1,42,2,56.35,5.635,10,1.5,109,406.4,0.009174312,0.138656496,0,0,392.8,13.6,3.40625,3.728440367,109,1
14628,1326.04,14.11290323,62,United Kingdom,172,3,270,0,0,0,0,0,413,442.0133333,0.007263923,0,0,0,729.23,596.81,5.375,7.709534884,1239,0
14630,338.65,5.285714286,21,United Kingdom,214,1,270,0,0,0,0,0,214,338.65,0.004672897,0,0,0,199.3,139.35,6.6875,1.582476636,214,1
14631,1325.69,14.80952381,63,United Kingdom,29,4,217,1,2.52,2.52,1,12,217,331.4225,0.01843318,0.001900897,0,0,1123.39,202.3,0.90625,45.71344828,868,0
14634,1971.82,15.6779661,118,United Kingdom,168,4,244,3,152.64,16.96,9,6.222222222,272,492.955,0.014705882,0.077410717,0,15.3,1790.49,166.03,5.25,11.73702381,1088,1
14635,215.22,7.866666667,15,United Kingdom,184,1,270,0,0,0,0,0,184,215.22,0.005434783,0,0,0,161.17,54.05,5.75,1.169673913,184,1
14637,106.68,14.28571429,7,United Kingdom,407,1,270,0,0,0,0,0,407,106.68,0.002457002,0,0,0,91.68,15,12.71875,0.262113022,407,1
14639,3197.45,7.704663212,193,United Kingdom,21,5,12,2,32.15,10.71666667,3,1,392,639.49,0.012755102,0.010054887,0,50.1,2038.25,1109.1,0.65625,152.2595238,1960,0
14640,1421.88,6.627272727,110,United Kingdom,140,4,242,4,120.1,10.00833333,12,3,416,355.47,0.009615385,0.084465637,0,50.65,1096.08,275.15,4.375,10.15628571,1664,0
14643,1318.82,18.12244898,49,United Kingdom,88,4,83,1,25.2,8.4,3,20,459,329.705,0.008714597,0.01910799,0,59.4,607.82,651.6,1.799591002,14.98659091,1836,0
14644,1484.51,11.15686275,51,United Kingdom,28,6,145,3,119.95,17.13571429,7,1.285714286,466,247.4183333,0.012875536,0.080801072,0,0,604.31,880.2,0.572597137,53.01821429,2796,0
14645,483.25,8.212121212,33,United Kingdom,6,2,356,1,36.65,6.108333333,6,2.166666667,365,241.625,0.005479452,0.075840662,0,0,318.35,164.9,0.1875,80.54166667,730,0
14646,302250.1464,94.02353464,2252,Netherlands,20,83,110,6,3188.78,118.102963,27,67.7037037,467,3641.568029,0.177730193,0.010550136,0,1449.05,268525.8564,32275.24,0.625,15112.50732,38761,0
14647,270,4.2,20,United Kingdom,253,1,270,0,0,0,0,0,253,270,0.003952569,0,0,0,163.5,106.5,7.90625,1.067193676,253,0
14648,4374.74,7.347031963,438,United Kingdom,146,15,134,4,88.65,8.865,10,4.1,459,291.6493333,0.032679739,0.020264061,0,38.99,3990.23,345.52,4.5625,29.9639726,6885,1
14649,2227.45,4.093023256,344,United Kingdom,112,5,111,2,21.15,7.05,3,1,418,445.49,0.011961722,0.009495163,0,69.05,1331.76,826.64,3.5,19.88794643,2090,0
14650,62.5,5.5,4,United Kingdom,319,1,270,0,0,0,0,0,319,62.5,0.003134796,0,0,0,39,23.5,9.96875,0.195924765,319,1
14651,1371.77,2.950549451,182,United Kingdom,124,7,270,0,0,0,0,0,362,195.9671429,0.019337017,0,0,16.85,775.63,579.29,3.875,11.06266129,2534,0
14653,1832.91,7.545454545,176,United Kingdom,68,5,270,0,0,0,0,0,468,366.582,0.010683761,0,0,5.45,1467.51,359.95,2.125,26.95455882,2340,1
14654,246.86,10.11111111,27,United Kingdom,468,1,270,0,0,0,0,0,468,246.86,0.002136752,0,0,6.32,214.29,26.25,14.625,0.527478632,468,1
14655,1906.58,20.98305085,59,United Kingdom,119,3,110,3,39.7,7.94,5,2.8,326,635.5266667,0.009202454,0.020822625,0,0,1682.58,224,3.71875,16.02168067,978,0
14656,632.06,1.467948718,156,United Kingdom,13,4,270,0,0,0,0,0,334,158.015,0.011976048,0,0,22.2,318.26,291.6,0.40625,48.62,1336,0
14657,1116.42,4.26875,160,United Kingdom,12,4,12,1,9.95,9.95,1,1,165,279.105,0.024242424,0.008912416,0,11.7,801.12,303.6,0.375,93.035,660,0
14659,721.47,5.25,68,United Kingdom,28,2,28,1,53.5,13.375,4,2.5,46,360.735,0.043478261,0.074154157,0,1.95,599.07,120.45,0.875,25.76678571,92,0
14662,992.04,4.19047619,147,United Kingdom,6,5,270,0,0,0,0,0,466,198.408,0.010729614,0,0,11.2,808.24,172.6,0.1875,165.34,2330,0
14663,490.6,5.838235294,68,United Kingdom,160,2,270,0,0,0,0,0,160,245.3,0.0125,0,0,35.76,368.59,86.25,5,3.06625,320,1
14665,1627.81,7.882352941,85,United Kingdom,27,5,32,1,17.8,8.9,2,1,323,325.562,0.015479876,0.010934937,0,0,1393.66,234.15,0.84375,60.28925926,1615,1
14667,13719.35,9.158185841,904,United Kingdom,5,37,22,6,200.6,16.71666667,12,5.416666667,468,370.7932432,0.079059829,0.014621684,0,185.18,10124.9,3409.27,0.15625,2743.87,17316,0
14668,111.63,4.083333333,12,United Kingdom,175,1,270,0,0,0,0,0,175,111.63,0.005714286,0,0,0,32.13,79.5,3.578732106,0.637885714,175,1
14669,2795.04,5.333333333,330,United Kingdom,63,6,270,0,0,0,0,0,467,465.84,0.012847966,0,0,155.86,2134.33,504.85,1.96875,44.36571429,2802,0
14670,583.33,2.363128492,179,United Kingdom,10,3,270,0,0,0,0,0,462,194.4433333,0.006493506,0,0,34.15,478.83,70.35,0.3125,58.333,1386,1
14671,1127.45,10.38181818,55,United Kingdom,279,2,270,0,0,0,0,0,298,563.725,0.006711409,0,0,9.45,910.9,207.1,8.71875,4.041039427,596,1
14672,632.87,4.291139241,79,United Kingdom,66,3,270,0,0,0,0,0,411,210.9566667,0.00729927,0,0,0,445.04,187.83,2.0625,9.588939394,1233,0
14673,1674.41,11.58426966,89,United Kingdom,98,3,270,0,0,0,0,0,140,558.1366667,0.021428571,0,0,0,1568.81,105.6,3.0625,17.08581633,420,1
14674,173.66,7.357142857,14,United Kingdom,239,1,270,0,0,0,0,0,239,173.66,0.0041841,0,0,0,131.16,42.5,7.46875,0.726610879,239,1
14675,419.22,2.612903226,124,United Kingdom,119,1,270,0,0,0,0,0,119,419.22,0.008403361,0,0,5.1,335.37,78.75,3.71875,3.522857143,119,1
14676,6297.32,62.49074074,108,United Kingdom,13,7,31,3,67.55,11.25833333,6,7.833333333,370,899.6171429,0.018918919,0.010726785,0,0,6018.42,278.9,0.40625,484.4092308,2590,0
14677,184.91,9.928571429,14,United Kingdom,323,1,270,0,0,0,0,0,323,184.91,0.003095975,0,0,0,154.95,29.96,10.09375,0.57247678,323,1
14678,386.44,7.12,25,United Kingdom,309,1,301,1,16.95,16.95,1,1,309,386.44,0.003236246,0.043861919,0,0,315.19,71.25,9.65625,1.250614887,309,1
14679,1272.95,11.7761194,67,United Kingdom,112,3,102,2,16.49,4.1225,4,1.25,461,424.3166667,0.006507592,0.012954162,0,27,959,286.95,3.5,11.365625,1383,1
14680,34296.82,13.28699187,1230,United Kingdom,25,47,49,25,921.69,7.745294118,119,3.117647059,466,729.7195745,0.100858369,0.02687392,0,40.41,30888.56,3367.85,0.78125,1371.8728,21902,0
14681,376.2,7.384615385,13,United Kingdom,117,3,270,0,0,0,0,0,384,125.4,0.0078125,0,0,0,218.7,157.5,3.65625,3.215384615,1152,0
14682,1462.81,10.3452381,84,United Kingdom,159,4,270,0,0,0,0,0,402,365.7025,0.009950249,0,0,0,1206.16,256.65,4.96875,9.200062893,1608,0
14683,146.56,18.38095238,21,United Kingdom,318,1,270,0,0,0,0,0,318,146.56,0.003144654,0,0,33.5,95.67,17.39,9.9375,0.460880503,318,1
14684,396.88,1.814285714,140,United Kingdom,93,2,270,0,0,0,0,0,120,198.44,0.016666667,0,0,4.2,326.23,66.45,2.90625,4.267526882,240,0
14685,4241.16,9.739795918,196,United Kingdom,306,8,355,5,295.48,32.83111111,9,6.666666667,457,530.145,0.01750547,0.069669619,0,34.43,2870.18,1336.55,9.5625,13.86,3656,1
14686,844.58,2.072727273,220,United Kingdom,144,5,389,1,7.95,7.95,1,1,389,168.916,0.01285347,0.009412963,0,101.65,588.08,154.85,4.5,5.865138889,1945,1
14687,773.68,15.2,25,United Kingdom,130,2,270,0,0,0,0,0,282,386.84,0.007092199,0,0,0,672.23,101.45,4.0625,5.951384615,564,1
14688,3292.65,10.54307116,267,United Kingdom,14,13,43,2,19.09,6.363333333,3,3,187,253.2807692,0.069518717,0.005797762,0,2.6,2971.91,318.14,0.4375,235.1892857,2431,0
14690,422.63,3.163636364,55,United Kingdom,122,2,270,0,0,0,0,0,141,211.315,0.014184397,0,0,0,262.13,160.5,3.8125,3.464180328,282,0
14692,1494.94,6.160305344,131,United Kingdom,29,10,50,1,9.5,9.5,1,10,347,149.494,0.028818444,0.00635477,0,6.9,1268.59,219.45,0.90625,51.54965517,3470,0
14693,966.96,5.176470588,68,United Kingdom,155,6,155,1,25.5,25.5,1,2,256,161.16,0.0234375,0.026371308,0,3.14,397.82,566,3.169734151,6.238451613,1536,0
14694,244.31,12.86666667,15,United Kingdom,347,1,270,0,0,0,0,0,347,244.31,0.002881844,0,0,0,231.56,12.75,10.84375,0.704063401,347,1
14695,1466.72,6.67032967,91,United Kingdom,249,3,462,1,67.5,7.5,9,6,463,488.9066667,0.006479482,0.046021054,0,-32.4,1113.51,385.61,7.78125,5.890441767,1389,1
14696,981.33,11.30508475,59,United Kingdom,56,3,95,1,1.25,1.25,1,1,152,327.11,0.019736842,0.001273782,0,87.6,689.23,204.5,1.75,17.52375,456,0
14699,593.47,9.69047619,42,United Kingdom,165,3,270,0,0,0,0,0,256,197.8233333,0.01171875,0,0,0,510.04,83.43,5.15625,3.596787879,768,0
14700,880.96,5.309090909,55,United Kingdom,146,2,270,0,0,0,0,0,216,440.48,0.009259259,0,0,0,598.56,282.4,4.5625,6.033972603,432,0
14701,2827.38,2.754176611,419,United Kingdom,9,9,28,1,26.25,4.375,6,1.833333333,415,314.1533333,0.021686747,0.009284214,0,67.7,1780.43,979.25,0.28125,314.1533333,3735,0
14702,4273.89,4.017699115,452,United Kingdom,11,18,165,2,17,8.5,2,1,459,237.4383333,0.039215686,0.003977641,0,127.98,2424.79,1721.12,0.34375,388.5354545,8262,0
14704,258.96,1.951612903,62,United Kingdom,155,2,270,0,0,0,0,0,354,129.48,0.005649718,0,0,1.25,201.06,56.65,4.84375,1.670709677,708,0
14706,367.54,9.84,25,United Kingdom,349,1,270,0,0,0,0,0,349,367.54,0.00286533,0,0,7.5,328.19,31.85,10.90625,1.053123209,349,1
14707,139.2,48,2,United Kingdom,166,2,270,0,0,0,0,0,307,69.6,0.006514658,0,0,0,139.2,0,5.1875,0.838554217,614,1
14708,1056.21,33.92307692,26,United Kingdom,99,3,91,1,29.7,29.7,1,6,186,352.07,0.016129032,0.028119408,0,0,837.06,219.15,3.09375,10.66878788,558,0
14709,5128.74,9.808219178,219,United Kingdom,7,15,45,2,19.85,9.925,2,1.5,464,341.916,0.032327586,0.003870346,0,0,3846.99,1281.75,0.21875,732.6771429,6960,0
14710,1300.31,2.567567568,296,United Kingdom,109,9,270,0,0,0,0,0,466,144.4788889,0.019313305,0,0,16.05,1098.81,185.45,3.40625,11.92944954,4194,1
14712,411,13.71428571,7,United Kingdom,148,1,270,0,0,0,0,0,148,411,0.006756757,0,0,0,411,0,4.625,2.777027027,148,0
14713,3179.8,4.698901099,455,United Kingdom,5,14,5,4,46.4,5.155555556,9,1.222222222,466,227.1285714,0.030042918,0.014592113,0,0,3033.4,146.4,0.15625,635.96,6524,0
14714,736.21,4.636363636,88,United Kingdom,137,3,130,3,9.84,1.968,5,1,418,245.4033333,0.007177033,0.013365752,0,6.95,594.02,135.24,4.28125,5.37379562,1254,1
14715,1189.62,7.298850575,87,United Kingdom,28,6,270,0,0,0,0,0,420,198.27,0.014285714,0,0,4.2,681.57,503.85,0.875,42.48642857,2520,1
14716,235.77,3.288888889,45,United Kingdom,175,1,270,0,0,0,0,0,175,235.77,0.005714286,0,0,0,195.37,40.4,5.46875,1.347257143,175,0
14717,72.8,2.5,12,United Kingdom,463,1,464,1,8.5,8.5,1,2,463,72.8,0.002159827,0.116758242,0,0,56.9,15.9,14.46875,0.157235421,463,1
14718,226.42,18.36363636,11,United Kingdom,140,1,270,0,0,0,0,0,140,226.42,0.007142857,0,0,0,226.42,0,4.375,1.617285714,140,1
14721,109.07,2.28,25,United Kingdom,109,1,270,0,0,0,0,0,109,109.07,0.009174312,0,0,0,78.62,30.45,3.40625,1.000642202,109,1
14722,309.1,1.627118644,59,United Kingdom,207,2,270,0,0,0,0,0,216,154.55,0.009259259,0,0,24.75,180.35,104,6.46875,1.493236715,432,0
14723,1134.65,2.883333333,240,United Kingdom,88,8,270,0,0,0,0,0,466,141.83125,0.017167382,0,0,17.69,914.87,202.09,2.75,12.89375,3728,1
14724,341.9,4.487804878,41,United Kingdom,320,1,270,0,0,0,0,0,320,341.9,0.003125,0,0,4.2,246.45,91.25,10,1.0684375,320,1
14725,540.88,12.87037037,54,United Kingdom,125,3,125,1,50.4,25.2,2,12,265,180.2933333,0.011320755,0.093181482,0,29.1,491.98,19.8,3.90625,4.32704,795,1
14726,116.5,5.466666667,15,United Kingdom,385,1,270,0,0,0,0,0,385,116.5,0.002597403,0,0,0,100.6,15.9,12.03125,0.302597403,385,1
14727,291.13,1.101449275,69,United Kingdom,4,3,276,1,169.9,7.079166667,24,15.66666667,276,97.04333333,0.010869565,0.583588088,0,0,134.63,156.5,0.081799591,72.7825,828,1
14728,190.58,4.857142857,14,United Kingdom,143,1,270,0,0,0,0,0,143,190.58,0.006993007,0,0,0,160.73,29.85,4.46875,1.332727273,143,1
14729,586.24,2.818181818,132,United Kingdom,104,3,270,0,0,0,0,0,355,195.4133333,0.008450704,0,0,0,491.74,94.5,3.25,5.636923077,1065,1
14730,250.87,2.816326531,49,United Kingdom,7,1,270,0,0,0,0,0,7,250.87,0.142857143,0,0,2.87,183.8,64.2,0.21875,35.83857143,7,0
14732,3435.16,6.611428571,175,United Kingdom,14,13,123,3,53.4,10.68,5,2.2,461,264.2430769,0.028199566,0.015545127,0,43.5,2102.29,1289.37,0.4375,245.3685714,5993,0
14733,12212.34,18.36917563,279,United Kingdom,0,10,62,1,97.22,9.722,10,3.1,132,1221.234,0.075757576,0.0079608,0,0,8565.89,3646.45,0,12212.34,1320,0
14734,1045.47,5.890625,64,United Kingdom,156,4,146,1,10.95,10.95,1,1,281,261.3675,0.014234875,0.010473758,0,0,769.94,275.53,4.875,6.701730769,1124,1
14735,7083.92,12.0952381,210,United Kingdom,40,29,20,2,107.4,21.48,5,5.6,466,244.2731034,0.06223176,0.015161097,0,65.7,4621.88,2396.34,1.25,177.098,13514,0
14736,374.05,1.681818182,88,United Kingdom,215,2,270,0,0,0,0,0,215,187.025,0.009302326,0,0,8.45,198.56,167.04,6.71875,1.739767442,430,1
14737,2823.62,24.33333333,36,United Kingdom,83,2,270,0,0,0,0,0,131,1411.81,0.015267176,0,0,0,1580.62,1243,2.59375,34.01951807,262,0
14738,678.47,6.157894737,38,United Kingdom,46,3,258,1,33.75,33.75,1,5,463,226.1566667,0.006479482,0.049744278,0,0,478.22,200.25,1.4375,14.74934783,1389,0
14739,8600.03,32.21078431,204,United Kingdom,68,20,183,2,14.75,7.375,2,2.5,467,430.0015,0.042826552,0.00171511,0,150.3,7169.81,1279.92,2.125,126.4710294,9340,0
14740,3166.75,9.085714286,175,United Kingdom,14,9,349,1,67.2,22.4,3,5.333333333,383,351.8611111,0.023498695,0.021220494,0,30.3,2330.9,805.55,0.4375,226.1964286,3447,0
14741,808.05,15.97222222,36,United Kingdom,92,3,270,0,0,0,0,0,148,269.35,0.02027027,0,0,0,766.95,41.1,2.875,8.783152174,444,0
14742,579.85,11,34,United Kingdom,165,1,270,0,0,0,0,0,165,579.85,0.006060606,0,0,0,489.85,90,5.15625,3.514242424,165,1
14743,50.48,13.33333333,3,United Kingdom,323,1,270,0,0,0,0,0,323,50.48,0.003095975,0,0,0,50.48,0,10.09375,0.15628483,323,1
14744,3476.68,20.62162162,111,United Kingdom,28,12,12,2,11.45,5.725,2,1,300,289.7233333,0.04,0.003293372,0,0,2568.38,908.3,0.875,124.1671429,3600,1
14745,1491.4,13.03571429,84,United Kingdom,15,8,9,5,80.35,13.39166667,6,4,368,186.425,0.02173913,0.053875553,0,0,1328.25,163.15,0.46875,99.42666667,2944,0
14746,593.5,44.22222222,9,United Kingdom,136,4,270,0,0,0,0,0,154,148.375,0.025974026,0,0,0,562.3,31.2,4.25,4.363970588,616,1
14748,1263.56,8.446153846,130,United Kingdom,99,7,62,6,473.01,16.89321429,28,15.39285714,375,180.5085714,0.018666667,0.374347083,0,0,1117.96,145.6,3.09375,12.76323232,2625,0
14749,310.15,22.38888889,18,United Kingdom,210,1,270,0,0,0,0,0,210,310.15,0.004761905,0,0,30,280.15,0,6.5625,1.476904762,210,1
14750,112.03,2.03125,32,United Kingdom,466,1,270,0,0,0,0,0,466,112.03,0.002145923,0,0,4,77.43,30.6,14.5625,0.240407725,466,1
14751,126.45,9.285714286,7,United Kingdom,414,2,270,0,0,0,0,0,456,63.225,0.004385965,0,0,7.5,118.95,0,12.9375,0.305434783,912,1
14753,306.36,11.16666667,18,United Kingdom,191,1,270,0,0,0,0,0,191,306.36,0.005235602,0,0,0,306.36,0,5.96875,1.603979058,191,1
14754,1133.95,6.261261261,111,United Kingdom,26,5,147,1,4.2,4.2,1,2,421,226.79,0.011876485,0.003703867,0,1.14,963.76,169.05,0.8125,43.61346154,2105,1
14755,5880.55,8.375415282,301,United Kingdom,26,16,256,4,76.2,10.88571429,7,4.714285714,466,367.534375,0.034334764,0.012957972,0,35.4,4483.82,1361.33,0.8125,226.175,7456,0
14756,1824.5,12.07228916,83,United Kingdom,113,2,105,1,40.3,13.43333333,3,1.333333333,155,912.25,0.012903226,0.022088243,0,35.4,1260.3,528.8,3.53125,16.1460177,310,1
14758,1380.91,6.476923077,65,United Kingdom,127,3,270,0,0,0,0,0,341,460.3033333,0.008797654,0,0,17.7,737.21,626,3.96875,10.87330709,1023,0
14760,53.8,4,7,United Kingdom,27,1,24,1,35.4,17.7,2,6,27,53.8,0.037037037,0.657992565,0,0,30,23.8,0.84375,1.992592593,27,1
14761,289.52,7.3,20,United Kingdom,65,2,270,0,0,0,0,0,174,144.76,0.011494253,0,0,0,226.82,62.7,2.03125,4.454153846,348,1
14762,117.05,9.666666667,9,United Kingdom,356,1,270,0,0,0,0,0,356,117.05,0.002808989,0,0,0,107.1,9.95,11.125,0.328792135,356,0
14766,4008.91,12.63207547,212,United Kingdom,96,6,95,3,73.85,10.55,7,5.142857143,282,668.1516667,0.021276596,0.018421466,0,36,3142.16,830.75,3,41.75947917,1692,0
14767,382.81,6.5,18,United Kingdom,204,1,270,0,0,0,0,0,204,382.81,0.004901961,0,0,0,132.6,250.21,4.171779141,1.876519608,204,1
14769,5915.91,10.93516209,401,United Kingdom,55,11,84,3,52.21,6.52625,8,3.25,454,537.81,0.024229075,0.008825354,0,82.3,4730.25,1103.36,1.71875,107.562,4994,0
14770,3027.07,7.895705521,163,United Kingdom,53,7,348,1,12.75,12.75,1,1,382,432.4385714,0.018324607,0.004211994,0,15.3,1993.63,1018.14,1.65625,57.1145283,2674,0
14771,579.92,12.16,50,United Kingdom,351,2,336,1,14.7,4.9,3,4.666666667,467,289.96,0.004282655,0.025348324,0,82.95,496.97,0,10.96875,1.652193732,934,1
14773,125.7,4.545454545,11,United Kingdom,323,1,319,1,14.85,14.85,1,3,323,125.7,0.003095975,0.118138425,0,0,55.05,70.65,6.605316973,0.389164087,323,1
14774,241.45,7.615384615,13,United Kingdom,259,1,270,0,0,0,0,0,259,241.45,0.003861004,0,0,0,180.15,61.3,8.09375,0.932239382,259,1
14775,406.56,19.2,20,United Kingdom,102,1,270,0,0,0,0,0,102,406.56,0.009803922,0,0,0,406.56,0,3.1875,3.985882353,102,0
14776,1701.8,22.22222222,99,United Kingdom,42,5,117,2,26.56,6.64,4,2,176,340.36,0.028409091,0.015607004,0,0,1701.8,0,1.3125,40.51904762,880,0
14777,242.21,10.05,20,United Kingdom,134,1,88,2,65.35,16.3375,4,2.75,134,242.21,0.007462687,0.269807192,0,0,210.26,31.95,4.1875,1.807537313,134,1
14778,334.05,7.833333333,18,United Kingdom,39,1,270,0,0,0,0,0,39,334.05,0.025641026,0,0,0,334.05,0,1.21875,8.565384615,39,0
14779,386.15,2.048780488,41,United Kingdom,11,3,270,0,0,0,0,0,54,128.7166667,0.055555556,0,0,17.4,81.4,287.35,0.224948875,35.10454545,162,1
14782,200.1,19,6,United Kingdom,50,1,270,0,0,0,0,0,50,200.1,0.02,0,0,0,200.1,0,1.5625,4.002,50,1
14783,305.35,14.5,18,United Kingdom,389,1,385,1,1.95,1.95,1,1,389,305.35,0.002570694,0.006386114,0,0,243.41,61.94,12.15625,0.78496144,389,1
14784,274.62,11.375,16,United Kingdom,54,2,270,0,0,0,0,0,120,137.31,0.016666667,0,0,60.6,198.12,15.9,1.6875,5.085555556,240,1
14786,90.96,16,7,United Kingdom,280,1,270,0,0,0,0,0,280,90.96,0.003571429,0,0,0,90.96,0,8.75,0.324857143,280,1
14787,110.65,3.933333333,15,United Kingdom,201,1,270,0,0,0,0,0,201,110.65,0.004975124,0,0,0,110.65,0,6.28125,0.550497512,201,1
14788,476.88,10.64285714,28,United Kingdom,326,1,270,0,0,0,0,0,326,476.88,0.003067485,0,0,0,411.33,65.55,10.1875,1.462822086,326,1
14790,1781.56,19.62626263,99,United Kingdom,104,6,270,0,0,0,0,0,458,296.9266667,0.013100437,0,0,0,1725.71,55.85,3.25,17.13038462,2748,0
14791,303.63,6.684210526,19,United Kingdom,337,1,270,0,0,0,0,0,337,303.63,0.002967359,0,0,0,185.33,118.3,10.53125,0.900979228,337,1
14793,396.91,10.8,25,United Kingdom,265,1,270,0,0,0,0,0,265,396.91,0.003773585,0,0,0,362.06,34.85,8.28125,1.497773585,265,1
14794,796.14,4.205882353,34,United Kingdom,64,4,123,1,16.95,16.95,1,1,217,199.035,0.01843318,0.021290225,0,13.95,275.34,506.85,1.308793456,12.4396875,868,0
14796,4370.36,3.836909871,699,United Kingdom,11,16,50,5,108.87,9.897272727,11,4.545454545,455,273.1475,0.035164835,0.024910991,0,12.38,3954.23,403.75,0.34375,397.3054545,7280,0
14797,300.31,6.1875,16,United Kingdom,237,1,270,0,0,0,0,0,237,300.31,0.004219409,0,0,0,244.85,55.46,7.40625,1.267130802,237,1
14798,617.05,11.66666667,45,United Kingdom,40,6,349,1,9.2,4.6,2,1,379,102.8416667,0.015831135,0.014909651,0,0,581.65,35.4,1.25,15.42625,2274,0
14799,180.45,34.9,10,United Kingdom,468,1,270,0,0,0,0,0,468,180.45,0.002136752,0,0,30,59.85,90.6,9.570552147,0.385576923,468,0
14800,5034.73,11.65441176,408,United Kingdom,2,9,2,3,196.45,39.29,5,21.8,165,559.4144444,0.054545455,0.039018974,0,88.6,4392.73,553.4,0.0625,2517.365,1485,0
14803,730.79,13.89473684,19,United Kingdom,6,2,270,0,0,0,0,0,22,365.395,0.090909091,0,0,0,469.59,261.2,0.1875,121.7983333,44,0
14805,645.4,3.31,100,United Kingdom,44,4,270,0,0,0,0,0,352,161.35,0.011363636,0,0,26.45,337.1,281.85,1.375,14.66818182,1408,1
14806,110.04,10.33333333,9,United Kingdom,169,1,270,0,0,0,0,0,169,110.04,0.00591716,0,0,30.6,79.44,0,5.28125,0.65112426,169,1
14807,504.14,6.157894737,38,United Kingdom,121,2,270,0,0,0,0,0,380,252.07,0.005263158,0,0,18.75,268.34,217.05,3.78125,4.166446281,760,1
14809,686.76,12.88888889,18,United Kingdom,351,2,270,0,0,0,0,0,351,343.38,0.005698006,0,0,0,332.91,353.85,7.17791411,1.956581197,702,1
14810,1039.9,3.452054795,146,United Kingdom,2,7,270,0,0,0,0,0,159,148.5571429,0.044025157,0,0,2.95,989.4,47.55,0.0625,519.95,1113,0
14811,170.5,2.642857143,28,United Kingdom,117,1,270,0,0,0,0,0,117,170.5,0.008547009,0,0,0,147.85,22.65,3.65625,1.457264957,117,1
14812,178.85,3.75,36,United Kingdom,329,1,270,0,0,0,0,0,329,178.85,0.003039514,0,0,3.75,134.25,40.85,10.28125,0.543617021,329,1
14813,888.91,2.84057971,138,United Kingdom,100,4,270,0,0,0,0,0,341,222.2275,0.011730205,0,0,78.3,499.85,310.76,3.125,8.8891,1364,1
14814,152.96,3.172413793,29,United Kingdom,311,1,270,0,0,0,0,0,311,152.96,0.003215434,0,0,2.5,120.82,29.64,9.71875,0.491832797,311,1
14817,3059.66,10.84422111,199,United Kingdom,7,6,110,2,70.65,17.6625,4,4.25,358,509.9433333,0.016759777,0.023090801,0,93.45,2492.61,473.6,0.21875,437.0942857,2148,0
14818,495.76,3.910714286,56,United Kingdom,188,3,270,0,0,0,0,0,378,165.2533333,0.007936508,0,0,65.45,239.91,190.4,5.875,2.637021277,1134,0
14819,184.34,1.487804878,41,United Kingdom,224,2,270,0,0,0,0,0,448,92.17,0.004464286,0,0,4.64,91.1,88.6,7,0.822946429,896,0
14820,767.47,13.45714286,35,United Kingdom,110,5,270,0,0,0,0,0,408,153.494,0.012254902,0,0,57.6,602.22,107.65,3.4375,6.977,2040,0
14821,1230.15,6.652173913,69,United Kingdom,97,7,270,0,0,0,0,0,406,175.7357143,0.017241379,0,0,3.9,982.6,243.65,3.03125,12.68195876,2842,1
14822,157.7,10.44444444,9,United Kingdom,215,1,270,0,0,0,0,0,215,157.7,0.004651163,0,0,0,140.7,17,6.71875,0.733488372,215,1
14824,2824.8,10.59398496,133,United Kingdom,110,6,312,2,70.4,17.6,4,5,367,470.8,0.016348774,0.024922118,0,35.4,2433.1,356.3,3.4375,25.68,2202,1
14825,3354.54,8.823045267,243,United Kingdom,6,16,166,3,38.8,9.7,4,1.75,342,209.65875,0.046783626,0.011566414,0,22.85,2706.19,625.5,0.1875,559.09,5472,0
14826,385.2,15.2,10,United Kingdom,312,2,270,0,0,0,0,0,425,192.6,0.004705882,0,0,0,257.7,127.5,9.75,1.234615385,850,1
14828,8245.7,94.06666667,90,United Kingdom,67,11,227,1,36,36,1,48,463,749.6090909,0.023758099,0.004365912,0,0,7539.5,706.2,2.09375,123.0701493,5093,0
14829,1090.75,9.705128205,78,United Kingdom,91,5,89,2,52.9,17.63333333,3,12.66666667,166,218.15,0.030120482,0.048498739,0,25.2,968.4,97.15,2.84375,11.98626374,830,0
14831,1623.97,9.744444444,90,United Kingdom,410,3,304,4,52.6,6.575,8,1,468,541.3233333,0.006410256,0.032389761,0,30.2,1169.32,424.45,12.8125,3.960902439,1404,1
14833,94.8,8.285714286,7,United Kingdom,229,1,270,0,0,0,0,0,229,94.8,0.004366812,0,0,0,94.8,0,7.15625,0.413973799,229,1
14834,485.86,6.9,20,United Kingdom,137,1,270,0,0,0,0,0,137,485.86,0.00729927,0,0,0,310.86,175,4.28125,3.546423358,137,0
14835,293.1,59.33333333,3,United Kingdom,259,2,257,1,3.9,3.9,1,2,347,146.55,0.005763689,0.013306039,0,0,293.1,0,8.09375,1.131660232,694,1
14837,1804.62,15.45631068,103,United Kingdom,173,5,167,2,6.2,3.1,2,1,415,360.924,0.012048193,0.003435626,0,10.2,1739.62,54.8,5.40625,10.43132948,2075,0
14838,769.92,5.157142857,70,United Kingdom,153,2,270,0,0,0,0,0,467,384.96,0.004282655,0,0,5,450.82,314.1,4.78125,5.032156863,934,1
14839,915.28,12.52702703,74,United Kingdom,148,3,270,0,0,0,0,0,434,305.0933333,0.006912442,0,0,28.5,750.53,136.25,4.625,6.184324324,1302,1
14840,277.36,7.1,20,United Kingdom,269,1,258,1,22.5,11.25,2,3,269,277.36,0.003717472,0.081122007,0,15.3,199.66,62.4,8.40625,1.031078067,269,0
14841,5649.09,13.73251029,243,United Kingdom,4,11,270,0,0,0,0,0,467,513.5536364,0.023554604,0,0,138.6,3884.32,1626.17,0.125,1412.2725,5137,0
14842,15,1.333333333,3,United Kingdom,38,1,32,1,295,295,1,1,38,15,0.026315789,19.66666667,0,0,15,0,1.1875,0.394736842,38,0
14843,211.8,14.66666667,9,United Kingdom,167,1,270,0,0,0,0,0,167,211.8,0.005988024,0,0,0,211.8,0,5.21875,1.268263473,167,1
14844,3498.62,16.99328859,149,United Kingdom,161,6,210,2,14,7,2,2,337,583.1033333,0.017804154,0.004001578,0,7.5,3136.11,355.01,5.03125,21.73055901,2022,0
14845,150,600,1,United Kingdom,330,1,270,0,0,0,0,0,330,150,0.003030303,0,0,0,150,0,10.3125,0.454545455,330,1
14846,406.8,13.92307692,13,United Kingdom,157,1,153,1,30.6,30.6,1,12,157,406.8,0.006369427,0.075221239,0,0,275.4,131.4,4.90625,2.591082803,157,1
14847,1011.2,7.865384615,52,United Kingdom,138,2,130,1,28.35,9.45,3,1.333333333,295,505.6,0.006779661,0.028035997,0,0,737.8,273.4,4.3125,7.327536232,590,0
14848,310.56,23.63636364,11,United Kingdom,135,1,270,0,0,0,0,0,135,310.56,0.007407407,0,0,0,310.56,0,4.21875,2.300444444,135,1
14849,8707.4,16.16389549,421,United Kingdom,28,26,47,5,197.7,19.77,10,11.4,429,334.9,0.060606061,0.022704826,0,18.75,7258.2,1430.45,0.875,310.9785714,11154,0
14850,1599.76,6.954545455,198,United Kingdom,42,7,98,2,171.2,57.06666667,3,5.333333333,298,228.5371429,0.023489933,0.107016052,7.11E-15,2.95,1500.26,96.55,1.3125,38.08952381,2086,1
14851,318.06,21.85714286,14,United Kingdom,361,1,270,0,0,0,0,0,361,318.06,0.002770083,0,0,0,271.26,46.8,11.28125,0.881052632,361,0
14852,3272.19,15.46745562,169,United Kingdom,154,12,179,3,23.55,7.85,3,1.666666667,374,272.6825,0.032085561,0.007197015,0,0,3050.74,221.45,4.8125,21.24798701,4488,0
14853,888.32,11.39130435,23,United Kingdom,153,3,144,1,12.75,12.75,1,1,336,296.1066667,0.008928571,0.014352936,0,0,294.42,593.9,3.128834356,5.806013072,1008,0
14854,2014.56,12.96428571,112,United Kingdom,5,5,206,2,10.75,3.583333333,3,1,417,402.912,0.011990408,0.005336153,0,22.5,1726.26,265.8,0.15625,402.912,2085,0
14855,5874.65,17.34224599,187,United Kingdom,204,5,270,0,0,0,0,0,341,1174.93,0.014662757,0,0,18.25,4716.25,1140.15,6.375,28.79730392,1705,0
14857,2413.28,10.31410256,156,United Kingdom,172,5,263,2,65.45,16.3625,4,1.75,365,482.656,0.01369863,0.027120765,0,0,2132.26,281.02,5.375,14.03069767,1825,0
14858,180.75,9.545454545,11,United Kingdom,236,1,270,0,0,0,0,0,236,180.75,0.004237288,0,0,0,180.75,0,7.375,0.765889831,236,1
14859,351.9,27.125,8,United Kingdom,285,1,270,0,0,0,0,0,285,351.9,0.003508772,0,0,0,330.6,21.3,8.90625,1.234736842,285,0
14861,1192.61,10.52808989,89,United Kingdom,111,9,228,4,62.33,6.925555556,9,2.444444444,462,132.5122222,0.019480519,0.052263523,0,26.55,1048.8,117.26,3.46875,10.74423423,4158,1
14865,77.52,38.4,5,United Kingdom,102,3,270,0,0,0,0,0,468,25.84,0.006410256,0,0,0,77.52,0,3.1875,0.76,1404,1
14866,6450.32,67.02702703,37,United Kingdom,96,7,270,0,0,0,0,0,174,921.4742857,0.040229885,0,0,0,4828.92,1621.4,3,67.19083333,1218,0
14867,2500.87,6.579831933,119,United Kingdom,66,14,99,3,41.65,13.88333333,3,1,464,178.6335714,0.030172414,0.016654204,0,83,904.32,1513.55,1.349693252,37.8919697,6496,0
14868,1230.42,12.31343284,67,United Kingdom,110,4,270,0,0,0,0,0,150,307.605,0.026666667,0,0,0,1230.42,0,3.4375,11.18563636,600,0
14869,2033,8.626373626,182,United Kingdom,118,4,110,2,23.69,2.96125,8,1.375,454,508.25,0.008810573,0.01165273,0,35.55,1732.55,264.9,3.6875,17.22881356,1816,1
14870,1467.35,6.410714286,56,United Kingdom,143,5,131,3,44.35,11.0875,4,1.25,414,293.47,0.012077295,0.030224554,0,0,733.4,733.95,2.924335378,10.26118881,2070,0
14871,847.84,2.459016393,122,United Kingdom,91,6,270,0,0,0,0,0,469,141.3066667,0.012793177,0,0,20.7,612.99,214.15,2.84375,9.316923077,2814,0
14872,802.68,13.95454545,44,United Kingdom,214,3,211,1,13.92,13.92,1,48,363,267.56,0.008264463,0.017341905,0,0,656.28,146.4,6.6875,3.750841121,1089,1
14873,334.45,6.80952381,21,United Kingdom,364,1,270,0,0,0,0,0,364,334.45,0.002747253,0,0,0,223.2,111.25,11.375,0.918818681,364,0
14874,116.18,24.66666667,6,United Kingdom,265,1,270,0,0,0,0,0,265,116.18,0.003773585,0,0,0,116.18,0,8.28125,0.438415094,265,1
14875,1392.83,17.97674419,43,United Kingdom,172,1,165,1,4.25,4.25,1,1,172,1392.83,0.005813953,0.003051342,0,0,1014.28,378.55,5.375,8.097848837,172,0
14876,256.7,12.46153846,13,United Kingdom,251,2,270,0,0,0,0,0,291,128.35,0.006872852,0,0,0,236.8,19.9,7.84375,1.022709163,582,1
14877,425.85,2.666666667,63,United Kingdom,148,2,270,0,0,0,0,0,373,212.925,0.00536193,0,0,37.85,299.55,88.45,4.625,2.877364865,746,1
14878,2764.9,5.544483986,281,United Kingdom,23,18,387,2,269.4,89.8,3,84,387,153.6055556,0.046511628,0.097435712,0,55.15,2106.73,603.02,0.71875,120.2130435,6966,0
14879,185.06,3.851851852,27,United Kingdom,415,1,270,0,0,0,0,0,415,185.06,0.002409639,0,0,29.4,94.41,61.25,12.96875,0.445927711,415,1
14880,129.2,8.25,8,United Kingdom,19,1,270,0,0,0,0,0,19,129.2,0.052631579,0,0,0,96.3,32.9,0.59375,6.8,19,0
14882,2755.35,22.57142857,56,United Kingdom,120,12,245,1,201.6,100.8,2,96,349,229.6125,0.034383954,0.073166748,0,38.8,1526.6,1189.95,3.75,22.96125,4188,1
14884,120.6,9,8,United Kingdom,399,1,270,0,0,0,0,0,399,120.6,0.002506266,0,0,10,110.6,0,12.46875,0.302255639,399,1
14885,730.8,32.94117647,17,United Kingdom,158,2,157,1,102,102,1,24,196,365.4,0.010204082,0.139573071,0,0,730.8,0,4.9375,4.625316456,392,0
14889,135.9,9,10,United Kingdom,66,1,270,0,0,0,0,0,66,135.9,0.015151515,0,0,0,135.9,0,2.0625,2.059090909,66,1
14890,691.6,11.7,50,United Kingdom,349,2,270,0,0,0,0,0,390,345.8,0.005128205,0,0,0,666.1,25.5,10.90625,1.981661891,780,0
14891,552.35,9.433333333,30,United Kingdom,147,2,270,0,0,0,0,0,167,276.175,0.011976048,0,0,0,552.35,0,4.59375,3.757482993,334,0
14892,202.35,6.076923077,13,United Kingdom,421,1,270,0,0,0,0,0,421,202.35,0.002375297,0,0,17.7,146.9,37.75,13.15625,0.48064133,421,1
14893,547.16,6.555555556,36,United Kingdom,348,1,297,2,24.6,8.2,3,4,348,547.16,0.002873563,0.044959427,0,0,425.26,121.9,10.875,1.572298851,348,1
14894,756.46,12.53846154,26,United Kingdom,173,2,291,2,80.6,26.86666667,3,4,468,378.23,0.004273504,0.106548925,0,0,486.36,270.1,5.40625,4.372601156,936,1
14895,15769.25,12.69475655,534,United Kingdom,20,19,53,7,557.92,39.85142857,14,3.428571429,459,829.9605263,0.041394336,0.03538025,-58.8,62.65,10016.4,5749,0.625,788.4625,8721,0
14896,1515.75,3.301204819,249,United Kingdom,96,7,304,2,98.7,14.1,7,2,464,216.5357143,0.015086207,0.065116279,0,35.35,1135.71,344.69,3,15.7890625,3248,0
14897,1909.86,9.78313253,83,United Kingdom,27,5,133,1,39.8,39.8,1,4,454,381.972,0.011013216,0.020839224,0,0,1125.66,784.2,0.84375,70.73555556,2270,1
14898,2397.34,6.528846154,208,United Kingdom,33,11,89,4,123.35,15.41875,8,2.625,466,217.94,0.02360515,0.05145286,0,36.25,1589.34,771.75,1.03125,72.64666667,5126,0
14899,1331.38,4.418604651,129,United Kingdom,125,1,270,0,0,0,0,0,125,1331.38,0.008,0,0,0,929.29,402.09,3.90625,10.65104,125,1
14900,13.92,48,1,United Kingdom,252,1,270,0,0,0,0,0,252,13.92,0.003968254,0,0,0,13.92,0,7.875,0.055238095,252,1
14901,988.46,5.423076923,78,United Kingdom,91,6,97,1,6.3,3.15,2,1,229,164.7433333,0.026200873,0.006373551,0,9.75,700.39,278.32,2.84375,10.8621978,1374,0
14902,686.16,12.04878049,41,United Kingdom,126,2,274,1,16.8,8.4,2,2,284,343.08,0.007042254,0.024484085,0,0,609.58,76.58,3.9375,5.445714286,568,1
14903,506.48,3.322033898,59,United Kingdom,9,1,4,2,23.4,11.7,2,18,9,506.48,0.111111111,0.046201232,0,0,336.28,170.2,0.28125,56.27555556,9,0
14904,605.05,7.458333333,72,United Kingdom,138,2,270,0,0,0,0,0,158,302.525,0.012658228,0,0,0,509.35,95.7,4.3125,4.38442029,316,1
14905,1339.79,11.31746032,63,United Kingdom,105,6,327,1,15.45,7.725,2,4.5,466,223.2983333,0.012875536,0.011531658,0,4.2,1174.29,161.3,3.28125,12.75990476,2796,0
14907,2957.21,7.759493671,158,United Kingdom,91,12,91,5,50.1,6.2625,8,3.75,332,246.4341667,0.036144578,0.016941644,0,0,2527.26,429.95,2.84375,32.49681319,3984,0
14908,104.1,10,5,United Kingdom,193,1,270,0,0,0,0,0,193,104.1,0.005181347,0,0,0,90.6,13.5,6.03125,0.539378238,193,1
14909,1380.98,10.80487805,82,United Kingdom,167,3,158,2,23.7,11.85,2,1,393,460.3266667,0.007633588,0.017161726,0,0,1059.93,321.05,5.21875,8.269341317,1179,1
14911,146159.0776,11.77216828,6180,EIRE,0,204,35,54,7526.05,46.17208589,163,22.19018405,469,716.4660668,0.434968017,0.051492183,-10.2,2422.93,97595.85,46150.49762,0,146159.0776,95676,0
14912,961.93,23.19444444,36,Italy,132,3,113,1,19.8,19.8,1,12,321,320.6433333,0.009345794,0.020583618,0,0,842.7,119.23,4.125,7.287348485,963,0
14913,3461.53,15.44059406,202,United Kingdom,4,6,270,0,0,0,0,0,216,576.9216667,0.027777778,0,0,0,3164.63,296.9,0.125,865.3825,1296,0
14915,1636.1,7.701149425,87,United Kingdom,8,10,236,1,9.95,9.95,1,1,467,163.61,0.021413276,0.006081535,0,72.2,1182.6,381.3,0.25,204.5125,4670,1
14916,1918.42,19.60526316,76,United Kingdom,54,5,301,2,150.6,37.65,4,8,348,383.684,0.014367816,0.078502101,0,0,1586.32,332.1,1.6875,35.5262963,1740,0
14917,1123.75,30.72413793,29,United Kingdom,327,2,270,0,0,0,0,0,327,561.875,0.006116208,0,0,88.8,890.95,144,10.21875,3.436544343,654,1
14918,4345.66,19.54166667,96,United Kingdom,135,7,270,0,0,0,0,0,341,620.8085714,0.020527859,0,0,134.4,2395.51,1815.75,4.21875,32.19007407,2387,0
14919,359.35,9.923076923,13,United Kingdom,269,1,270,0,0,0,0,0,269,359.35,0.003717472,0,0,0,332.35,27,8.40625,1.335873606,269,1
14920,629.4,9.425,40,United Kingdom,295,1,270,0,0,0,0,0,295,629.4,0.003389831,0,0,0,491.56,137.84,9.21875,2.133559322,295,0
14922,843.74,7.52,50,United Kingdom,124,2,270,0,0,0,0,0,238,421.87,0.008403361,0,0,0,571.84,271.9,3.875,6.804354839,476,1
14924,620.96,11.80952381,21,United Kingdom,340,2,270,0,0,0,0,0,369,310.48,0.005420054,0,0,17.7,295.31,307.95,6.952965235,1.826352941,738,0
14926,337.65,47.25,4,United Kingdom,112,2,319,1,21.75,21.75,1,15,329,168.825,0.006079027,0.064415815,0,0,256.65,81,3.5,3.014732143,658,1
14927,308.2,9.8,20,United Kingdom,127,1,270,0,0,0,0,0,127,308.2,0.007874016,0,0,0,283.8,24.4,3.96875,2.426771654,127,1
14928,204.46,10.95833333,24,United Kingdom,358,1,349,1,19.45,6.483333333,3,1.666666667,358,204.46,0.002793296,0.095128632,0,0,204.46,0,11.1875,0.571117318,358,1
14929,612.81,15.26086957,23,United Kingdom,152,1,270,0,0,0,0,0,152,612.81,0.006578947,0,0,15,597.81,0,4.75,4.031644737,152,1
14930,3867.91,7.885844749,219,Channel Islands,4,4,152,3,109.99,18.33166667,6,1.166666667,337,966.9775,0.011869436,0.028436546,0,0,2271.57,1596.34,0.125,966.9775,1348,1
14932,566.13,8.5,30,Channel Islands,96,2,270,0,0,0,0,0,116,283.065,0.017241379,0,0,15,299.58,251.55,3,5.8971875,232,1
14933,885,60,5,Channel Islands,174,4,174,1,885,885,1,300,174,221.25,0.022988506,1,0,0,885,0,5.4375,5.086206897,696,1
14934,1411.07,4.430769231,195,Channel Islands,13,4,133,2,930.33,15.5055,60,10.85,172,352.7675,0.023255814,0.659308185,0,0,1145.87,265.2,0.40625,108.5438462,688,1
14935,2849.83,74.26923077,26,Channel Islands,27,2,270,0,0,0,0,0,350,1424.915,0.005714286,0,0,0,2849.83,0,0.84375,105.5492593,700,1
14936,5837.4,12.78367347,245,Channel Islands,6,5,298,1,12.75,12.75,1,1,314,1167.48,0.015923567,0.002184192,0,30.6,4048.53,1758.27,0.1875,972.9,1570,0
14938,2289.43,17.90789474,76,Channel Islands,292,2,232,2,33,6.6,5,1.6,292,1144.715,0.006849315,0.014414068,0,0,1754.86,534.57,9.125,7.840513699,584,1
14940,531.49,12,32,United Kingdom,148,2,270,0,0,0,0,0,463,265.745,0.004319654,0,0,0,531.49,0,4.625,3.591148649,926,1
14941,182.1,11.42857143,7,United Kingdom,309,1,270,0,0,0,0,0,309,182.1,0.003236246,0,0,0,182.1,0,9.65625,0.589320388,309,1
14942,746.56,18.63157895,19,United Kingdom,132,4,270,0,0,0,0,0,460,186.64,0.008695652,0,0,0,746.56,0,4.125,5.655757576,1840,1
14943,107.62,9.2,5,United Kingdom,393,1,270,0,0,0,0,0,393,107.62,0.002544529,0,0,0,44.22,63.4,8.036809816,0.273842239,393,1
14944,4446.66,14.36363636,165,United Kingdom,27,9,82,4,92.05,15.34166667,6,4.166666667,391,494.0733333,0.023017903,0.020700931,0,12.6,3451.17,982.89,0.84375,164.6911111,3519,0
14945,179.4,14.18181818,11,United Kingdom,144,1,270,0,0,0,0,0,144,179.4,0.006944444,0,0,0,179.4,0,4.5,1.245833333,144,1
14947,758.97,5.925,40,United Kingdom,118,4,270,0,0,0,0,0,355,189.7425,0.011267606,0,0,12.5,350.17,396.3,2.413087935,6.431949153,1420,0
14949,498.55,8.1,30,United Kingdom,199,4,190,2,16.45,5.483333333,3,2.333333333,451,124.6375,0.00886918,0.032995687,0,0,438.63,59.92,6.21875,2.505276382,1804,1
14952,11515.29,21.12669683,221,United Kingdom,16,24,97,8,198.4,18.03636364,11,7.090909091,466,479.80375,0.051502146,0.017229266,0,-5.1,7854.96,3665.43,0.5,719.705625,11184,0
14953,674.75,4.020942408,191,United Kingdom,148,3,148,1,8.4,8.4,1,20,166,224.9166667,0.018072289,0.012449055,0,1.25,580.35,93.15,4.625,4.559121622,498,1
14954,167.27,2.243902439,41,United Kingdom,433,1,270,0,0,0,0,0,433,167.27,0.002309469,0,0,0,106.32,60.95,13.53125,0.38630485,433,1
14955,163.77,2.387096774,31,United Kingdom,463,1,270,0,0,0,0,0,463,163.77,0.002159827,0,0,3.75,126.85,33.17,14.46875,0.353714903,463,1
14956,1325,625,4,United Kingdom,151,1,270,0,0,0,0,0,151,1325,0.006622517,0,0,0,1325,0,4.71875,8.774834437,151,1
14957,203.2,3.9375,16,United Kingdom,375,1,270,0,0,0,0,0,375,203.2,0.002666667,0,0,16.5,93.6,93.1,11.71875,0.541866667,375,0
14958,458.26,4,30,United Kingdom,325,3,270,0,0,0,0,0,466,152.7533333,0.006437768,0,0,18.75,172.81,266.7,6.646216769,1.410030769,1398,0
14959,178.66,6.272727273,22,United Kingdom,26,1,270,0,0,0,0,0,26,178.66,0.038461538,0,0,0,178.66,0,0.8125,6.871538462,26,0
14961,11408.7,12.6,455,United Kingdom,28,16,67,4,59.8,7.475,8,3.5,466,713.04375,0.034334764,0.005241614,0,75.6,8419.8,2913.3,0.875,407.4535714,7456,0
14962,366.91,8.785714286,14,United Kingdom,1,4,270,0,0,0,0,0,314,91.7275,0.012738854,0,0,0,262.91,104,0.03125,366.91,1256,1
14963,1645.38,3.933566434,286,United Kingdom,110,7,179,1,5.85,2.925,2,1.5,256,235.0542857,0.02734375,0.00355541,0,29.75,1500.59,115.04,3.4375,14.958,1792,0
14966,881.24,7.660869565,115,United Kingdom,117,5,270,0,0,0,0,0,454,176.248,0.011013216,0,0,5.7,686.24,189.3,3.65625,7.531965812,2270,1
14967,1518.81,22.26086957,23,United Kingdom,172,5,270,0,0,0,0,0,466,303.762,0.010729614,0,0,2.1,1370.45,146.26,5.375,8.830290698,2330,1
14968,349.9,2.804347826,46,United Kingdom,188,1,270,0,0,0,0,0,188,349.9,0.005319149,0,0,0,145.15,204.75,3.844580777,1.861170213,188,0
14969,906.23,51.15384615,13,United Kingdom,434,1,270,0,0,0,0,0,434,906.23,0.002304147,0,0,100.8,464.08,341.35,13.5625,2.088087558,434,1
14970,2338.84,5.744897959,98,United Kingdom,47,9,261,4,1325.95,94.71071429,14,15.64285714,393,259.8711111,0.022900763,0.56692634,0,51.9,408.59,1878.35,0.961145194,49.76255319,3537,0
14972,30.3,6,2,United Kingdom,111,1,270,0,0,0,0,0,111,30.3,0.009009009,0,0,0,30.3,0,3.46875,0.272972973,111,0
14975,192.45,8.466666667,15,United Kingdom,151,1,270,0,0,0,0,0,151,192.45,0.006622517,0,0,0,162.7,29.75,4.71875,1.274503311,151,1
14976,271.52,2.027777778,36,United Kingdom,5,2,270,0,0,0,0,0,57,135.76,0.035087719,0,0,3.75,148.32,119.45,0.15625,54.304,114,0
14977,31.93,4.25,4,United Kingdom,456,1,270,0,0,0,0,0,456,31.93,0.002192982,0,0,0,27.68,4.25,14.25,0.07002193,456,1
14978,2287.42,2.47706422,218,United Kingdom,20,8,160,2,35.8,17.9,2,2,321,285.9275,0.024922118,0.015650821,0,15.6,744.8,1527.02,0.408997955,114.371,2568,0
14979,429.66,4.265306122,49,United Kingdom,465,1,270,0,0,0,0,0,465,429.66,0.002150538,0,0,26.55,344.56,58.55,14.53125,0.924,465,1
14980,150.68,3.291666667,24,United Kingdom,467,1,270,0,0,0,0,0,467,150.68,0.002141328,0,0,8.45,83.78,58.45,14.59375,0.322655246,467,1
14981,211.4,8.25,16,United Kingdom,154,1,123,1,59.4,29.7,2,6,154,211.4,0.006493506,0.280983917,0,12.5,198.9,0,4.8125,1.372727273,154,0
14982,234.88,3.236842105,38,United Kingdom,302,1,270,0,0,0,0,0,302,234.88,0.003311258,0,0,16.2,173.38,45.3,9.4375,0.777748344,302,1
14983,183.2,3,30,United Kingdom,419,1,270,0,0,0,0,0,419,183.2,0.002386635,0,0,18.6,128.25,36.35,13.09375,0.437231504,419,1
14984,1058.14,19.33333333,15,United Kingdom,119,4,270,0,0,0,0,0,427,264.535,0.009367681,0,0,0,693.66,364.48,3.71875,8.891932773,1708,0
14985,119.77,1.847826087,46,United Kingdom,88,1,270,0,0,0,0,0,88,119.77,0.011363636,0,0,0,104.87,14.9,2.75,1.361022727,88,0
14986,563.1,3.448979592,98,United Kingdom,106,2,270,0,0,0,0,0,414,281.55,0.004830918,0,0,25.34,424.56,113.2,3.3125,5.312264151,828,1
14987,1305.85,36.5,14,United Kingdom,96,7,456,1,81.6,81.6,1,32,467,186.55,0.014989293,0.062488035,0,0,1289.95,15.9,3,13.60260417,3269,1
14988,1704.11,5.738461538,195,United Kingdom,110,6,270,0,0,0,0,0,332,284.0183333,0.018072289,0,0,19.15,1408.21,276.75,3.4375,15.49190909,1992,0
14989,342.4,11.11111111,18,United Kingdom,392,1,270,0,0,0,0,0,392,342.4,0.00255102,0,0,15.3,234.8,92.3,12.25,0.873469388,392,1
14990,304.17,3.071428571,42,United Kingdom,342,2,270,0,0,0,0,0,460,152.085,0.004347826,0,0,22.78,165.04,116.35,10.6875,0.889385965,920,1
14991,314.67,9.095238095,21,United Kingdom,160,1,270,0,0,0,0,0,160,314.67,0.00625,0,0,0,196.67,118,5,1.9666875,160,1
14992,210.5,5.37037037,27,United Kingdom,172,1,270,0,0,0,0,0,172,210.5,0.005813953,0,0,0,185,25.5,5.375,1.223837209,172,1
14993,36.13,2.1,10,United Kingdom,294,1,270,0,0,0,0,0,294,36.13,0.003401361,0,0,5.9,18.33,11.9,9.1875,0.122891156,294,1
14994,886.64,1.550161812,309,United Kingdom,112,5,171,2,56.13,6.236666667,9,9.666666667,353,177.328,0.014164306,0.063306415,0,38.34,696.01,152.29,3.5,7.916428571,1765,1
14995,119.31,1.378378378,37,United Kingdom,10,1,270,0,0,0,0,0,10,119.31,0.1,0,0,0,84.21,35.1,0.3125,11.931,10,1
14996,442.29,9.853658537,41,United Kingdom,211,2,270,0,0,0,0,0,211,221.145,0.009478673,0,0,7.5,380.44,54.35,6.59375,2.096161137,422,1
14997,230.4,24,12,United Kingdom,386,1,270,0,0,0,0,0,386,230.4,0.002590674,0,0,51,179.4,0,12.0625,0.596891192,386,0
14998,338.31,1.843137255,51,United Kingdom,158,2,270,0,0,0,0,0,335,169.155,0.005970149,0,0,1.95,149.87,186.49,3.231083845,2.141202532,670,0
14999,129.48,9.777777778,9,United Kingdom,323,1,270,0,0,0,0,0,323,129.48,0.003095975,0,0,0,101.88,27.6,10.09375,0.400866873,323,1
15001,197.11,1.533333333,45,United Kingdom,124,2,270,0,0,0,0,0,124,98.555,0.016129032,0,0,7.15,73.71,116.25,2.535787321,1.589596774,248,1
15002,3643.91,6.31986532,297,United Kingdom,27,8,270,0,0,0,0,0,427,455.48875,0.018735363,0,0,107.45,3059.76,476.7,0.84375,134.9596296,3416,0
15003,1022.03,1.578787879,330,United Kingdom,203,6,357,1,5,5,1,4,412,170.3383333,0.014563107,0.004892224,0,41.14,769.56,211.33,6.34375,5.034630542,2472,1
15005,8484.21,3.204618345,1559,United Kingdom,0,34,11,15,258.4,3.8,68,1.147058824,468,249.5355882,0.072649573,0.030456578,0,190.2,6667.52,1626.49,0,8484.21,15912,0
15006,277.4,2.02,50,United Kingdom,183,1,270,0,0,0,0,0,183,277.4,0.005464481,0,0,1.7,101.2,174.5,3.742331288,1.515846995,183,0
15008,360,125,12,United Kingdom,210,2,270,0,0,0,0,0,368,180,0.005434783,0,0,0,360,0,6.5625,1.714285714,736,1
15011,416.6,14.45,20,United Kingdom,126,2,270,0,0,0,0,0,147,208.3,0.013605442,0,0,0,367.1,49.5,3.9375,3.306349206,294,1
15012,429.78,2,121,United Kingdom,104,2,270,0,0,0,0,0,307,214.89,0.006514658,0,0,5.05,255.99,168.74,3.25,4.1325,614,1
15013,1610.82,5.044117647,340,United Kingdom,218,10,270,0,0,0,0,0,408,161.082,0.024509804,0,0,7.6,1423.82,179.4,6.8125,7.389082569,4080,1
15015,2255.27,5.013114754,305,United Kingdom,231,13,256,7,89.2,7.433333333,12,2.5,455,173.4823077,0.028571429,0.039551805,0,29.63,1671.25,554.39,7.21875,9.763073593,5915,1
15016,442.85,1.885057471,87,United Kingdom,123,4,123,1,8,4,2,1.5,273,110.7125,0.014652015,0.018064807,0,17.15,293.18,132.52,3.84375,3.600406504,1092,0
15018,111.25,4.2,5,United Kingdom,98,1,270,0,0,0,0,0,98,111.25,0.010204082,0,0,0,30.3,80.95,2.00408998,1.135204082,98,0
15020,198.47,4.111111111,27,United Kingdom,109,1,270,0,0,0,0,0,109,198.47,0.009174312,0,0,0,172.07,26.4,3.40625,1.820825688,109,1
15021,775.21,1.416309013,233,United Kingdom,97,4,97,3,51.7,10.34,5,4,228,193.8025,0.01754386,0.066691606,0,26.45,597.46,151.3,3.03125,7.99185567,912,0
15022,281.05,5.947368421,19,United Kingdom,407,1,270,0,0,0,0,0,407,281.05,0.002457002,0,0,30.2,200,50.85,12.71875,0.690540541,407,1
15023,6546.29,5.059233449,574,United Kingdom,6,12,224,2,38.89,9.7225,4,1.75,404,545.5241667,0.02970297,0.00594077,0,65.1,4405.4,2075.79,0.1875,1091.048333,4848,0
15024,2603.55,5.917030568,229,United Kingdom,27,9,270,0,0,0,0,0,154,289.2833333,0.058441558,0,0,8.85,1877.25,717.45,0.84375,96.42777778,1386,0
15025,609.88,4.478873239,71,United Kingdom,298,1,270,0,0,0,0,0,298,609.88,0.003355705,0,0,18,425.18,166.7,9.3125,2.046577181,298,1
15026,688.87,4.412371134,97,United Kingdom,7,3,270,0,0,0,0,0,178,229.6233333,0.016853933,0,0,6.3,602.97,79.6,0.21875,98.41,534,0
15027,1922.09,28.78947368,57,United Kingdom,125,6,110,1,207.36,207.36,1,576,354,320.3483333,0.016949153,0.107882565,0,0,1431.93,490.16,3.90625,15.37672,2124,0
15028,521.78,4.897058824,68,United Kingdom,99,3,270,0,0,0,0,0,124,173.9266667,0.024193548,0,0,0.58,414.6,106.6,3.09375,5.270505051,372,1
15029,362.15,21.18181818,11,United Kingdom,350,1,348,1,2.95,2.95,1,1,350,362.15,0.002857143,0.008145796,0,0,255.65,106.5,10.9375,1.034714286,350,1
15030,1448.88,31.55555556,27,United Kingdom,110,6,360,1,12.75,12.75,1,1,375,241.48,0.016,0.008799901,0,0,871.8,577.08,3.4375,13.17163636,2250,0
15031,2311.37,3.104046243,346,United Kingdom,12,11,124,2,289.21,7.816486486,37,4.567567568,461,210.1245455,0.023861171,0.125124926,0,19.8,1621.93,669.64,0.375,192.6141667,5071,1
15032,8821.55,72.47945205,73,United Kingdom,96,7,270,0,0,0,0,0,459,1260.221429,0.015250545,0,0,0,8720.45,101.1,3,91.89114583,3213,0
15033,556.55,5.603174603,63,United Kingdom,59,1,270,0,0,0,0,0,59,556.55,0.016949153,0,0,3.9,404.45,148.2,1.84375,9.433050847,59,0
15034,5598.4,6.92,450,United Kingdom,9,9,5,1,9.25,9.25,1,5,307,622.0444444,0.029315961,0.001652258,0,13.4,4061.44,1523.56,0.28125,622.0444444,2763,0
15037,397.76,6.622222222,45,United Kingdom,106,2,270,0,0,0,0,0,107,198.88,0.018691589,0,0,146.55,211.11,40.1,3.3125,3.75245283,214,1
15038,579.67,1.492957746,142,United Kingdom,100,4,270,0,0,0,0,0,155,144.9175,0.025806452,0,0,10.95,404.27,164.45,3.125,5.7967,620,0
15039,26218.95,6.866898148,1728,United Kingdom,1,61,8,11,254.74,16.98266667,15,8.066666667,460,429.8188525,0.132608696,0.009715873,0,25.69,19635.92,6557.34,0.03125,26218.95,28060,0
15040,7.49,1,1,United Kingdom,272,1,270,0,0,0,0,0,272,7.49,0.003676471,0,0,0,0,7.49,5.562372188,0.027536765,272,1
15041,109.05,2.405405405,37,United Kingdom,174,1,270,0,0,0,0,0,174,109.05,0.005747126,0,0,2.55,101.55,4.95,5.4375,0.626724138,174,0
15042,179.52,52,4,United Kingdom,325,1,270,0,0,0,0,0,325,179.52,0.003076923,0,0,0,179.52,0,10.15625,0.552369231,325,0
15043,2318.32,15.04255319,47,United Kingdom,193,5,270,0,0,0,0,0,263,463.664,0.019011407,0,0,0,942.62,1375.7,3.946830266,12.01202073,1315,0
15044,11230.83,5.5808,625,United Kingdom,25,22,32,7,72.05,6.004166667,12,1.083333333,453,510.4922727,0.048565121,0.006415376,0,66.1,6925.74,4238.99,0.78125,449.2332,9966,0
15046,3623.36,7.011627907,258,United Kingdom,16,15,153,2,79.25,26.41666667,3,9,424,241.5573333,0.035377358,0.021871964,0,20.55,2702.54,900.27,0.5,226.46,6360,0
15047,343.62,10.09090909,22,United Kingdom,0,1,270,0,0,0,0,0,0,343.62,1,0,0,0,319.82,23.8,0,343.62,0,1
15048,98.7,1.391304348,23,United Kingdom,99,1,270,0,0,0,0,0,99,98.7,0.01010101,0,0,4.45,53.95,40.3,3.09375,0.996969697,99,0
15049,121.17,21,3,United Kingdom,4,1,270,0,0,0,0,0,4,121.17,0.25,0,0,0,121.17,0,0.125,30.2925,4,1
15050,2349.5,18.95890411,73,United Kingdom,151,2,270,0,0,0,0,0,211,1174.75,0.009478673,0,0,17.7,2123.1,208.7,4.71875,15.55960265,422,1
15051,2528.55,13.71621622,148,United Kingdom,109,6,231,1,15,15,1,12,468,421.425,0.012820513,0.005932254,0,29.2,2244.1,255.25,3.40625,23.19770642,2808,0
15052,207.73,2.821428571,28,United Kingdom,49,1,270,0,0,0,0,0,49,207.73,0.020408163,0,0,0,127.83,79.9,1.53125,4.239387755,49,1
15053,222.65,12.85,20,United Kingdom,12,1,270,0,0,0,0,0,12,222.65,0.083333333,0,0,0,213.45,9.2,0.375,18.55416667,12,0
15055,549.12,2.777777778,81,United Kingdom,205,3,270,0,0,0,0,0,453,183.04,0.006622517,0,0,47.4,383.97,117.75,6.40625,2.678634146,1359,1
15056,113.65,11.5,6,United Kingdom,250,1,270,0,0,0,0,0,250,113.65,0.004,0,0,0,73.95,39.7,7.8125,0.4546,250,1
15057,3184.56,19.46478873,71,United Kingdom,5,5,364,1,71.4,71.4,1,12,464,636.912,0.010775862,0.02242068,0,0,2392.66,791.9,0.15625,636.912,2320,1
15058,1722.76,5.056962025,158,United Kingdom,30,8,364,1,32.85,32.85,1,3,383,215.345,0.020887728,0.019068239,0,35.4,1234.82,452.54,0.9375,57.42533333,3064,0
15059,2431.59,2.649880096,417,United Kingdom,27,13,27,7,91,13,7,2.571428571,464,187.0453846,0.028017241,0.037424072,0,47.6,1547.64,836.35,0.84375,90.05888889,6032,0
15061,95099.41,82.34913793,696,United Kingdom,0,102,31,7,1224.84,174.9771429,7,74.57142857,469,932.3471569,0.217484009,0.012879575,0,858.2,54548.17,39693.04,0,95099.41,47838,0
15062,2058.74,10.9047619,126,United Kingdom,15,6,270,0,0,0,0,0,340,343.1233333,0.017647059,0,0,33,1865.84,159.9,0.46875,137.2493333,2040,0
15064,1154.41,10.2278481,79,United Kingdom,140,4,270,0,0,0,0,0,447,288.6025,0.008948546,0,0,50.25,943.01,161.15,4.375,8.245785714,1788,1
15065,942.39,10.3559322,59,United Kingdom,21,2,270,0,0,0,0,0,141,471.195,0.014184397,0,0,0,696.89,245.5,0.65625,44.87571429,282,0
15067,2953.42,11.6870229,131,United Kingdom,13,3,327,1,12.75,12.75,1,1,337,984.4733333,0.008902077,0.004317029,0,0,2065.12,888.3,0.40625,227.1861538,1011,1
15068,621.54,4.105263158,114,United Kingdom,148,2,270,0,0,0,0,0,351,310.77,0.005698006,0,0,17.39,486.15,118,4.625,4.199594595,702,0
15070,775.3713873,10.51515152,33,United Kingdom,103,3,270,0,0,0,0,0,454,258.4571291,0.00660793,0,0,16.8,634.8713873,123.7,3.21875,7.527877546,1362,1
15071,1062.16,7.8,40,United Kingdom,6,3,270,0,0,0,0,0,301,354.0533333,0.009966777,0,0,0,543.01,519.15,0.1875,177.0266667,903,1
15072,187.52,12.61538462,13,United Kingdom,209,1,270,0,0,0,0,0,209,187.52,0.004784689,0,0,0,187.52,0,6.53125,0.89722488,209,1
15073,1744.61,8.752380952,105,United Kingdom,131,5,270,0,0,0,0,0,412,348.922,0.012135922,0,0,0,1246.06,498.55,4.09375,13.31763359,2060,0
15074,817.46,19.61290323,31,United Kingdom,159,2,270,0,0,0,0,0,198,408.73,0.01010101,0,0,0,817.46,0,4.96875,5.141257862,396,1
15076,544.99,8.878787879,33,United Kingdom,222,2,244,2,21.9,10.95,2,1,252,272.495,0.007936508,0.040184224,0,0,454.69,90.3,6.9375,2.45490991,504,0
15077,2423.88,15.47058824,34,United Kingdom,225,2,186,2,4.2,2.1,2,1,460,1211.94,0.004347826,0.001732759,0,0,1635.48,788.4,7.03125,10.7728,920,1
15078,9588.61,10.16263736,455,United Kingdom,17,27,6,9,163.65,10.228125,16,4.8125,466,355.1337037,0.057939914,0.017067124,0,0,8078.75,1509.86,0.53125,564.0358824,12582,0
15079,3160.38,10.31782946,129,United Kingdom,45,9,21,6,78.65,9.83125,8,2.375,462,351.1533333,0.019480519,0.024886248,0,0,2525.07,635.31,1.40625,70.23066667,4158,0
15080,546.25,9.258064516,31,United Kingdom,158,2,270,0,0,0,0,0,232,273.125,0.00862069,0,0,15.3,483.4,47.55,4.9375,3.457278481,464,1
15081,1460.92,8.105263158,76,United Kingdom,97,8,270,0,0,0,0,0,266,182.615,0.030075188,0,0,84.7,830.07,546.15,3.03125,15.06103093,2128,0
15082,93.35,7.166666667,6,United Kingdom,399,1,270,0,0,0,0,0,399,93.35,0.002506266,0,0,0,93.35,0,12.46875,0.2339599,399,1
15084,965.2,19.35483871,31,United Kingdom,110,2,270,0,0,0,0,0,376,482.6,0.005319149,0,0,0,385.83,579.37,2.249488753,8.774545455,752,1
15085,347.54,18.77777778,9,United Kingdom,460,1,270,0,0,0,0,0,460,347.54,0.002173913,0,0,30.6,316.94,0,14.375,0.755521739,460,1
15086,218.53,8.636363636,11,United Kingdom,295,2,270,0,0,0,0,0,355,109.265,0.005633803,0,0,0,197.68,20.85,9.21875,0.740779661,710,1
15087,306.94,31.33333333,15,United Kingdom,12,1,270,0,0,0,0,0,12,306.94,0.083333333,0,0,0,306.94,0,0.375,25.57833333,12,1
15090,381.32,9.043478261,23,United Kingdom,38,1,270,0,0,0,0,0,38,381.32,0.026315789,0,0,0,259.52,121.8,1.1875,10.03473684,38,1
15091,546.15,7.965517241,29,United Kingdom,405,2,201,2,19.75,9.875,2,2.5,405,273.075,0.004938272,0.036162226,-11.8,0,380.6,177.35,12.65625,1.348518519,810,1
15092,638.51,5.358974359,39,United Kingdom,14,2,179,1,3.3,3.3,1,2,193,319.255,0.010362694,0.005168282,0,0,327.36,311.15,0.4375,45.60785714,386,0
15093,11044.29,32.09756098,287,United Kingdom,17,20,4,10,664.28,51.09846154,13,9.692307692,462,552.2145,0.043290043,0.060146918,0,0,7504.99,3539.3,0.53125,649.6641176,9240,0
15094,83,5.6,5,United Kingdom,193,2,270,0,0,0,0,0,374,41.5,0.005347594,0,0,15.3,67.7,0,6.03125,0.430051813,748,1
15095,1771.04,14.98701299,77,United Kingdom,151,6,270,0,0,0,0,0,418,295.1733333,0.014354067,0,0,17.7,1546.39,206.95,4.71875,11.72874172,2508,0
15097,338.97,2.976744186,43,United Kingdom,313,2,313,2,321.3,160.65,2,63,313,169.485,0.006389776,0.947871493,0,0,228.87,110.1,9.78125,1.082971246,626,1
15100,1750.1,9.826086957,23,United Kingdom,64,7,60,7,443.8,63.4,7,6.285714286,431,250.0142857,0.016241299,0.253585509,0,17.7,127.8,1604.6,1.308793456,27.3453125,3017,1
15101,1088.24,7.466666667,60,United Kingdom,89,5,67,5,174.45,29.075,6,3.5,320,217.648,0.015625,0.160304712,0,212.8,501.66,373.78,2.78125,12.22741573,1600,1
15102,554.67,12.55555556,27,United Kingdom,261,2,270,0,0,0,0,0,277,277.335,0.007220217,0,0,9.9,340.37,204.4,8.15625,2.125172414,554,1
15104,374.64,7.857142857,28,United Kingdom,12,1,270,0,0,0,0,0,12,374.64,0.083333333,0,0,0,156.69,217.95,0.245398773,31.22,12,0
15105,795.98,10.72,50,United Kingdom,160,2,270,0,0,0,0,0,357,397.99,0.005602241,0,0,0,649.68,146.3,5,4.974875,714,0
15107,761.0791916,6.85106383,47,United Kingdom,41,9,63,3,71.75,17.9375,4,2.25,182,84.56435462,0.049450549,0.094274027,0,0,394.8,366.2791916,1.28125,18.56290711,1638,1
15109,498.15,6.35,20,United Kingdom,309,2,270,0,0,0,0,0,466,249.075,0.004291845,0,0,22.5,240.1,235.55,9.65625,1.612135922,932,0
15110,670.9,5.678571429,28,United Kingdom,49,3,7,1,8.5,8.5,1,1,215,223.6333333,0.013953488,0.012669548,0,0,318.35,352.55,1.00204499,13.69183673,645,0
15111,1163.39,6.776119403,67,United Kingdom,103,3,270,0,0,0,0,0,322,387.7966667,0.00931677,0,0,0,855.03,308.36,3.21875,11.29504854,966,1
15112,209.4,10.28571429,7,United Kingdom,341,1,270,0,0,0,0,0,341,209.4,0.002932551,0,0,0,109.95,99.45,10.65625,0.614076246,341,1
15114,898.61,12.05882353,51,United Kingdom,32,3,270,0,0,0,0,0,151,299.5366667,0.01986755,0,0,0,691.66,206.95,1,28.0815625,453,0
15115,187.99,5.8,15,United Kingdom,463,1,448,1,3.75,3.75,1,1,463,187.99,0.002159827,0.01994787,0,0,156.19,31.8,14.46875,0.406025918,463,1
15117,934.19,22.01923077,52,United Kingdom,178,3,270,0,0,0,0,0,364,311.3966667,0.008241758,0,0,0,917.19,17,5.5625,5.248258427,1092,0
15121,295.15,6.944444444,18,United Kingdom,19,1,270,0,0,0,0,0,19,295.15,0.052631579,0,0,0,278.15,17,0.59375,15.53421053,19,1
15122,3224.23,8.327586207,174,United Kingdom,28,9,24,3,26.3,5.26,5,4,349,358.2477778,0.025787966,0.008156986,0,19.5,2558.62,646.11,0.875,115.1510714,3141,0
15123,2456.86,17.25974026,77,United Kingdom,151,3,270,0,0,0,0,0,364,818.9533333,0.008241758,0,0,0,1892.96,563.9,4.71875,16.27059603,1092,0
15124,266.63,14.3125,16,United Kingdom,207,2,270,0,0,0,0,0,382,133.315,0.005235602,0,0,0,167.4,99.23,6.46875,1.288067633,764,0
15125,8848.16,27.47169811,159,United Kingdom,1,10,242,4,489.11,61.13875,8,12,348,884.816,0.028735632,0.05527816,0,25.2,6490.61,2332.35,0.03125,8848.16,3480,0
15126,449.49,10.92,25,United Kingdom,267,2,270,0,0,0,0,0,417,224.745,0.004796163,0,0,17.7,355.19,76.6,8.34375,1.683483146,834,1
15127,304.97,17.75,12,United Kingdom,250,1,270,0,0,0,0,0,250,304.97,0.004,0,0,0,265.02,39.95,7.8125,1.21988,250,1
15128,312.68,11.42857143,21,United Kingdom,160,1,270,0,0,0,0,0,160,312.68,0.00625,0,0,0,245.78,66.9,5,1.95425,160,0
15129,3768.18,16.97080292,137,United Kingdom,22,13,270,0,0,0,0,0,340,289.86,0.038235294,0,0,0,3361.68,406.5,0.6875,171.2809091,4420,0
15131,80.28,12.57142857,7,United Kingdom,125,1,270,0,0,0,0,0,125,80.28,0.008,0,0,0,64.38,15.9,3.90625,0.64224,125,1
15133,1157.68,12.86666667,30,United Kingdom,32,3,270,0,0,0,0,0,251,385.8933333,0.011952191,0,0,0,721.78,435.9,1,36.1775,753,0
15134,208.3,14.16666667,12,United Kingdom,111,2,270,0,0,0,0,0,153,104.15,0.013071895,0,0,0,208.3,0,3.46875,1.876576577,306,0
15135,166.63,3.727272727,11,United Kingdom,286,1,270,0,0,0,0,0,286,166.63,0.003496503,0,0,0,77.4,89.23,5.848670757,0.582622378,286,0
15137,747.55,12.675,40,United Kingdom,251,2,402,3,75.85,12.64166667,6,14.83333333,410,373.775,0.004878049,0.101464785,0,0,555.95,191.6,7.84375,2.978286853,820,1
15138,486.59,8.424242424,33,United Kingdom,124,1,115,1,15.93,7.965,2,11,124,486.59,0.008064516,0.032738034,0,0,348.19,138.4,3.875,3.924112903,124,1
15139,122.1,12.75,8,United Kingdom,67,1,270,0,0,0,0,0,67,122.1,0.014925373,0,0,0,122.1,0,2.09375,1.82238806,67,0
15140,889.44,13.6875,32,United Kingdom,172,1,270,0,0,0,0,0,172,889.44,0.005813953,0,0,35.4,646.74,207.3,5.375,5.171162791,172,0
15141,1378.31,14.26506024,83,United Kingdom,188,7,214,2,10.16,3.386666667,3,4.333333333,351,196.9014286,0.01994302,0.007371346,0,0,1269.31,109,5.875,7.33143617,2457,1
15142,2110.23,15.29059829,117,United Kingdom,140,5,194,1,10.95,10.95,1,1,231,422.046,0.021645022,0.005189008,0,0,1855.52,254.71,4.375,15.07307143,1155,1
15143,304.18,10,17,United Kingdom,162,1,270,0,0,0,0,0,162,304.18,0.00617284,0,0,0,211.28,92.9,5.0625,1.877654321,162,0
15144,5854.79,15.86363636,154,United Kingdom,42,13,157,3,103.4,34.46666667,3,7.333333333,457,450.3684615,0.028446389,0.017660753,0,0,3442.82,2411.97,1.3125,139.3997619,5941,0
15146,820.72,13.43283582,67,United Kingdom,21,1,19,1,13.5,3.375,4,3.5,21,820.72,0.047619048,0.016448972,0,0,803.72,17,0.65625,39.08190476,21,0
15149,1003.81,5.577777778,45,United Kingdom,307,3,270,0,0,0,0,0,380,334.6033333,0.007894737,0,0,15,347.98,640.83,6.278118609,3.269739414,1140,0
15150,3686.61,10.88362069,232,United Kingdom,186,3,270,0,0,0,0,0,274,1228.87,0.010948905,0,0,218.1,2814.21,654.3,5.8125,19.82048387,822,0
15151,2085.61,13.94736842,57,United Kingdom,153,2,270,0,0,0,0,0,240,1042.805,0.008333333,0,0,0,1057.31,1028.3,4.78125,13.63143791,480,1
15152,518.14,10,29,United Kingdom,431,1,270,0,0,0,0,0,431,518.14,0.002320186,0,0,0,469.04,49.1,13.46875,1.202180974,431,0
15154,1089.44,2.392156863,102,United Kingdom,208,2,270,0,0,0,0,0,208,544.72,0.009615385,0,0,313.8,114.19,661.45,4.253578732,5.237692308,416,0
15155,383.97,8,24,United Kingdom,113,1,270,0,0,0,0,0,113,383.97,0.008849558,0,0,0,259.57,124.4,3.53125,3.397964602,113,1
15157,1773.26,25.06024096,83,United Kingdom,88,3,87,1,30.24,15.12,2,36,459,591.0866667,0.006535948,0.017053337,0,215,1007.76,550.5,2.75,20.15068182,1377,0
15158,36.26,2,6,United Kingdom,131,1,130,1,168.36,84.18,2,4.5,131,36.26,0.007633588,4.643132929,0,0,3.36,32.9,2.678936605,0.276793893,131,0
15159,6827.94,19.33854167,192,United Kingdom,1,10,270,0,0,0,0,0,162,682.794,0.061728395,0,0,95.4,3971.54,2761,0.03125,6827.94,1620,0
15160,589.27,13.34782609,23,United Kingdom,87,4,270,0,0,0,0,0,151,147.3175,0.026490066,0,0,0,557.47,31.8,2.71875,6.773218391,604,1
15161,119.92,4.363636364,33,United Kingdom,118,1,270,0,0,0,0,0,118,119.92,0.008474576,0,0,6.7,88.87,24.35,3.6875,1.016271186,118,1
15162,241.5,4.125,16,United Kingdom,461,1,459,1,71.4,17.85,4,2,461,241.5,0.002169197,0.295652174,0,0,186,55.5,14.40625,0.523861171,461,1
15164,1355.07,2.264925373,268,United Kingdom,69,7,110,1,16.9,8.45,2,1,420,193.5814286,0.016666667,0.01247168,0,29.45,1087.14,238.48,2.15625,19.63869565,2940,0
15165,487.75,5.925925926,27,United Kingdom,103,1,270,0,0,0,0,0,103,487.75,0.009708738,0,0,0,329.15,158.6,3.21875,4.735436893,103,1
15166,167.16,11.66666667,12,United Kingdom,198,1,270,0,0,0,0,0,198,167.16,0.005050505,0,0,0,154.41,12.75,6.1875,0.844242424,198,1
15167,1627.62,2.838815789,304,United Kingdom,51,5,270,0,0,0,0,0,403,325.524,0.012406948,0,0,5.47,1064.45,557.7,1.59375,31.91411765,2015,1
15169,569.22,6.033898305,59,United Kingdom,112,2,270,0,0,0,0,0,457,284.61,0.004376368,0,0,70.98,441.84,56.4,3.5,5.082321429,914,1
15170,81.15,8.25,4,United Kingdom,137,1,270,0,0,0,0,0,137,81.15,0.00729927,0,0,0,63.3,17.85,4.28125,0.592335766,137,1
15171,1034.5,27.14285714,7,United Kingdom,61,1,55,1,255,127.5,2,50,61,1034.5,0.016393443,0.246495892,0,0,289.5,745,1.247443763,16.95901639,61,1
15173,1399.26,9.409090909,88,United Kingdom,111,7,320,1,95.34,47.67,2,6,348,199.8942857,0.020114943,0.068136015,0,23.6,1210.24,165.42,3.46875,12.60594595,2436,1
15174,481.46,11.23529412,34,United Kingdom,53,2,270,0,0,0,0,0,141,240.73,0.014184397,0,0,1.25,266.01,214.2,1.65625,9.084150943,282,1
15176,985.09,8.433962264,53,United Kingdom,398,1,327,1,2.95,2.95,1,1,398,985.09,0.002512563,0.00299465,0,0,775.68,209.41,12.4375,2.475100503,398,1
15177,948.93,18.65384615,26,United Kingdom,156,1,270,0,0,0,0,0,156,948.93,0.006410256,0,0,0,679.58,269.35,4.875,6.082884615,156,1
15179,6509.74,17.16911765,272,United Kingdom,49,9,94,3,60.85,8.692857143,7,7.428571429,467,723.3044444,0.019271949,0.009347532,0,5.9,4749.95,1753.89,1.53125,132.8518367,4203,0
15180,816.93,12.57692308,52,United Kingdom,97,3,270,0,0,0,0,0,319,272.31,0.009404389,0,0,0,766.23,50.7,3.03125,8.421958763,957,1
15181,568.17,17.875,8,United Kingdom,0,3,95,2,242.55,121.275,2,24.5,461,189.39,0.006507592,0.426896879,0,0,386.97,181.2,0,568.17,1383,0
15182,2319.9,9.474226804,97,United Kingdom,116,9,110,3,56.2,18.73333333,3,4,387,257.7666667,0.023255814,0.024225182,0,0,1760.95,558.95,3.625,19.99913793,3483,0
15183,637.03,7.564102564,39,United Kingdom,278,3,293,1,2.9,2.9,1,2,315,212.3433333,0.00952381,0.004552376,0,73.8,261.58,301.65,5.685071575,2.29147482,945,1
15184,283.19,11.95454545,22,United Kingdom,118,2,270,0,0,0,0,0,454,141.595,0.004405286,0,0,12.75,254.54,15.9,3.6875,2.399915254,908,0
15186,991.79,15.18181818,33,United Kingdom,204,3,270,0,0,0,0,0,427,330.5966667,0.007025761,0,0,0,715.49,276.3,6.375,4.861715686,1281,0
15188,310.43,10.13043478,23,United Kingdom,455,1,270,0,0,0,0,0,455,310.43,0.002197802,0,0,68.5,173.88,68.05,14.21875,0.682263736,455,1
15189,2705.79,24.375,56,United Kingdom,12,10,7,4,212.92,30.41714286,7,8.571428571,239,270.579,0.041841004,0.078690512,0,0,1758.04,947.75,0.375,225.4825,2390,0
15190,834.44,19.75,40,United Kingdom,164,1,270,0,0,0,0,0,164,834.44,0.006097561,0,0,0,733.59,100.85,5.125,5.08804878,164,1
15191,588.05,8.2,35,United Kingdom,193,3,270,0,0,0,0,0,419,196.0166667,0.007159905,0,0,55.6,443,89.45,6.03125,3.046891192,1257,1
15192,937.07,13.2,55,United Kingdom,95,3,270,0,0,0,0,0,410,312.3566667,0.007317073,0,0,2.5,757.42,177.15,2.96875,9.863894737,1230,0
15194,6701.13,16.84918033,305,United Kingdom,14,19,7,7,217.6,10.88,20,3.55,467,352.6910526,0.040685225,0.032472135,0,40.2,5466.63,1194.3,0.4375,478.6521429,8873,0
15196,313.7,3.095238095,42,United Kingdom,163,2,270,0,0,0,0,0,457,156.85,0.004376368,0,0,12.25,275.2,26.25,5.09375,1.924539877,914,1
15197,918.5,19.72727273,33,United Kingdom,88,4,62,2,435.9,145.3,3,5.333333333,458,229.625,0.008733624,0.474578116,0,0,807.35,111.15,2.75,10.4375,1832,0
15198,365.81,9.318181818,22,United Kingdom,139,3,137,1,11.9,11.9,1,2,420,121.9366667,0.007142857,0.032530549,0,25.35,232.96,107.5,4.34375,2.631726619,1260,0
15199,2206.8,15.02439024,41,United Kingdom,38,7,270,0,0,0,0,0,306,315.2571429,0.022875817,0,0,0,1702,504.8,1.1875,58.07368421,2142,0
15200,549.05,6.5,30,United Kingdom,225,1,270,0,0,0,0,0,225,549.05,0.004444444,0,0,0,447.35,101.7,7.03125,2.440222222,225,1
15201,598.06,13.14705882,34,United Kingdom,170,2,166,1,8.35,2.783333333,3,1,341,299.03,0.005865103,0.01396181,0,0,598.06,0,5.3125,3.518,682,0
15203,2784.32,12.00452489,221,United Kingdom,42,10,270,0,0,0,0,0,461,278.432,0.021691974,0,0,0,2710.64,73.68,1.3125,66.29333333,4610,0
15204,316.58,28.66666667,9,United Kingdom,87,1,270,0,0,0,0,0,87,316.58,0.011494253,0,0,0,248.58,68,2.71875,3.638850575,87,1
15206,17.7,6,1,United Kingdom,6,1,270,0,0,0,0,0,6,17.7,0.166666667,0,0,0,17.7,0,0.1875,2.95,6,0
15207,657.27,15.34615385,26,United Kingdom,146,3,140,2,26.65,13.325,2,14.5,277,219.09,0.010830325,0.040546503,0,0,657.27,0,4.5625,4.501849315,831,1
15208,165.8,6.666666667,9,United Kingdom,83,2,270,0,0,0,0,0,154,82.9,0.012987013,0,0,0,149.9,15.9,2.59375,1.997590361,308,0
15209,178.98,7.230769231,13,United Kingdom,460,1,270,0,0,0,0,0,460,178.98,0.002173913,0,0,0,147.58,31.4,14.375,0.389086957,460,1
15210,845.01,13.04255319,47,United Kingdom,109,2,270,0,0,0,0,0,305,422.505,0.006557377,0,0,0,551.91,293.1,3.40625,7.752385321,610,0
15211,383.07,5.086956522,23,United Kingdom,95,1,270,0,0,0,0,0,95,383.07,0.010526316,0,0,0,205.22,177.85,2.96875,4.032315789,95,1
15212,106.48,9.6,5,United Kingdom,107,1,270,0,0,0,0,0,107,106.48,0.009345794,0,0,0,66.68,39.8,3.34375,0.995140187,107,0
15213,325.05,10.8,25,United Kingdom,49,2,49,1,3.3,3.3,1,2,60,162.525,0.033333333,0.010152284,0,0,325.05,0,1.53125,6.633673469,120,1
15215,850.62,2.169491525,118,United Kingdom,124,4,47,2,836.87,20.92175,40,7.375,343,212.655,0.011661808,0.98383532,0,0,442.5,408.12,3.875,6.85983871,1372,1
15216,389.49,8.590909091,22,United Kingdom,349,1,270,0,0,0,0,0,349,389.49,0.00286533,0,0,0,274.99,114.5,10.90625,1.116017192,349,1
15217,426.24,6.785714286,28,United Kingdom,293,1,270,0,0,0,0,0,293,426.24,0.003412969,0,0,0,282.15,144.09,9.15625,1.454744027,293,1
15218,6218.03,12.97744361,266,United Kingdom,49,12,305,3,60.57,6.73,9,3.666666667,413,518.1691667,0.02905569,0.009741027,0,0,4808.46,1409.57,1.53125,126.8985714,4956,0
15219,379.7,13.29411765,17,United Kingdom,379,1,270,0,0,0,0,0,379,379.7,0.002638522,0,0,0,275.4,104.3,11.84375,1.001846966,379,0
15220,316.11,11.95652174,23,United Kingdom,11,1,270,0,0,0,0,0,11,316.11,0.090909091,0,0,0,298.26,17.85,0.34375,28.73727273,11,0
15221,1702,5.487179487,39,United Kingdom,96,4,100,3,360.2,36.02,10,3,368,425.5,0.010869565,0.211633373,0,11.8,82.2,1608,1.963190184,17.72916667,1472,1
15222,3415.66,26.37579618,157,United Kingdom,49,11,214,6,135.25,7.118421053,19,16.68421053,453,310.5145455,0.024282561,0.039597032,0,55.66,3275.25,84.75,1.53125,69.70734694,4983,1
15223,662.2,12.28571429,14,United Kingdom,340,3,270,0,0,0,0,0,465,220.7333333,0.006451613,0,0,20.4,531.3,110.5,10.625,1.947647059,1395,0
15224,837.26,10.575,40,United Kingdom,88,5,93,3,34.1,6.82,5,4,423,167.452,0.011820331,0.040728089,0,0,542.01,295.25,2.75,9.514318182,2115,1
15226,154.41,8.875,8,United Kingdom,41,1,270,0,0,0,0,0,41,154.41,0.024390244,0,0,30.6,98.31,25.5,1.28125,3.766097561,41,1
15227,1894.16,9.217391304,92,United Kingdom,15,6,270,0,0,0,0,0,364,315.6933333,0.016483516,0,0,0,1257.13,637.03,0.46875,126.2773333,2184,0
15228,3098.41,13.26950355,141,United Kingdom,25,3,270,0,0,0,0,0,230,1032.803333,0.013043478,0,0,0,2295.76,802.65,0.78125,123.9364,690,0
15229,160.5,12.66666667,9,United Kingdom,316,1,270,0,0,0,0,0,316,160.5,0.003164557,0,0,47.7,82.8,30,9.875,0.507911392,316,1
15231,228.36,10.70588235,17,United Kingdom,351,1,326,1,21.9,7.3,3,2.666666667,351,228.36,0.002849003,0.095901209,0,0,228.36,0,10.96875,0.650598291,351,1
15233,59.4,12,1,United Kingdom,131,1,270,0,0,0,0,0,131,59.4,0.007633588,0,0,0,0,59.4,2.678936605,0.453435115,131,1
15234,197,14,14,United Kingdom,7,1,270,0,0,0,0,0,7,197,0.142857143,0,0,0,197,0,0.21875,28.14285714,7,1
15235,1986.19,9.916666667,132,United Kingdom,15,13,270,0,0,0,0,0,119,152.7838462,0.109243697,0,0,117.5,1640.79,227.9,0.46875,132.4126667,1547,0
15236,321.05,17.93333333,15,United Kingdom,29,1,270,0,0,0,0,0,29,321.05,0.034482759,0,0,0,321.05,0,0.90625,11.07068966,29,1
15240,2933.84,11.82485876,177,United Kingdom,42,8,31,7,132.47,7.792352941,17,3.411764706,464,366.73,0.017241379,0.045152428,0,40.32,2652.4,241.12,1.3125,69.85333333,3712,0
15241,1671.2,18.84466019,103,United Kingdom,14,4,7,1,17.85,17.85,1,3,384,417.8,0.010416667,0.010680948,0,22.5,1511.9,136.8,0.4375,119.3714286,1536,0
15242,302.04,49,4,United Kingdom,152,1,270,0,0,0,0,0,152,302.04,0.006578947,0,0,0,302.04,0,4.75,1.987105263,152,1
15243,610.6,9.179487179,39,United Kingdom,165,1,270,0,0,0,0,0,165,610.6,0.006060606,0,0,0,484.9,125.7,5.15625,3.700606061,165,1
15244,218.61,4.0625,16,United Kingdom,396,1,390,1,61.9,30.95,2,1,396,218.61,0.002525253,0.283152646,0,17,85.8,115.81,8.098159509,0.552045455,396,0
15245,2095,20.96610169,59,United Kingdom,132,5,270,0,0,0,0,0,325,419,0.015384615,0,0,20,2055.1,19.9,4.125,15.87121212,1625,0
15246,452.25,6.6,30,United Kingdom,89,2,270,0,0,0,0,0,286,226.125,0.006993007,0,0,0,412,40.25,2.78125,5.081460674,572,0
15247,611.11,29.41666667,12,United Kingdom,208,2,194,1,8.95,8.95,1,1,267,305.555,0.007490637,0.014645481,0,0,584.26,26.85,6.5,2.938028846,534,0
15248,1865.03,9.522522523,111,United Kingdom,141,3,258,1,28.9,5.78,5,1.6,264,621.6766667,0.011363636,0.015495729,0,130,1288.34,446.69,4.40625,13.22716312,792,1
15249,2489.79,8.91025641,156,United Kingdom,160,5,286,1,87.75,21.9375,4,3.25,353,497.958,0.014164306,0.035243936,0,70.68,1883.36,535.75,5,15.5611875,1765,0
15250,60,16,3,United Kingdom,371,1,270,0,0,0,0,0,371,60,0.002695418,0,0,0,60,0,11.59375,0.161725067,371,1
15251,9791.81,47.72580645,124,United Kingdom,144,10,209,5,47.74,9.548,5,3.8,410,979.181,0.024390244,0.004875503,0,0,6378.26,3413.55,4.5,67.99868056,4100,0
15252,1312.28,11.5974026,77,United Kingdom,152,3,147,2,50.35,16.78333333,3,5,342,437.4266667,0.00877193,0.038368336,0,22.8,940.63,348.85,4.75,8.633421053,1026,0
15253,1117.99,10.8030303,66,United Kingdom,133,3,129,3,18.9,6.3,3,3,317,372.6633333,0.009463722,0.016905339,0,22.5,1004.14,91.35,4.15625,8.40593985,951,0
15254,773.04,8.7,50,United Kingdom,277,2,468,1,14.95,14.95,1,1,291,386.52,0.006872852,0.019339232,0,0,384.39,388.65,5.664621677,2.790758123,582,0
15255,2756.52,11.76551724,145,United Kingdom,126,8,144,2,58.65,14.6625,4,4.75,467,344.565,0.017130621,0.021276827,0,0,2368.27,388.25,3.9375,21.87714286,3736,1
15256,71.95,9.25,4,United Kingdom,292,1,270,0,0,0,0,0,292,71.95,0.003424658,0,0,0,71.95,0,9.125,0.24640411,292,0
15257,600.9,5.384615385,13,United Kingdom,13,2,11,1,85,85,1,1,144,300.45,0.013888889,0.141454485,0,0,118.95,481.95,0.265848671,46.22307692,288,1
15259,1182.38,11.07017544,57,United Kingdom,243,4,270,0,0,0,0,0,413,295.595,0.00968523,0,0,0,697.88,484.5,7.59375,4.865761317,1652,1
15260,7317.61,11.73006135,326,United Kingdom,103,20,277,4,59.85,11.97,5,2.6,464,365.8805,0.043103448,0.0081789,0,25.2,5930.29,1362.12,3.21875,71.04475728,9280,0
15261,1253.18,7.342465753,73,United Kingdom,112,3,270,0,0,0,0,0,165,417.7266667,0.018181818,0,0,0,904.98,348.2,3.5,11.18910714,495,0
15262,418.82,8.384615385,26,United Kingdom,54,3,270,0,0,0,0,0,218,139.6066667,0.013761468,0,0,0,372.07,46.75,1.6875,7.755925926,654,1
15264,450.46,5.176470588,34,United Kingdom,260,1,210,1,4.2,2.1,2,1,260,450.46,0.003846154,0.009323802,0,0,273.15,177.31,8.125,1.732538462,260,1
15265,1839.52,8.630630631,111,United Kingdom,335,2,270,0,0,0,0,0,468,919.76,0.004273504,0,0,0,1593.38,246.14,10.46875,5.491104478,936,0
15266,852.21,5.244444444,45,United Kingdom,68,5,270,0,0,0,0,0,432,170.442,0.011574074,0,0,23.4,313.01,515.8,1.390593047,12.5325,2160,1
15268,941.25,15.62962963,27,United Kingdom,209,3,319,1,20.65,4.13,5,1.2,336,313.75,0.008928571,0.021938911,0,0,751.35,189.9,6.53125,4.503588517,1008,1
15269,816.56,10.48484848,33,United Kingdom,110,2,270,0,0,0,0,0,120,408.28,0.016666667,0,0,0,611.01,205.55,3.4375,7.423272727,240,1
15270,5915.09,15.10526316,171,United Kingdom,32,17,31,9,1243.78,51.82416667,24,13.25,452,347.9464706,0.037610619,0.210272371,0,0,4641.94,1273.15,1,184.8465625,7684,0
15271,2351.05,3.70773639,349,United Kingdom,68,11,139,1,49,16.33333333,3,10.33333333,221,213.7318182,0.049773756,0.020841752,0,31.2,1747.46,572.39,2.125,34.57426471,2431,0
15272,1309.01,1.591928251,223,United Kingdom,180,4,270,0,0,0,0,0,393,327.2525,0.010178117,0,0,84.07,491.07,733.87,3.680981595,7.272277778,1572,0
15273,228.96,216,1,United Kingdom,330,1,270,0,0,0,0,0,330,228.96,0.003030303,0,0,0,228.96,0,10.3125,0.693818182,330,1
15276,472.67,1.894736842,133,United Kingdom,124,3,124,1,18.5,4.625,4,1,165,157.5566667,0.018181818,0.039139357,0,3.3,302.87,166.5,3.875,3.811854839,495,1
15277,220.44,12,14,United Kingdom,155,1,270,0,0,0,0,0,155,220.44,0.006451613,0,0,0,187.74,32.7,4.84375,1.422193548,155,1
15278,496.16,15.79310345,29,United Kingdom,292,4,270,0,0,0,0,0,395,124.04,0.010126582,0,0,0,434.96,61.2,9.125,1.699178082,1580,1
15279,1554.84,7.608247423,97,United Kingdom,85,5,95,2,25.7,8.566666667,3,21.33333333,406,310.968,0.012315271,0.016529032,0,71.8,929.76,553.28,2.65625,18.29223529,2030,1
15280,284.4,8.022727273,44,United Kingdom,219,2,270,0,0,0,0,0,301,142.2,0.006644518,0,0,6.96,223.14,54.3,6.84375,1.298630137,602,0
15281,7027.94,9.868534483,464,United Kingdom,18,9,12,5,198.05,10.42368421,19,2.421052632,158,780.8822222,0.056962025,0.028180377,0,109.2,5203.74,1715,0.5625,390.4411111,1422,0
15282,348.59,14.62962963,27,United Kingdom,300,1,270,0,0,0,0,0,300,348.59,0.003333333,0,0,0,348.59,0,9.375,1.161966667,300,1
15283,135.43,2.5,10,United Kingdom,120,3,229,1,12.9,12.9,1,2,248,45.14333333,0.012096774,0.09525216,0,0,48.9,86.53,2.45398773,1.128583333,744,1
15284,24.75,5,1,United Kingdom,230,1,270,0,0,0,0,0,230,24.75,0.004347826,0,0,0,24.75,0,7.1875,0.107608696,230,1
15285,94.92,20,6,United Kingdom,138,1,270,0,0,0,0,0,138,94.92,0.007246377,0,0,0,94.92,0,4.3125,0.687826087,138,1
15287,369.34,36.0625,16,United Kingdom,110,3,270,0,0,0,0,0,468,123.1133333,0.006410256,0,0,17.7,351.64,0,3.4375,3.357636364,1404,1
15288,1565.66,6.933333333,90,United Kingdom,95,6,270,0,0,0,0,0,395,260.9433333,0.015189873,0,0,5.9,846.01,713.75,2.96875,16.48063158,2370,0
15289,635.61,15.325,40,United Kingdom,189,2,152,1,17.7,17.7,1,6,352,317.805,0.005681818,0.027847265,0,0,635.61,0,5.90625,3.363015873,704,0
15290,3604.29,19.80291971,137,United Kingdom,7,13,7,3,47.9,11.975,4,9.5,384,277.2530769,0.033854167,0.013289719,0,0,3482.74,121.55,0.21875,514.8985714,4992,0
15291,10186.48,14.58673469,196,United Kingdom,4,30,49,10,365.77,21.51588235,17,20.11764706,467,339.5493333,0.064239829,0.035907399,0,0,5268.7,4917.78,0.125,2546.62,14010,0
15293,247.5,9.368421053,19,United Kingdom,396,1,270,0,0,0,0,0,396,247.5,0.002525253,0,0,51.5,176.2,19.8,12.375,0.625,396,1
15294,222.3,5.588235294,17,United Kingdom,141,1,130,1,11.05,5.525,2,1,141,222.3,0.007092199,0.049707602,0,0,149.6,72.7,4.40625,1.576595745,141,1
15295,207.04,2.673076923,52,United Kingdom,384,1,270,0,0,0,0,0,384,207.04,0.002604167,0,0,6.8,157.64,42.6,12,0.539166667,384,1
15296,7793.15,10.68304668,407,United Kingdom,57,7,144,4,56.35,9.391666667,6,2.833333333,417,1113.307143,0.016786571,0.007230709,0,39.8,6142.4,1610.95,1.78125,136.7219298,2919,0
15298,5057.41,13.02135231,281,United Kingdom,55,14,228,4,77.54,8.615555556,9,3.111111111,461,361.2435714,0.030368764,0.015331958,0,14.75,4169.16,873.5,1.71875,91.95290909,6454,0
15299,3484.53,417.5,6,United Kingdom,102,6,270,0,0,0,0,0,427,580.755,0.014051522,0,0,0,2225.16,1259.37,3.1875,34.16205882,2562,0
15301,2533.09,11.05839416,137,United Kingdom,99,6,270,0,0,0,0,0,180,422.1816667,0.033333333,0,0,17.7,1852.14,663.25,3.09375,25.58676768,1080,0
15302,291.05,6.3125,16,United Kingdom,460,1,452,1,16.95,16.95,1,1,460,291.05,0.002173913,0.058237416,0,35.4,142.55,113.1,14.375,0.632717391,460,1
15303,1178.78,7.183098592,71,United Kingdom,20,3,335,1,45.4,22.7,2,2,414,392.9266667,0.007246377,0.038514396,0,0,849.39,329.39,0.625,58.939,1242,1
15304,325.65,3.909090909,11,United Kingdom,12,3,9,1,4.95,4.95,1,1,152,108.55,0.019736842,0.015200368,0,0,53.1,272.55,0.245398773,27.1375,456,0
15305,93.6,8,5,United Kingdom,285,1,270,0,0,0,0,0,285,93.6,0.003508772,0,0,0,77.7,15.9,8.90625,0.328421053,285,1
15306,2306.63,21.55238095,105,United Kingdom,230,6,230,1,3.75,3.75,1,1,389,384.4383333,0.015424165,0.001625748,0,0,2064.07,242.56,7.1875,10.02882609,2334,0
15308,302.27,8.238095238,21,United Kingdom,4,1,1,1,8.2,4.1,2,1,4,302.27,0.25,0.027128064,0,0,205.12,97.15,0.125,75.5675,4,1
15309,715.53,6.836065574,61,United Kingdom,341,4,348,6,82.43,11.77571429,7,3.285714286,465,178.8825,0.008602151,0.115201319,0,30.3,583.33,101.9,10.65625,2.098328446,1860,1
15310,1634.64,32.8,45,United Kingdom,209,1,270,0,0,0,0,0,209,1634.64,0.004784689,0,0,0,1609.14,25.5,6.53125,7.821244019,209,1
15311,71228.38,14.50992264,2973,United Kingdom,0,147,10,43,2047.32,11.06659459,185,4.556756757,469,484.5468027,0.313432836,0.028743038,0,1244,52088.57,17895.81,0,71228.38,68943,0
15312,2281.38,10.07462687,134,United Kingdom,84,9,85,2,13.7,6.85,2,2,454,253.4866667,0.019823789,0.006005137,0,27.6,1937.24,316.54,2.625,27.15928571,4086,0
15314,472.68,15.74074074,27,United Kingdom,144,2,126,1,19.8,19.8,1,12,158,236.34,0.012658228,0.041888804,0,0,462.73,9.95,4.5,3.2825,316,0
15316,165,100,1,United Kingdom,57,1,270,0,0,0,0,0,57,165,0.01754386,0,0,0,165,0,1.78125,2.894736842,57,1
15317,112.05,6.5,6,United Kingdom,407,1,461,1,17.7,17.7,1,6,407,112.05,0.002457002,0.157965194,0,0,52.65,59.4,8.323108384,0.275307125,407,1
15319,204.5,10.9375,16,United Kingdom,14,1,270,0,0,0,0,0,14,204.5,0.071428571,0,0,0,121.2,83.3,0.4375,14.60714286,14,1
15321,5069.39,11.4789272,261,United Kingdom,22,10,147,5,51.5,5.722222222,9,2.333333333,405,506.939,0.024691358,0.010159013,0,30,4515.44,523.95,0.6875,230.4268182,4050,1
15322,711.18,13.53658537,41,United Kingdom,206,1,270,0,0,0,0,0,206,711.18,0.004854369,0,0,12.6,544.73,153.85,6.4375,3.452330097,206,1
15323,320.9,3.756756757,37,United Kingdom,293,3,263,1,113.7,14.2125,8,6.125,392,106.9666667,0.007653061,0.354315986,0,0,244.25,76.65,9.15625,1.095221843,1176,1
15324,140.22,9.25,8,United Kingdom,431,1,270,0,0,0,0,0,431,140.22,0.002320186,0,0,15,125.22,0,13.46875,0.325336427,431,1
15325,1434.52,6.457627119,177,United Kingdom,125,7,222,1,5.2,5.2,1,8,391,204.9314286,0.017902813,0.003624906,0,56.77,1134.8,242.95,3.90625,11.47616,2737,1
15326,1529.82,9.04109589,146,United Kingdom,64,5,327,5,170.7,10.04117647,17,1.823529412,468,305.964,0.010683761,0.111581755,0,43.2,1337.52,149.1,2,23.9034375,2340,1
15328,107.24,11,8,United Kingdom,138,1,270,0,0,0,0,0,138,107.24,0.007246377,0,0,0,91.34,15.9,4.3125,0.777101449,138,1
15329,1713.98,5.973684211,114,United Kingdom,105,8,95,8,195.15,11.47941176,17,2.941176471,456,214.2475,0.01754386,0.113857805,0,0,1071.16,642.82,3.28125,16.32361905,3648,0
15331,755.41,15.15217391,46,United Kingdom,230,3,334,1,12.5,6.25,2,2,339,251.8033333,0.008849558,0.016547305,0,0,719.61,35.8,7.1875,3.284391304,1017,1
15332,4892.68,14.97402597,154,Lithuania,96,6,270,0,0,0,0,0,243,815.4466667,0.024691358,0,0,237.6,4417.33,237.75,3,50.96541667,1458,1
15336,240.5,5.6,15,United Kingdom,132,1,270,0,0,0,0,0,132,240.5,0.007575758,0,0,0,149.3,91.2,4.125,1.821969697,132,1
15337,344.72,8,24,United Kingdom,141,1,133,1,28.3,9.433333333,3,2.666666667,141,344.72,0.007092199,0.082095614,0,0,262.42,82.3,4.40625,2.444822695,141,1
15338,277.93,2.551724138,58,United Kingdom,407,1,270,0,0,0,0,0,407,277.93,0.002457002,0,0,46.25,177.28,54.4,12.71875,0.682874693,407,1
15339,1327.6,4.640883978,181,United Kingdom,48,6,151,3,177.25,29.54166667,6,6.833333333,399,221.2666667,0.015037594,0.1335116,0,43.75,876.97,406.88,1.5,27.65833333,2394,1
15340,105.5,10.85714286,7,United Kingdom,292,1,270,0,0,0,0,0,292,105.5,0.003424658,0,0,0,105.5,0,9.125,0.36130137,292,1
15341,380.5,24.25,8,United Kingdom,179,1,291,1,1.7,1.7,1,2,179,380.5,0.005586592,0.004467806,0,0,380.5,0,5.59375,2.125698324,179,1
15346,591.65,6.763157895,38,United Kingdom,63,3,147,1,4.47,4.47,1,3,161,197.2166667,0.01863354,0.007555142,0,0,527.05,64.6,1.96875,9.391269841,483,1
15347,1132.3,14.10526316,38,United Kingdom,96,4,113,2,29.7,14.85,2,3,168,283.075,0.023809524,0.026229798,0,0,913.65,218.65,3,11.79479167,672,1
15350,547.6,9.066666667,30,United Kingdom,103,2,270,0,0,0,0,0,113,273.8,0.017699115,0,0,0,547.6,0,3.21875,5.316504854,226,1
15351,1745.09,4.769736842,152,United Kingdom,100,4,100,3,25.14,4.19,6,2,163,436.2725,0.024539877,0.014406134,0,3.8,1417.99,323.3,3.125,17.4509,652,1
15352,111.15,1.176470588,34,United Kingdom,279,1,270,0,0,0,0,0,279,111.15,0.003584229,0,0,3.75,72,35.4,8.71875,0.398387097,279,1
15353,2314.1,3.778846154,312,United Kingdom,98,6,468,1,21.9,21.9,1,2,468,385.6833333,0.012820513,0.009463722,0,39.22,1627.4,647.48,3.0625,23.61326531,2808,0
15356,1111.75,1.73968254,315,United Kingdom,27,6,270,0,0,0,0,0,152,185.2916667,0.039473684,0,0,4.05,1038.1,69.6,0.84375,41.17592593,912,0
15358,11343.5,13.58914729,774,United Kingdom,10,28,5,9,192.06,11.29764706,17,8.941176471,463,405.125,0.060475162,0.016931282,0,128.1,10265.85,949.55,0.3125,1134.35,12964,0
15359,162.6,7.647058824,17,United Kingdom,393,8,285,1,18.75,18.75,1,15,424,20.325,0.018867925,0.115313653,0,0,162.6,0,12.28125,0.413740458,3392,1
15361,689.07,37.3,10,United Kingdom,92,4,270,0,0,0,0,0,273,172.2675,0.014652015,0,0,60,358.92,270.15,2.875,7.489891304,1092,1
15362,613.08,9.2,40,United Kingdom,179,2,270,0,0,0,0,0,469,306.54,0.004264392,0,0,0,390.33,222.75,5.59375,3.425027933,938,1
15363,678.11,10.94285714,35,United Kingdom,103,2,270,0,0,0,0,0,223,339.055,0.00896861,0,0,0,624.46,53.65,3.21875,6.583592233,446,1
15365,2451.42,9.75862069,116,United Kingdom,45,7,270,0,0,0,0,0,403,350.2028571,0.017369727,0,0,0,1869.27,582.15,1.40625,54.476,2821,1
15366,1892.11,18.5,102,United Kingdom,88,6,270,0,0,0,0,0,382,315.3516667,0.015706806,0,0,32.7,1761.58,97.83,2.75,21.50125,2292,1
15367,3902.62,10.37556561,221,United Kingdom,5,8,340,1,65.7,65.7,1,6,459,487.8275,0.017429194,0.016834844,0,0,3289.62,613,0.15625,780.524,3672,0
15368,275.8,44,4,United Kingdom,124,1,270,0,0,0,0,0,124,275.8,0.008064516,0,0,0,210,65.8,3.875,2.224193548,124,1
15369,3346.43,18.06060606,99,United Kingdom,222,11,105,1,2904.83,72.62075,40,37.5,462,304.2209091,0.023809524,0.868038477,0,161.65,3049.18,135.6,6.9375,15.07400901,5082,1
15370,2107.18,10.3372093,86,United Kingdom,27,3,270,0,0,0,0,0,141,702.3933333,0.021276596,0,0,117.4,1408.23,581.55,0.84375,78.0437037,423,0
15371,59.4,12,1,United Kingdom,392,1,270,0,0,0,0,0,392,59.4,0.00255102,0,0,0,0,59.4,8.016359918,0.151530612,392,1
15372,3947.02,103.3939394,33,United Kingdom,180,7,180,2,62.64,20.88,3,24.66666667,394,563.86,0.017766497,0.015870201,0,0,2954.02,993,5.625,21.92788889,2758,0
15373,1365.83,3.484536082,97,United Kingdom,20,9,69,1,202.8,40.56,5,4.8,317,151.7588889,0.028391167,0.148481143,0,2.55,544.78,818.5,0.408997955,68.2915,2853,0
15374,139.32,23.42857143,7,United Kingdom,355,1,270,0,0,0,0,0,355,139.32,0.002816901,0,0,0,139.32,0,11.09375,0.392450704,355,0
15375,60.96,14,6,United Kingdom,420,1,270,0,0,0,0,0,420,60.96,0.002380952,0,0,2.52,58.44,0,13.125,0.145142857,420,1
15377,1179.95,11.31818182,22,United Kingdom,113,4,139,1,31.8,31.8,1,4,146,294.9875,0.02739726,0.026950295,0,0,609.45,570.5,3.53125,10.4420354,584,1
15378,246.5,10.83333333,12,United Kingdom,193,2,270,0,0,0,0,0,232,123.25,0.00862069,0,0,0,246.5,0,6.03125,1.277202073,464,1
15379,4157.08,11.22368421,228,United Kingdom,5,5,70,1,71.4,35.7,2,6,131,831.416,0.038167939,0.017175517,0,17.4,3603.23,536.45,0.15625,831.416,655,0
15380,1739.84,33.68421053,19,United Kingdom,95,7,151,1,48.96,24.48,2,8,468,248.5485714,0.014957265,0.028140519,0,32.4,1269.3,438.14,2.96875,18.31410526,3276,0
15381,1290.77,37.05882353,17,United Kingdom,153,3,264,1,2.95,2.95,1,1,313,430.2566667,0.009584665,0.002285458,0,0,788.63,502.14,4.78125,8.436405229,939,0
15382,8738.06,15.05486284,401,United Kingdom,26,7,133,6,59.2,9.866666667,6,6.5,465,1248.294286,0.015053763,0.006774959,0,15,7467.85,1255.21,0.8125,336.0792308,3255,0
15384,1682.3,14.3030303,99,United Kingdom,90,3,102,1,6.65,3.325,2,1.5,323,560.7666667,0.009287926,0.003952922,0,0,1370.3,312,2.8125,18.69222222,969,0
15385,625.2,29.66666667,9,United Kingdom,123,2,270,0,0,0,0,0,407,312.6,0.004914005,0,0,0,625.2,0,3.84375,5.082926829,814,1
15387,468.65,16.75,20,United Kingdom,222,1,270,0,0,0,0,0,222,468.65,0.004504505,0,0,0,349.5,119.15,6.9375,2.111036036,222,1
15388,140.54,8.8,10,Canada,0,1,270,0,0,0,0,0,0,140.54,1,0,0,17,123.54,0,0,140.54,0,1
15389,2233.8,708,5,United Kingdom,130,4,270,0,0,0,0,0,412,558.45,0.009708738,0,0,0,2233.8,0,4.0625,17.18307692,1648,0
15390,1216.66,11.61038961,77,Canada,126,2,270,0,0,0,0,0,139,608.33,0.014388489,0,0,45.6,1083.56,87.5,3.9375,9.656031746,278,1
15391,282.92,8.307692308,13,United Kingdom,314,1,301,1,6.95,6.95,1,1,314,282.92,0.003184713,0.024565248,0,0,151.52,131.4,9.8125,0.901019108,314,1
15392,1695.27,15.7125,80,United Kingdom,90,4,88,1,19.8,19.8,1,12,162,423.8175,0.024691358,0.011679555,0,0,1485.82,209.45,2.8125,18.83633333,648,1
15393,783.58,8.05,40,United Kingdom,11,4,270,0,0,0,0,0,454,195.895,0.008810573,0,0,22.5,429.43,331.65,0.34375,71.23454545,1816,1
15394,3655.52,10.11904762,168,United Kingdom,89,8,161,2,35.4,17.7,2,2,454,456.94,0.017621145,0.009683985,0,0,2862.58,792.94,2.78125,41.07325843,3632,0
15395,107.45,2.428571429,7,United Kingdom,56,1,270,0,0,0,0,0,56,107.45,0.017857143,0,0,0,29.7,77.75,1.145194274,1.91875,56,1
15396,508.2,78,2,United Kingdom,314,1,270,0,0,0,0,0,314,508.2,0.003184713,0,0,0,508.2,0,9.8125,1.618471338,314,0
15397,94,3.333333333,6,United Kingdom,20,1,270,0,0,0,0,0,20,94,0.05,0,0,0,62.65,31.35,0.625,4.7,20,1
15400,932.2,23.1,20,United Kingdom,9,4,270,0,0,0,0,0,291,233.05,0.013745704,0,0,23.6,584.5,324.1,0.28125,103.5777778,1164,0
15401,216.95,6.642857143,14,United Kingdom,182,2,270,0,0,0,0,0,299,108.475,0.006688963,0,0,17.7,121.2,78.05,5.6875,1.192032967,598,1
15402,1189.87,14.7032967,91,United Kingdom,117,4,118,1,13.9,6.95,2,1,322,297.4675,0.01242236,0.011681948,0,15,808.97,365.9,3.65625,10.16982906,1288,0
15403,170.88,61.5,8,United Kingdom,222,2,270,0,0,0,0,0,461,85.44,0.004338395,0,0,0,150.48,20.4,6.9375,0.76972973,922,1
15404,257.06,20.875,16,United Kingdom,106,1,270,0,0,0,0,0,106,257.06,0.009433962,0,0,0,237.16,19.9,3.3125,2.42509434,106,1
15405,310.74,7.045454545,22,United Kingdom,306,1,270,0,0,0,0,0,306,310.74,0.003267974,0,0,0,187.9,122.84,9.5625,1.015490196,306,0
15406,717.45,3.776785714,112,United Kingdom,31,3,270,0,0,0,0,0,183,239.15,0.016393443,0,0,15.1,563.75,138.6,0.96875,23.14354839,549,1
15407,165,12,11,United Kingdom,35,1,270,0,0,0,0,0,35,165,0.028571429,0,0,0,165,0,1.09375,4.714285714,35,0
15409,117.2,4.5,12,United Kingdom,451,1,432,1,14.05,4.683333333,3,1.666666667,451,117.2,0.002217295,0.119880546,0,0,80.65,36.55,14.09375,0.259866962,451,1
15410,1234.88,17.55,40,United Kingdom,299,2,270,0,0,0,0,0,330,617.44,0.006060606,0,0,0,1072.58,162.3,9.34375,4.130033445,660,0
15413,6798.72,107.76,25,United Kingdom,422,5,270,0,0,0,0,0,469,1359.744,0.010660981,0,0,305.76,3896.18,2596.78,13.1875,16.1107109,2345,1
15415,559.61,11.72340426,47,United Kingdom,43,1,270,0,0,0,0,0,43,559.61,0.023255814,0,0,10.2,532.41,17,1.34375,13.01418605,43,1
15416,1963.74,10.62857143,105,United Kingdom,13,4,270,0,0,0,0,0,407,490.935,0.00982801,0,0,0,1324.29,639.45,0.40625,151.0569231,1628,0
15418,449.42,3.882352941,68,United Kingdom,155,2,270,0,0,0,0,0,317,224.71,0.006309148,0,0,0.85,396.97,51.6,4.84375,2.899483871,634,1
15420,743,15.07142857,56,United Kingdom,164,6,270,0,0,0,0,0,464,123.8333333,0.012931034,0,0,27.9,680.25,34.85,5.125,4.530487805,2784,1
15421,3150.04,5.738351254,279,United Kingdom,40,7,270,0,0,0,0,0,462,450.0057143,0.015151515,0,0,9.55,2580.61,559.88,1.25,78.751,3234,0
15422,1615.02,5.859504132,121,United Kingdom,53,7,301,1,4.95,4.95,1,1,401,230.7171429,0.017456359,0.003064978,0,0,1070.27,544.75,1.65625,30.47207547,2807,1
15423,175.64,6.133333333,15,United Kingdom,312,2,343,1,47.75,15.91666667,3,1.666666667,351,87.82,0.005698006,0.271862901,0,0,138.69,36.95,9.75,0.562948718,702,1
15424,214.44,19.9375,16,United Kingdom,193,1,270,0,0,0,0,0,193,214.44,0.005181347,0,0,22.8,161.64,30,6.03125,1.111088083,193,0
15425,1941.12,7.27972028,143,United Kingdom,130,4,270,0,0,0,0,0,394,485.28,0.010152284,0,0,56.8,1416.24,468.08,4.0625,14.93169231,1576,1
15426,1129.9,2.307359307,231,United Kingdom,99,5,98,1,4.95,4.95,1,1,316,225.98,0.015822785,0.004380919,0,26.05,891.6,212.25,3.09375,11.41313131,1580,0
15428,668.97,6.447368421,38,United Kingdom,117,3,270,0,0,0,0,0,452,222.99,0.006637168,0,0,42.9,289.59,336.48,2.392638037,5.717692308,1356,0
15430,903.75,7.341463415,41,United Kingdom,198,2,253,1,51,10.2,5,1.6,258,451.875,0.007751938,0.056431535,0,0,498.55,405.2,6.1875,4.564393939,516,1
15431,153.24,42,2,United Kingdom,233,1,270,0,0,0,0,0,233,153.24,0.004291845,0,0,0,153.24,0,7.28125,0.657682403,233,1
15432,130.07,3.125,8,United Kingdom,271,1,258,2,19.5,9.75,2,1,271,130.07,0.003690037,0.149919274,0,0,31.22,98.85,5.54192229,0.4799631,271,0
15434,1519.63,9.6875,80,United Kingdom,104,6,110,1,5.95,5.95,1,1,414,253.2716667,0.014492754,0.003915427,0,0,1305.78,213.85,3.25,14.61182692,2484,0
15437,193.29,8.166666667,12,United Kingdom,371,1,270,0,0,0,0,0,371,193.29,0.002695418,0,0,0,93.34,99.95,7.586912065,0.520997305,371,0
15439,1269.05,10.03508772,57,United Kingdom,135,4,270,0,0,0,0,0,384,317.2625,0.010416667,0,0,0,1162.95,106.1,4.21875,9.40037037,1536,1
15441,1254.21,10.29824561,57,United Kingdom,126,3,270,0,0,0,0,0,460,418.07,0.006521739,0,0,17.7,986.11,250.4,3.9375,9.954047619,1380,1
15443,2303.31,3.941176471,306,United Kingdom,50,8,354,1,35.04,17.52,2,18,373,287.91375,0.021447721,0.015212889,0,28.1,1750.53,524.68,1.5625,46.0662,2984,1
15445,171,6.666666667,9,United Kingdom,320,1,270,0,0,0,0,0,320,171,0.003125,0,0,17,80.85,73.15,10,0.534375,320,0
15446,390,2.330357143,112,United Kingdom,107,3,314,1,6.75,6.75,1,1,456,130,0.006578947,0.017307692,0,35.95,300.05,54,3.34375,3.644859813,1368,1
15447,484.93,7.566666667,30,United Kingdom,61,5,270,1,7.95,7.95,1,1,355,96.986,0.014084507,0.016394119,0,30.6,321.72,132.61,1.90625,7.949672131,1775,1
15448,788.81,9.93877551,49,United Kingdom,43,2,270,0,0,0,0,0,404,394.405,0.004950495,0,0,0,611.76,177.05,1.34375,18.3444186,808,1
15451,226.86,1.266666667,60,United Kingdom,164,2,270,0,0,0,0,0,329,113.43,0.006079027,0,0,22.06,106.8,98,5.125,1.383292683,658,1
15452,1256.63,5.643356643,143,United Kingdom,120,3,270,0,0,0,0,0,241,418.8766667,0.012448133,0,0,6.3,1031.58,218.75,3.75,10.47191667,723,0
15454,303.89,3.615384615,39,United Kingdom,92,2,270,0,0,0,0,0,348,151.945,0.005747126,0,0,5.1,216.15,82.64,2.875,3.303152174,696,1
15455,38.25,1.5,2,United Kingdom,328,1,270,0,0,0,0,0,328,38.25,0.00304878,0,0,0,0,38.25,6.707566462,0.116615854,328,1
15456,2091.52,12.01321586,227,United Kingdom,13,10,270,0,0,0,0,0,461,209.152,0.021691974,0,0,87.15,1699.03,305.34,0.40625,160.8861538,4610,1
15458,208.8,24,6,United Kingdom,132,1,270,0,0,0,0,0,132,208.8,0.007575758,0,0,0,178.8,30,4.125,1.581818182,132,1
15459,202.83,17.28571429,7,United Kingdom,147,2,270,0,0,0,0,0,227,101.415,0.008810573,0,0,0,190.08,12.75,4.59375,1.379795918,454,1
15460,214.26,1.910714286,56,United Kingdom,84,1,270,0,0,0,0,0,84,214.26,0.011904762,0,0,8.3,130.11,75.85,2.625,2.550714286,84,1
15461,391.3,45.2,5,United Kingdom,191,2,469,1,38.4,12.8,3,1.333333333,362,195.65,0.005524862,0.098134424,0,0,424.75,-33.45,5.96875,2.048691099,724,1
15462,502.45,10.76666667,30,United Kingdom,176,1,270,0,0,0,0,0,176,502.45,0.005681818,0,0,0,454.8,47.65,5.5,2.854829545,176,0
15464,1044.65,2.24516129,155,United Kingdom,68,1,270,0,0,0,0,0,68,1044.65,0.014705882,0,0,35.8,580.9,427.95,2.125,15.3625,68,1
15465,7485.54,9.25,200,United Kingdom,9,21,9,3,129.4,43.13333333,3,4,460,356.4542857,0.045652174,0.017286662,0,0,3490.32,3995.22,0.18404908,831.7266667,9660,0
15466,1225.93,3.390243902,205,United Kingdom,120,3,270,0,0,0,0,0,467,408.6433333,0.006423983,0,0,60.67,908.16,257.1,3.75,10.21608333,1401,1
15468,947.77,20.65,60,United Kingdom,123,1,91,2,15.2,3.8,4,1.5,123,947.77,0.008130081,0.016037646,0,0,786.67,161.1,3.84375,7.705447154,123,1
15469,329.9,6.5,20,United Kingdom,169,1,157,1,5.8,5.8,1,4,169,329.9,0.00591716,0.017581085,0,0,244.4,85.5,5.28125,1.952071006,169,0
15470,63.42,58,4,United Kingdom,306,1,270,0,0,0,0,0,306,63.42,0.003267974,0,0,0,63.42,0,9.5625,0.207254902,306,1
15471,837.53,5.048780488,82,United Kingdom,110,2,270,0,0,0,0,0,281,418.765,0.007117438,0,0,17.41,727.62,92.5,3.4375,7.613909091,562,1
15473,274.8,34.66666667,3,United Kingdom,175,1,270,0,0,0,0,0,175,274.8,0.005714286,0,0,0,274.8,0,5.46875,1.570285714,175,1
15474,150.35,2.894736842,19,United Kingdom,326,1,270,0,0,0,0,0,326,150.35,0.003067485,0,0,0,109.87,40.48,10.1875,0.461196319,326,1
15476,2180.28,14.6,80,United Kingdom,110,4,110,1,29.7,29.7,1,6,172,545.07,0.023255814,0.013622104,0,0,1774.48,405.8,3.4375,19.82072727,688,1
15477,368.4,108,2,United Kingdom,380,1,270,0,0,0,0,0,380,368.4,0.002631579,0,0,0,368.4,0,11.875,0.969473684,380,1
15478,541.06,11.69565217,23,United Kingdom,305,1,270,0,0,0,0,0,305,541.06,0.003278689,0,0,0.42,411.64,129,9.53125,1.773967213,305,1
15479,147.4,4.222222222,9,United Kingdom,463,1,270,0,0,0,0,0,463,147.4,0.002159827,0,0,12.6,86.4,48.4,14.46875,0.318358531,463,1
15480,2686.75,9.208333333,168,Malta,199,2,270,0,0,0,0,0,406,1343.375,0.004926108,0,0,63.3,1879.28,744.17,6.21875,13.50125628,812,0
15481,1993.34,38.15789474,38,Norway,131,1,270,0,0,0,0,0,131,1993.34,0.007633588,0,0,0,1611.14,382.2,4.09375,15.21633588,131,1
15482,4086.04,30.20689655,58,United Kingdom,89,9,270,0,0,0,0,0,467,454.0044444,0.019271949,0,0,0,3012.59,1073.45,2.78125,45.9105618,4203,0
15483,585.42,3.152173913,184,United Kingdom,115,6,270,0,0,0,0,0,414,97.57,0.014492754,0,0,14.63,524.19,46.6,3.59375,5.090608696,2484,0
15484,1061.69,17.43396226,53,United Kingdom,270,2,270,0,0,0,0,0,464,530.845,0.004310345,0,0,112,835.34,114.35,8.4375,3.932185185,928,1
15485,3367.55,14.51020408,98,United Kingdom,66,6,304,1,147,36.75,4,7,468,561.2583333,0.012820513,0.043651913,0,0,2485.8,881.75,2.0625,51.02348485,2808,1
15486,102,40,1,United Kingdom,257,1,270,0,0,0,0,0,257,102,0.003891051,0,0,0,102,0,8.03125,0.39688716,257,1
15487,231.32,10.28571429,14,United Kingdom,410,1,270,0,0,0,0,0,410,231.32,0.002439024,0,0,0,192.42,38.9,12.8125,0.564195122,410,1
15488,340.6,19.77777778,9,United Kingdom,187,4,270,0,0,0,0,0,313,85.15,0.012779553,0,0,76.5,264.1,0,5.84375,1.821390374,1252,1
15489,1237.33,9.294117647,68,United Kingdom,131,5,144,3,48,12,4,6,423,247.466,0.011820331,0.038793208,0,17.7,788.98,430.65,4.09375,9.445267176,2115,0
15490,181.35,2.769230769,26,United Kingdom,160,1,160,1,29.5,29.5,1,10,160,181.35,0.00625,0.162668872,0,0,130.15,51.2,5,1.1334375,160,1
15493,2661.94,1.987654321,405,United Kingdom,1,5,0,1,12.75,12.75,1,1,385,532.388,0.012987013,0.00478974,0,118.75,1155.38,1387.81,0.020449898,2661.94,1925,0
15494,2422.02,7.776422764,246,United Kingdom,208,3,270,0,0,0,0,0,459,807.34,0.006535948,0,0,125.9,2055.48,240.64,6.5,11.64432692,1377,0
15495,246.5,9.7,20,United Kingdom,109,1,270,0,0,0,0,0,109,246.5,0.009174312,0,0,0,226.6,19.9,3.40625,2.26146789,109,1
15496,146.14,4.454545455,22,United Kingdom,361,1,270,0,0,0,0,0,361,146.14,0.002770083,0,0,0,115.99,30.15,11.28125,0.404819945,361,1
15497,8351.86,24.03389831,118,United Kingdom,50,8,43,2,13.93,6.965,2,2.5,451,1043.9825,0.017738359,0.001667892,0,0,4639.94,3711.92,1.5625,167.0372,3608,1
15498,16142.07,13.453125,640,United Kingdom,7,24,452,1,169.95,56.65,3,8.333333333,453,672.58625,0.052980132,0.010528389,0,108.35,10128.72,5905,0.21875,2306.01,10872,0
15499,158.65,1.43902439,41,United Kingdom,454,1,270,0,0,0,0,0,454,158.65,0.002202643,0,0,45.9,54.35,58.4,9.284253579,0.349449339,454,1
15501,399.95,2.971014493,69,United Kingdom,135,2,270,0,0,0,0,0,146,199.975,0.01369863,0,0,6.6,276.75,116.6,4.21875,2.962592593,292,1
15502,4747.78,14,221,United Kingdom,6,6,0,7,511.62,24.36285714,21,4.047619048,285,791.2966667,0.021052632,0.107759837,0,50.5,3420.72,1276.56,0.1875,791.2966667,1710,0
15503,257.3,1.111111111,117,United Kingdom,93,2,270,0,0,0,0,0,457,128.65,0.004376368,0,0,11.9,189.25,56.15,2.90625,2.766666667,914,1
15504,328.67,2.039215686,51,United Kingdom,251,3,375,1,9.95,9.95,1,1,396,109.5566667,0.007575758,0.030273527,0,15.75,175.48,137.44,7.84375,1.309442231,1188,1
15506,1058.25,7.098214286,112,United Kingdom,112,3,270,0,0,0,0,0,208,352.75,0.014423077,0,0,6.3,878.14,173.81,3.5,9.448660714,624,0
15509,152.41,2.230769231,26,United Kingdom,110,1,270,0,0,0,0,0,110,152.41,0.009090909,0,0,2.55,63.36,86.5,2.249488753,1.385545455,110,1
15510,250,2,1,United Kingdom,61,1,270,0,0,0,0,0,61,250,0.016393443,0,0,0,0,250,1.247443763,4.098360656,61,1
15512,311.78,7.193548387,31,United Kingdom,90,3,270,0,0,0,0,0,406,103.9266667,0.007389163,0,0,33.45,230.18,48.15,2.8125,3.464222222,1218,0
15513,15494.8,19.19195046,323,United Kingdom,4,23,35,4,392.39,56.05571429,7,27.85714286,425,673.6869565,0.054117647,0.02532398,0,26.4,9075.85,6392.55,0.125,3873.7,9775,0
15514,3365.03,10.06037736,265,United Kingdom,11,12,94,2,1116.27,36.00870968,31,10.87096774,465,280.4191667,0.025806452,0.331726612,0,143.35,2989.63,232.05,0.34375,305.9118182,5580,0
15515,171.81,18.71428571,7,United Kingdom,117,1,270,0,0,0,0,0,117,171.81,0.008547009,0,0,0,158.31,13.5,3.65625,1.468461538,117,1
15518,2788.14,6.234527687,307,United Kingdom,49,10,62,5,99.25,19.85,5,9.4,450,278.814,0.022222222,0.035597208,0,0,2234.49,553.65,1.53125,56.90081633,4500,0
15519,344.61,3.135135135,37,United Kingdom,113,2,270,0,0,0,0,0,176,172.305,0.011363636,0,0,0,308.91,35.7,3.53125,3.049646018,352,1
15521,4080.74,12.16438356,219,United Kingdom,130,8,179,3,6.7,2.233333333,3,1.333333333,434,510.0925,0.01843318,0.001641859,0,5.9,2605.52,1469.32,4.0625,31.39030769,3472,0
15523,16707.23,73.7047619,210,United Kingdom,118,15,358,2,139.95,17.49375,8,2.875,467,1113.815333,0.032119914,0.008376613,0,10.35,10489.04,6207.84,3.6875,141.5866949,7005,1
15524,151.4,3,8,United Kingdom,337,1,270,0,0,0,0,0,337,151.4,0.002967359,0,0,0,15,136.4,6.891615542,0.44925816,337,0
15525,430.78,3.513888889,72,United Kingdom,103,2,270,0,0,0,0,0,113,215.39,0.017699115,0,0,0,343.38,87.4,3.21875,4.182330097,226,1
15527,3334.66,6.056338028,213,United Kingdom,46,17,181,6,371.15,18.5575,20,5.4,454,196.1564706,0.037444934,0.111300702,-15.9,46.4,2135.91,1168.25,1.4375,72.4926087,7718,0
15529,1770.61,6.050583658,257,United Kingdom,6,5,270,0,0,0,0,0,124,354.122,0.040322581,0,0,46.98,1586.83,136.8,0.1875,295.1016667,620,0
15530,311.37,11.14285714,35,United Kingdom,243,1,270,0,0,0,0,0,243,311.37,0.004115226,0,0,0,251.97,59.4,7.59375,1.281358025,243,0
15532,2516.17,2.1937046,413,United Kingdom,88,7,270,0,0,0,0,0,279,359.4528571,0.025089606,0,0,128.25,1333.88,1054.04,2.75,28.59284091,1953,0
15534,162.25,7.875,8,United Kingdom,456,1,270,0,0,0,0,0,456,162.25,0.002192982,0,0,0,103.5,58.75,14.25,0.355811404,456,1
15535,711.26,2.536082474,97,United Kingdom,58,4,58,4,89.25,22.3125,4,3.75,179,177.815,0.022346369,0.12548154,0,45.15,324.01,342.1,1.18609407,12.26310345,716,0
15536,259.09,15.125,16,United Kingdom,139,1,270,0,0,0,0,0,139,259.09,0.007194245,0,0,0,259.09,0,4.34375,1.863956835,139,1
15538,3036.1,30.90625,32,United Kingdom,268,6,319,5,322.3,17.90555556,18,1.5,394,506.0166667,0.015228426,0.106155924,0,0,2140.9,895.2,8.375,11.32873134,2364,1
15540,247.38,15.25,16,United Kingdom,106,1,270,0,0,0,0,0,106,247.38,0.009433962,0,0,0,247.38,0,3.3125,2.333773585,106,1
15542,833.16,1.75877193,228,United Kingdom,242,3,242,1,22.55,11.275,2,8.5,468,277.72,0.006410256,0.02706563,0,83.68,503.24,246.24,7.5625,3.442809917,1404,1
15543,242.26,2.982142857,56,United Kingdom,18,2,270,0,0,0,0,0,190,121.13,0.010526316,0,0,3.34,188.82,50.1,0.5625,13.45888889,380,1
15544,5436.19,12.80555556,360,United Kingdom,18,14,244,4,24.11,6.0275,4,2.25,410,388.2992857,0.034146341,0.004435091,0,141.55,5193.54,101.1,0.5625,302.0105556,5740,0
15545,135.33,2.419354839,31,United Kingdom,101,1,270,0,0,0,0,0,101,135.33,0.00990099,0,0,5.1,95.88,34.35,3.15625,1.33990099,101,1
15546,539.55,5.5,18,United Kingdom,337,2,337,1,539.55,89.925,6,16.5,337,269.775,0.005934718,1,0,0,0,539.55,6.891615542,1.601038576,674,1
15547,6773.59,5.311435523,822,United Kingdom,2,17,418,2,13.5,6.75,2,1,463,398.4464706,0.036717063,0.001993035,0,228.41,4820.13,1725.05,0.0625,3386.795,7871,0
15548,158.09,2.782608696,23,United Kingdom,326,1,270,0,0,0,0,0,326,158.09,0.003067485,0,0,0,93.79,64.3,10.1875,0.48493865,326,1
15549,1545.5,5.796296296,108,United Kingdom,46,6,45,1,37.5,37.5,1,10,427,257.5833333,0.014051522,0.024263992,0,9.45,1039.86,496.19,1.4375,33.59782609,2562,0
15550,1550.12,4.931216931,189,United Kingdom,32,9,109,2,223.2,74.4,3,2.666666667,466,172.2355556,0.019313305,0.143988852,0,164.15,1110.73,275.24,1,48.44125,4194,0
15551,1192.95,4.913793103,116,United Kingdom,124,6,148,2,50.8,25.4,2,4,280,198.825,0.021428571,0.042583511,0,62.7,800.05,330.2,3.875,9.620564516,1680,1
15552,162.4,8.153846154,13,United Kingdom,353,1,270,0,0,0,0,0,353,162.4,0.002832861,0,0,47.15,91.75,23.5,11.03125,0.460056657,353,0
15554,217.2,5.285714286,14,United Kingdom,8,1,270,0,0,0,0,0,8,217.2,0.125,0,0,0,130.4,86.8,0.25,27.15,8,1
15555,7104.08,5.436739659,822,United Kingdom,92,23,92,7,326.4,12.55384615,26,10.69230769,464,308.8730435,0.049568966,0.045945429,0,423.17,4890.99,1789.92,2.875,77.21826087,10672,0
15558,131.88,2.041666667,24,United Kingdom,369,1,369,1,70.8,70.8,1,24,369,131.88,0.002710027,0.536851683,0,0,53.98,77.9,7.54601227,0.357398374,369,1
15559,1109.4,8.483870968,62,United Kingdom,298,1,270,0,0,0,0,0,298,1109.4,0.003355705,0,0,0,841.6,267.8,9.3125,3.722818792,298,1
15560,153.52,7.2,10,United Kingdom,128,2,270,0,0,0,0,0,128,76.76,0.015625,0,0,0,123.52,30,4,1.199375,256,1
15561,1133.8,16.41538462,65,United Kingdom,114,4,270,0,0,0,0,0,394,283.45,0.010152284,0,0,0,825,308.8,3.5625,9.945614035,1576,0
15562,671.43,16.96969697,33,United Kingdom,82,3,270,0,0,0,0,0,456,223.81,0.006578947,0,0,154.04,291.99,225.4,2.5625,8.188170732,1368,1
15563,1724.17,10.82035928,167,United Kingdom,89,4,235,1,5.04,5.04,1,12,411,431.0425,0.00973236,0.002923146,0,56,1485.12,183.05,2.78125,19.37269663,1644,0
15564,70.74,10.5,4,United Kingdom,193,2,270,0,0,0,0,0,406,35.37,0.004926108,0,0,0,35.04,35.7,3.946830266,0.366528497,812,1
15566,227.87,12.75,12,United Kingdom,123,2,270,0,0,0,0,0,454,113.935,0.004405286,0,0,0,227.87,0,3.84375,1.852601626,908,1
15569,2496.24,10.77586207,116,United Kingdom,62,6,270,0,0,0,0,0,380,416.04,0.015789474,0,0,5.95,2176.94,313.35,1.9375,40.26193548,2280,0
15570,6491.01,4.693739425,591,United Kingdom,14,19,32,2,64.05,8.00625,8,1.25,351,341.6321053,0.054131054,0.009867494,0,96.8,4228.41,2165.8,0.4375,463.6435714,6669,0
15571,3241.92,3.953959484,543,United Kingdom,116,10,270,0,0,0,0,0,464,324.192,0.021551724,0,0,90.55,2394.68,756.69,3.625,27.94758621,4640,1
15572,1877.69,6.380116959,171,United Kingdom,8,5,270,0,0,0,0,0,334,375.538,0.01497006,0,0,48.45,1238.19,591.05,0.25,234.71125,1670,0
15573,597.23,3.640350877,114,United Kingdom,348,3,270,0,0,0,0,0,459,199.0766667,0.006535948,0,0,72.75,346.78,177.7,10.875,1.716178161,1377,1
15574,947.34,2.720720721,222,United Kingdom,89,5,148,1,42,42,1,100,194,189.468,0.025773196,0.044334663,0,28.82,653.17,265.35,2.78125,10.64426966,970,0
15575,30.1,2,3,United Kingdom,350,1,270,0,0,0,0,0,350,30.1,0.002857143,0,0,0,20.8,9.3,10.9375,0.086,350,1
15577,166.8,1.583333333,24,United Kingdom,35,3,270,0,0,0,0,0,456,55.6,0.006578947,0,0,0,58.65,108.15,0.715746421,4.765714286,1368,0
15579,1083.13,4.049295775,142,United Kingdom,44,4,113,2,35.25,8.8125,4,19,162,270.7825,0.024691358,0.03254457,0,53.33,651.65,378.15,1.375,24.61659091,648,1
15580,1216.15,3.551181102,254,United Kingdom,107,8,107,6,159.24,5.491034483,29,1.827586207,401,152.01875,0.019950125,0.130937796,0,13.05,955.7,247.4,3.34375,11.36588785,3208,1
15581,4048.03,4.481946625,637,United Kingdom,5,29,257,3,155.1,3.976923077,39,1.564102564,468,139.5872414,0.061965812,0.038314933,0,186.7,2895.66,965.67,0.15625,809.606,13572,0
15583,95.96,1.435897436,39,United Kingdom,106,1,270,0,0,0,0,0,106,95.96,0.009433962,0,0,0,87.46,8.5,3.3125,0.905283019,106,1
15584,547.34,1.734693878,98,United Kingdom,130,2,270,0,0,0,0,0,401,273.67,0.004987531,0,0,38.9,280.67,227.77,4.0625,4.210307692,802,0
15586,1128.66,33.38461538,39,United Kingdom,323,3,321,1,10.44,10.44,1,36,431,376.22,0.006960557,0.009249907,0,15.3,1113.36,0,10.09375,3.494303406,1293,1
15587,953.28,42,8,United Kingdom,82,4,270,0,0,0,0,0,222,238.32,0.018018018,0,0,0,953.28,0,2.5625,11.62536585,888,0
15588,579.6,24,4,United Kingdom,408,1,270,0,0,0,0,0,408,579.6,0.00245098,0,0,0,0,579.6,8.343558282,1.420588235,408,1
15589,184.95,10.41666667,12,United Kingdom,41,1,270,0,0,0,0,0,41,184.95,0.024390244,0,0,0,170.1,14.85,1.28125,4.51097561,41,0
15590,1496.6,9.563218391,87,United Kingdom,112,5,270,0,0,0,0,0,337,299.32,0.014836795,0,0,0,1297.1,199.5,3.5,13.3625,1685,1
15591,217.9,8.285714286,7,United Kingdom,313,3,270,0,0,0,0,0,404,72.63333333,0.007425743,0,0,0,146.4,71.5,9.78125,0.696166134,1212,1
15595,357.6,36,4,United Kingdom,218,1,270,0,0,0,0,0,218,357.6,0.004587156,0,0,0,134.4,223.2,4.45807771,1.640366972,218,1
15596,2328.98,7.486111111,144,United Kingdom,12,7,5,5,72.65,10.37857143,7,2.714285714,230,332.7114286,0.030434783,0.031193913,0,0,1671.38,657.6,0.375,194.0816667,1610,0
15597,238.8,7.6,15,United Kingdom,305,1,270,0,0,0,0,0,305,238.8,0.003278689,0,0,0,199.15,39.65,9.53125,0.78295082,305,1
15598,307.34,11.09090909,22,United Kingdom,158,1,270,0,0,0,0,0,158,307.34,0.006329114,0,0,0,297.39,9.95,4.9375,1.945189873,158,1
15599,488.32,12.25806452,31,United Kingdom,176,1,270,0,0,0,0,0,176,488.32,0.005681818,0,0,0,456.52,31.8,5.5,2.774545455,176,0
15600,1178.71,8.797297297,74,United Kingdom,158,4,229,1,20.6,6.866666667,3,2,324,294.6775,0.012345679,0.017476733,0,0,912.78,265.93,4.9375,7.460189873,1296,1
15601,11188.48,13.17133956,642,United Kingdom,26,23,24,4,16.9,2.816666667,6,1.333333333,468,486.4556522,0.049145299,0.001510482,0,133.4,8838.78,2216.3,0.8125,430.3261538,10764,0
15602,2021.79,12.63,100,United Kingdom,42,11,32,7,223.05,24.78333333,9,17,468,183.7990909,0.023504274,0.110323031,0,11.64,1483.25,526.9,1.3125,48.13785714,5148,0
15603,26.25,7,3,United Kingdom,378,1,364,1,13.75,13.75,1,11,378,26.25,0.002645503,0.523809524,0,0,26.25,0,11.8125,0.069444444,378,1
15605,917.92,6.384615385,52,United Kingdom,20,6,351,1,3.4,3.4,1,4,424,152.9866667,0.014150943,0.003704026,0,11.7,517.84,388.38,0.625,45.896,2544,0
15606,3505.5,10.26923077,104,United Kingdom,9,12,270,0,0,0,0,0,377,292.125,0.031830239,0,0,162.75,2083,1259.75,0.28125,389.5,4524,0
15607,1616.37,12.73684211,114,United Kingdom,67,9,349,3,92.6,18.52,5,3.6,431,179.5966667,0.020881671,0.057288863,0,76.5,1068.22,471.65,2.09375,24.12492537,3879,1
15608,692.3,12.17777778,45,United Kingdom,146,1,270,0,0,0,0,0,146,692.3,0.006849315,0,0,0,632.65,59.65,4.5625,4.741780822,146,0
15611,1478.08,4.032258065,62,United Kingdom,11,15,5,5,131.75,26.35,5,4.2,413,98.53866667,0.036319613,0.089135906,0,0,381.45,1096.63,0.224948875,134.3709091,6195,0
15613,433.72,25.92592593,27,United Kingdom,340,1,270,0,0,0,0,0,340,433.72,0.002941176,0,0,0,393.82,39.9,10.625,1.275647059,340,1
15614,3008.86,18.89411765,85,United Kingdom,168,4,158,3,138.5,34.625,4,6.5,357,752.215,0.011204482,0.046030723,0,0,2359.96,648.9,5.25,17.90988095,1428,1
15615,13357.13,13.58571429,560,United Kingdom,28,29,194,3,52.2,7.457142857,7,2.857142857,467,460.5906897,0.062098501,0.003908025,0,17.4,11896.56,1443.17,0.875,477.0403571,13543,0
15616,317.11,10.53846154,13,United Kingdom,168,1,270,0,0,0,0,0,168,317.11,0.005952381,0,0,30,109.26,177.85,3.435582822,1.887559524,168,1
15617,828.55,11.54761905,42,United Kingdom,126,3,270,0,0,0,0,0,237,276.1833333,0.012658228,0,0,0,590.05,238.5,3.9375,6.575793651,711,1
15620,810.02,11.49206349,63,United Kingdom,88,2,130,1,3.65,1.216666667,3,1.666666667,140,405.01,0.014285714,0.004506062,0,9.35,724.17,76.5,2.75,9.204772727,280,0
15622,4651.1,9.385714286,280,United Kingdom,12,9,5,7,67.95,6.795,10,1.1,376,516.7888889,0.02393617,0.014609447,0,0,3628.41,1022.69,0.375,387.5916667,3384,0
15623,2136.02,10.80898876,89,United Kingdom,124,7,270,0,0,0,0,0,459,305.1457143,0.015250545,0,0,65.1,1186.36,884.56,3.875,17.22596774,3213,0
15625,1698.69,16.76146789,109,United Kingdom,107,5,201,1,3.45,1.725,2,2.5,272,339.738,0.018382353,0.002030977,0,0,1698.69,0,3.34375,15.87560748,1360,0
15626,655.45,12.81132075,53,United Kingdom,60,2,140,1,18.15,9.075,2,2.5,151,327.725,0.013245033,0.027690899,0,0,555.85,99.6,1.875,10.92416667,302,1
15627,566.9,14.33333333,24,United Kingdom,187,2,270,0,0,0,0,0,253,283.45,0.007905138,0,0,11.8,555.1,0,5.84375,3.031550802,506,1
15628,2737.72,11.46706587,167,United Kingdom,97,9,129,3,44.3,11.075,4,2.5,456,304.1911111,0.019736842,0.016181348,0,38.25,2295.23,404.24,3.03125,28.22391753,4104,0
15629,2240.9,19.71428571,77,United Kingdom,180,4,270,0,0,0,0,0,263,560.225,0.015209125,0,0,50.4,1774.04,416.46,5.625,12.44944444,1052,1
15630,295.05,9.35,20,United Kingdom,374,1,270,0,0,0,0,0,374,295.05,0.002673797,0,0,12.6,228.9,53.55,11.6875,0.788903743,374,0
15631,596.67,13.46153846,39,United Kingdom,372,1,270,0,0,0,0,0,372,596.67,0.002688172,0,0,15,524.17,57.5,11.625,1.603951613,372,1
15632,394.63,11.80769231,26,United Kingdom,5,1,270,0,0,0,0,0,5,394.63,0.2,0,0,12.6,334.33,47.7,0.15625,78.926,5,0
15633,4156.91,10.94565217,184,United Kingdom,239,13,277,5,179.05,22.38125,8,4.25,461,319.7623077,0.028199566,0.043072859,0,17.64,3402.22,737.05,7.46875,17.39292887,5993,1
15634,311.1,6.736842105,19,United Kingdom,113,1,270,0,0,0,0,0,113,311.1,0.008849558,0,0,0,251.4,59.7,3.53125,2.753097345,113,1
15635,100.35,2.5,2,United Kingdom,126,1,270,0,0,0,0,0,126,100.35,0.007936508,0,0,0,0,100.35,2.576687117,0.796428571,126,1
15636,1026.52,8.95,40,United Kingdom,12,3,270,0,0,0,0,0,300,342.1733333,0.01,0,0,0,688.59,337.93,0.375,85.54333333,900,1
15637,574.23,20.11538462,26,United Kingdom,144,4,270,0,0,0,0,0,454,143.5575,0.008810573,0,0,0,461.93,112.3,4.5,3.987708333,1816,1
15638,2137.2,37.17241379,29,United Kingdom,109,6,31,3,128,32,4,14,340,356.2,0.017647059,0.059891447,0,0,1632,505.2,3.40625,19.60733945,2040,1
15639,603.01,10.82978723,47,United Kingdom,182,2,180,2,36.75,12.25,3,5.666666667,335,301.505,0.005970149,0.060944263,0,0,466.2,136.81,5.6875,3.313241758,670,0
15640,15259.23,18.51325301,415,United Kingdom,29,19,29,4,62.55,6.255,10,2.1,455,803.1173684,0.041758242,0.004099158,0,0,10579.48,4679.75,0.90625,526.1803448,8645,0
15641,4220.51,14.51028807,243,United Kingdom,12,10,270,0,0,0,0,0,463,422.051,0.021598272,0,0,316.11,3368.15,536.25,0.375,351.7091667,4630,0
15642,105.78,45,6,United Kingdom,460,1,270,0,0,0,0,0,460,105.78,0.002173913,0,0,0,105.78,0,14.375,0.229956522,460,1
15643,337.1,7.652173913,23,United Kingdom,12,1,270,0,0,0,0,0,12,337.1,0.083333333,0,0,0,191.95,145.15,0.375,28.09166667,12,0
15645,430.56,7.882352941,17,United Kingdom,144,2,133,1,12.6,12.6,1,6,155,215.28,0.012903226,0.029264214,0,0,396.61,33.95,4.5,2.99,310,1
15646,526.97,13.14,50,United Kingdom,102,3,270,0,0,0,0,0,140,175.6566667,0.021428571,0,0,0,477.27,49.7,3.1875,5.166372549,420,0
15647,169,11.27272727,11,United Kingdom,145,1,270,0,0,0,0,0,145,169,0.006896552,0,0,0,169,0,4.53125,1.165517241,145,1
15649,1660.35,33.18181818,11,United Kingdom,66,4,270,0,0,0,0,0,117,415.0875,0.034188034,0,0,0,1234.2,426.15,2.0625,25.15681818,468,1
15650,539.03,5.594594595,37,United Kingdom,252,2,245,1,14.85,14.85,1,3,359,269.515,0.005571031,0.027549487,0,0,304.62,234.41,7.875,2.139007937,718,1
15651,612.76,14,28,United Kingdom,150,2,270,0,0,0,0,0,326,306.38,0.006134969,0,0,0,510.76,102,4.6875,4.085066667,652,0
15652,1059.7,5.451219512,82,United Kingdom,117,4,130,1,8.5,8.5,1,2,215,264.925,0.018604651,0.008021138,0,7.65,525.65,526.4,2.392638037,9.057264957,860,0
15656,242.95,5.933333333,15,United Kingdom,14,1,270,0,0,0,0,0,14,242.95,0.071428571,0,0,0,178.85,64.1,0.4375,17.35357143,14,0
15658,1552.603369,5.193548387,93,United Kingdom,40,5,31,4,131.88,9.42,14,1.928571429,467,310.5206738,0.010706638,0.084941204,0,0,903.3,649.303369,1.25,38.81508422,2335,0
15659,226.04,5,10,United Kingdom,117,2,270,0,0,0,0,0,383,113.02,0.005221932,0,0,0,38.1,187.94,2.392638037,1.931965812,766,0
15660,1367.13,11.8875,80,United Kingdom,13,8,270,0,0,0,0,0,402,170.89125,0.019900498,0,0,0,1272.5,94.63,0.40625,105.1638462,3216,0
15661,1215.95,17.70454545,44,United Kingdom,47,8,270,0,0,0,0,0,309,151.99375,0.025889968,0,0,17.7,1011.05,187.2,1.46875,25.8712766,2472,1
15662,283.73,12.08333333,12,United Kingdom,391,2,270,0,0,0,0,0,468,141.865,0.004273504,0,0,0,168.13,115.6,12.21875,0.725652174,936,1
15664,813.1,6.345454545,55,United Kingdom,179,3,89,2,32,10.66666667,3,6,380,271.0333333,0.007894737,0.039355553,0,15.3,779.95,17.85,5.59375,4.542458101,1140,1
15665,1764.86,6.567251462,171,United Kingdom,141,3,270,0,0,0,0,0,365,588.2866667,0.008219178,0,0,0,1542.16,222.7,4.40625,12.51673759,1095,0
15666,632.94,7,67,United Kingdom,202,2,270,0,0,0,0,0,225,316.47,0.008888889,0,0,2.28,531.36,99.3,6.3125,3.133366337,450,1
15670,315.2,6.2,20,United Kingdom,27,2,277,1,10,10,1,8,286,157.6,0.006993007,0.031725888,0,0,163.1,152.1,0.84375,11.67407407,572,1
15671,356.19,10.14285714,21,United Kingdom,1,1,270,0,0,0,0,0,1,356.19,1,0,0,0,338.34,17.85,0.03125,356.19,1,0
15672,45.3,3.333333333,3,United Kingdom,455,1,270,0,0,0,0,0,455,45.3,0.002197802,0,0,0,32.55,12.75,14.21875,0.09956044,455,1
15673,4353.4,12.78947368,171,United Kingdom,57,6,377,1,4.95,4.95,1,1,385,725.5666667,0.015584416,0.001137042,0,69.25,3112.5,1171.65,1.78125,76.3754386,2310,0
15674,4473.83,9.912133891,239,United Kingdom,148,8,217,2,27.8,13.9,2,2,461,559.22875,0.017353579,0.006213915,0,145.5,3162.23,1166.1,4.625,30.22858108,3688,0
15675,263.35,7.823529412,17,United Kingdom,10,2,270,0,0,0,0,0,134,131.675,0.014925373,0,0,0,183.7,79.65,0.3125,26.335,268,0
15676,897.8,9.098360656,61,United Kingdom,14,1,270,0,0,0,0,0,14,897.8,0.071428571,0,0,11.7,714.5,171.6,0.4375,64.12857143,14,1
15677,648.4,9.128205128,39,United Kingdom,151,2,270,0,0,0,0,0,194,324.2,0.010309278,0,0,0,455.4,193,4.71875,4.294039735,388,1
15678,1473.24,10.475,80,United Kingdom,125,2,270,0,0,0,0,0,253,736.62,0.007905138,0,0,0,1261.66,211.58,3.90625,11.78592,506,1
15680,3130.8,11.11578947,190,United Kingdom,96,8,452,2,43.1,21.55,2,5,468,391.35,0.017094017,0.013766449,0,15,2752.6,363.2,3,32.6125,3744,1
15681,1879.52,15.58490566,53,United Kingdom,10,10,167,1,29.7,29.7,1,6,294,187.952,0.034013605,0.015801907,0,0,972.4,907.12,0.3125,187.952,2940,0
15682,316.99,8.5,26,United Kingdom,329,2,411,1,1.25,1.25,1,1,417,158.495,0.004796163,0.003943342,0,12.6,265.99,38.4,10.28125,0.963495441,834,1
15683,330.79,12.5625,16,United Kingdom,204,1,270,0,0,0,0,0,204,330.79,0.004901961,0,0,0,310.89,19.9,6.375,1.621519608,204,0
15684,147.8,5.142857143,14,United Kingdom,277,3,424,3,26.15,8.716666667,3,1.666666667,465,49.26666667,0.006451613,0.176928281,0,0,96.45,51.35,8.65625,0.533574007,1395,1
15685,55.98,2.117647059,17,United Kingdom,180,1,270,0,0,0,0,0,180,55.98,0.005555556,0,0,0,38.98,17,5.625,0.311,180,1
15686,90,72,1,United Kingdom,150,1,270,0,0,0,0,0,150,90,0.006666667,0,0,0,90,0,4.6875,0.6,150,1
15687,1022.6,6.412698413,63,United Kingdom,19,3,22,1,9.95,9.95,1,1,60,340.8666667,0.05,0.0097301,0,12.6,644.4,365.6,0.59375,53.82105263,180,0
15688,190.57,3.518518519,27,United Kingdom,149,1,270,0,0,0,0,0,149,190.57,0.006711409,0,0,0,154.42,36.15,4.65625,1.278993289,149,1
15689,370.43,8.523809524,21,United Kingdom,92,2,270,0,0,0,0,0,348,185.215,0.005747126,0,0,0,261.48,108.95,2.875,4.026413043,696,0
15691,375,10,13,United Kingdom,125,3,463,1,59.5,59.5,1,10,463,125,0.006479482,0.158666667,0,35.4,195.9,143.7,3.90625,3,1389,0
15693,37.5,30,1,United Kingdom,389,1,270,0,0,0,0,0,389,37.5,0.002570694,0,0,0,37.5,0,12.15625,0.096401028,389,1
15694,4484.85,11.02105263,95,United Kingdom,61,13,42,5,244.35,30.54375,8,5.375,462,344.9884615,0.028138528,0.054483428,0,0,1879.95,2604.9,1.247443763,73.52213115,6006,0
15695,721.06,7.351351351,37,United Kingdom,328,2,270,0,0,0,0,0,412,360.53,0.004854369,0,0,0,481.26,239.8,10.25,2.198353659,824,0
15696,2112.57,6.496183206,131,United Kingdom,8,9,152,4,57.1,5.71,10,1,414,234.73,0.02173913,0.02702869,0,29.75,1480.07,602.75,0.25,264.07125,3726,0
15697,246.75,9.071428571,14,United Kingdom,420,1,270,0,0,0,0,0,420,246.75,0.002380952,0,0,0,172.2,74.55,13.125,0.5875,420,1
15698,46.2,30,2,United Kingdom,354,1,270,0,0,0,0,0,354,46.2,0.002824859,0,0,0,46.2,0,11.0625,0.130508475,354,1
15702,112.57,3.517241379,29,Nigeria,206,1,270,0,0,0,0,0,206,112.57,0.004854369,0,0,0,80.77,31.8,6.4375,0.546456311,206,1
15704,1370.24,7.465909091,88,United Kingdom,232,2,224,1,70.8,70.8,1,24,313,685.12,0.006389776,0.05166978,0,0,914.25,455.99,7.25,5.906206897,626,0
15708,2145.04,3.962790698,215,United Kingdom,16,6,100,2,20.22,5.055,4,1.25,156,357.5066667,0.038461538,0.009426398,0,32.45,1498.09,614.5,0.5,134.065,936,0
15709,327.85,6.259259259,27,United Kingdom,14,2,270,0,0,0,0,0,319,163.925,0.006269592,0,0,18.4,188.15,121.3,0.4375,23.41785714,638,1
15710,898.87,5.827272727,110,United Kingdom,147,1,270,0,0,0,0,0,147,898.87,0.006802721,0,0,10.05,766.72,122.1,4.59375,6.114761905,147,1
15711,420.25,7.96,25,United Kingdom,287,2,270,0,0,0,0,0,415,210.125,0.004819277,0,0,9.9,277.85,132.5,8.96875,1.464285714,830,1
15712,2694.9,6.810606061,132,United Kingdom,18,8,157,1,4.95,4.95,1,1,469,336.8625,0.017057569,0.001836803,0,0,1854.8,840.1,0.5625,149.7166667,3752,0
15713,629.29,8.090909091,44,United Kingdom,96,3,91,2,24.8,12.4,2,2,454,209.7633333,0.00660793,0.039409493,0,16.5,401.09,211.7,3,6.555104167,1362,0
15714,453.93,12.5,14,United Kingdom,183,3,270,0,0,0,0,0,286,151.31,0.01048951,0,0,0,329.78,124.15,5.71875,2.480491803,858,1
15715,658.02,6.473684211,38,United Kingdom,286,5,270,0,0,0,0,0,350,131.604,0.014285714,0,0,0,467.9,190.12,8.9375,2.300769231,1750,1
15716,1911.03,5.190243902,205,United Kingdom,100,8,270,0,0,0,0,0,463,238.87875,0.017278618,0,0,22.45,1568.36,320.22,3.125,19.1103,3704,0
15717,456.7,9.058823529,17,United Kingdom,151,4,270,0,0,0,0,0,323,114.175,0.012383901,0,0,17,374.4,65.3,4.71875,3.024503311,1292,0
15718,293.79,5.277777778,18,United Kingdom,270,1,270,0,0,0,0,0,270,293.79,0.003703704,0,0,0,125.33,168.46,5.521472393,1.088111111,270,1
15719,6131.5,2.97338403,1052,United Kingdom,12,21,144,7,75.45,6.859090909,11,1.090909091,469,291.9761905,0.044776119,0.012305309,0,52.25,4667.73,1411.52,0.375,510.9583333,9849,0
15720,140.49,1.84,25,United Kingdom,280,1,270,0,0,0,0,0,280,140.49,0.003571429,0,0,0,62.1,78.39,5.72597137,0.50175,280,0
15722,3262.04,10.1119403,134,United Kingdom,21,7,175,3,84.8,7.066666667,12,1.083333333,370,466.0057143,0.018918919,0.025996003,0,577.85,1787.04,897.15,0.65625,155.3352381,2590,0
15723,930.7,3.471544715,123,United Kingdom,95,4,270,0,0,0,0,0,304,232.675,0.013157895,0,0,14.6,697.28,218.82,2.96875,9.796842105,1216,1
15724,185.2,5.142857143,14,United Kingdom,15,2,5,2,11.05,3.683333333,3,1,131,92.6,0.015267176,0.059665227,0,0,143.6,41.6,0.46875,12.34666667,262,0
15726,321.91,5.347826087,23,United Kingdom,120,1,270,0,0,0,0,0,120,321.91,0.008333333,0,0,27.54,92.52,201.85,2.45398773,2.682583333,120,1
15727,6284.35,7.578838174,482,United Kingdom,61,10,270,0,0,0,0,0,415,628.435,0.024096386,0,0,206.83,4030.28,2047.24,1.90625,103.0221311,4150,0
15728,544.6,11,12,United Kingdom,110,2,270,0,0,0,0,0,174,272.3,0.011494253,0,0,0,544.6,0,3.4375,4.950909091,348,1
15729,92.7,2.285714286,7,United Kingdom,130,2,124,1,14.85,14.85,1,3,133,46.35,0.015037594,0.160194175,0,0,74.85,17.85,4.0625,0.713076923,266,0
15730,599.8,8.80952381,42,United Kingdom,112,2,110,1,5.9,5.9,1,2,161,299.9,0.01242236,0.009836612,0,0,465.45,134.35,3.5,5.355357143,322,0
15731,125.3,15.25,8,United Kingdom,284,1,270,0,0,0,0,0,284,125.3,0.003521127,0,0,0,125.3,0,8.875,0.441197183,284,1
15732,1343.4,12.22580645,93,United Kingdom,102,9,236,2,44.55,14.85,3,3,404,149.2666667,0.022277228,0.033162126,0,15,1259.55,68.85,3.1875,13.17058824,3636,0
15733,162.3,6.2,10,United Kingdom,13,1,270,0,0,0,0,0,13,162.3,0.076923077,0,0,0,100.5,61.8,0.40625,12.48461538,13,1
15734,923.85,10,17,United Kingdom,167,2,270,0,0,0,0,0,277,461.925,0.007220217,0,0,35.4,491.45,397,5.21875,5.532035928,554,0
15735,327.68,10.84210526,19,United Kingdom,151,1,270,0,0,0,0,0,151,327.68,0.006622517,0,0,0,293.78,33.9,4.71875,2.170066225,151,1
15736,1668.67,11.6407767,103,United Kingdom,165,2,160,1,98.45,32.81666667,3,3,165,834.335,0.012121212,0.058999083,0,17.7,1350.22,300.75,5.15625,10.11315152,330,1
15738,9879.94,18.87234043,376,United Kingdom,0,30,4,4,27.9,6.975,4,5,459,329.3313333,0.065359477,0.002823904,0,0,9754.74,125.2,0,9879.94,13770,0
15741,208.62,5.833333333,12,United Kingdom,188,2,270,0,0,0,0,0,349,104.31,0.005730659,0,0,17.7,129.32,61.6,5.875,1.109680851,698,1
15742,156.87,1.243902439,41,United Kingdom,349,1,270,0,0,0,0,0,349,156.87,0.00286533,0,0,8,75.52,73.35,10.90625,0.449484241,349,1
15747,1551.22,6.905511811,127,United Kingdom,106,6,140,1,1.95,1.95,1,1,421,258.5366667,0.014251781,0.001257075,0,24.45,1455.67,71.1,3.3125,14.63415094,2526,0
15748,465.45,13.1875,16,United Kingdom,179,2,270,0,0,0,0,0,179,232.725,0.011173184,0,0,0,448,17.45,5.59375,2.60027933,358,1
15749,22998.4,1802.8,5,United Kingdom,62,2,270,0,0,0,0,0,62,11499.2,0.032258065,0,0,0,18475.9,4522.5,1.9375,370.9419355,124,0
15750,4510.47,7.307692308,416,United Kingdom,13,13,95,6,90.39,6.456428571,14,1.5,468,346.9592308,0.027777778,0.02004004,0,89.24,3568.1,853.13,0.40625,346.9592308,6084,0
15751,1318.84,3.26119403,134,United Kingdom,191,11,191,3,61.6,15.4,4,1.5,463,119.8945455,0.023758099,0.046707713,0,162.25,516.59,640,3.90593047,6.904921466,5093,1
15752,1937.21,4.461267606,284,United Kingdom,7,4,270,0,0,0,0,0,188,484.3025,0.021276596,0,0,51.56,1639.15,246.5,0.21875,276.7442857,752,0
15753,79.2,144,1,United Kingdom,35,1,270,0,0,0,0,0,35,79.2,0.028571429,0,0,0,79.2,0,1.09375,2.262857143,35,1
15754,2546.19,14.69811321,106,United Kingdom,224,6,224,2,32.85,10.95,3,1.666666667,385,424.365,0.015584416,0.012901629,0,30,1921.84,594.35,7,11.36691964,2310,0
15755,3932.75,11.11111111,252,United Kingdom,25,12,337,1,10.8,3.6,3,1.666666667,466,327.7291667,0.025751073,0.00274617,0,359.3,3148.7,424.75,0.78125,157.31,5592,0
15757,2225.94,8.554054054,148,United Kingdom,117,4,270,0,0,0,0,0,277,556.485,0.014440433,0,0,12.6,1490.54,722.8,3.65625,19.02512821,1108,0
15759,742.98,26.84210526,19,United Kingdom,27,6,179,3,19.95,6.65,3,1.666666667,468,123.83,0.012820513,0.026851328,0,0,233.13,509.85,0.552147239,27.51777778,2808,0
15761,143.05,6.2,5,United Kingdom,173,1,270,0,0,0,0,0,173,143.05,0.005780347,0,0,0,37.95,105.1,3.537832311,0.826878613,173,1
15764,2328.74,11.63076923,130,United Kingdom,7,3,174,2,15.3,7.65,2,3,208,776.2466667,0.014423077,0.006570077,0,0,1852.84,475.9,0.21875,332.6771429,624,0
15765,370.63,13.4,25,United Kingdom,397,1,270,0,0,0,0,0,397,370.63,0.002518892,0,0,0,298.38,72.25,12.40625,0.933576826,397,1
15766,484.6,9.411764706,17,United Kingdom,186,2,174,1,31.4,15.7,2,2,412,242.3,0.004854369,0.064795708,0,0,167.8,316.8,3.803680982,2.605376344,824,0
15768,14685.43,3.355029586,1183,United Kingdom,206,31,454,1,1.63,0.815,2,1,467,473.7235484,0.066381156,0.000110994,0,269.73,5510.65,8905.05,4.212678937,71.28849515,14477,0
15769,45476.28,209.312,125,United Kingdom,6,27,270,0,0,0,0,0,459,1684.306667,0.058823529,0,0,0,44180.88,1295.4,0.1875,7579.38,12393,0
15770,321.45,3.722222222,18,United Kingdom,343,1,270,0,0,0,0,0,343,321.45,0.002915452,0,0,0,146.55,174.9,7.014314928,0.937172012,343,1
15771,1006.54,18.28571429,28,United Kingdom,334,3,270,0,0,0,0,0,424,335.5133333,0.007075472,0,0,22.5,875.04,109,10.4375,3.013592814,1272,1
15772,280.88,6.875,16,United Kingdom,148,1,270,0,0,0,0,0,148,280.88,0.006756757,0,0,0,149.58,131.3,4.625,1.897837838,148,1
15773,138.84,2.675675676,37,United Kingdom,139,1,270,0,0,0,0,0,139,138.84,0.007194245,0,0,2.1,115.89,20.85,4.34375,0.998848921,139,1
15774,1016.29,4.488095238,84,United Kingdom,148,5,270,0,0,0,0,0,386,203.258,0.012953368,0,0,36.14,624.65,355.5,4.625,6.866824324,1930,1
15775,45.6,96,2,United Kingdom,362,1,270,0,0,0,0,0,362,45.6,0.002762431,0,0,0,45.6,0,11.3125,0.125966851,362,0
15777,1438.2,17.25925926,27,United Kingdom,48,6,88,2,30.45,15.225,2,2,299,239.7,0.02006689,0.021172299,0,0,1255.2,183,1.5,29.9625,1794,0
15778,307.95,5.941176471,17,United Kingdom,161,1,270,0,0,0,0,0,161,307.95,0.00621118,0,0,0,212.25,95.7,5.03125,1.912732919,161,1
15779,124.08,2.5,8,United Kingdom,193,2,270,0,0,0,0,0,262,62.04,0.007633588,0,0,0,35.55,88.53,3.946830266,0.642901554,524,1
15780,177.15,5.416666667,12,United Kingdom,88,1,270,0,0,0,0,0,88,177.15,0.011363636,0,0,0,98.85,78.3,2.75,2.013068182,88,0
15781,83.35,5.8,5,United Kingdom,36,1,270,0,0,0,0,0,36,83.35,0.027777778,0,0,0,34.8,48.55,0.736196319,2.315277778,36,0
15782,1391.71,51.52631579,19,United Kingdom,160,1,452,1,7.65,7.65,1,1,160,1391.71,0.00625,0.005496835,0,0,1236.66,155.05,5,8.6981875,160,1
15784,848.33,8.860465116,43,United Kingdom,198,2,270,0,0,0,0,0,402,424.165,0.004975124,0,0,0,572.78,275.55,6.1875,4.284494949,804,1
15785,4450.16,18.22580645,186,United Kingdom,25,12,104,7,119.38,7.958666667,15,2.266666667,454,370.8466667,0.026431718,0.026826002,0,0,3533.31,916.85,0.78125,178.0064,5448,0
15786,3558.65,12.68316832,202,United Kingdom,148,2,140,2,23.97,7.99,3,18.33333333,267,1779.325,0.007490637,0.0067357,0,0,2929.2,629.45,4.625,24.04493243,534,0
15788,215.53,7.466666667,15,United Kingdom,239,1,231,1,6.3,6.3,1,3,239,215.53,0.0041841,0.02923027,0,0,136.05,79.48,7.46875,0.901799163,239,1
15789,1932.01,17.67857143,140,United Kingdom,88,6,349,1,30,15,2,12,354,322.0016667,0.016949153,0.01552787,0,10,1712.03,209.98,2.75,21.95465909,2124,1
15791,1937.35,11.72115385,104,United Kingdom,260,3,236,3,58.3,4.858333333,12,1.666666667,372,645.7833333,0.008064516,0.030092652,0,57.9,1813.9,65.55,8.125,7.451346154,1116,0
15792,933.84,10.63157895,57,United Kingdom,130,2,270,0,0,0,0,0,349,466.92,0.005730659,0,0,0,844.44,89.4,4.0625,7.183384615,698,1
15793,1433.96,62.88888889,18,United Kingdom,109,5,270,0,0,0,0,0,468,286.792,0.010683761,0,0,0,1398.26,35.7,3.40625,13.15559633,2340,0
15794,777,19.2,15,United Kingdom,466,2,270,0,0,0,0,0,467,388.5,0.004282655,0,0,0,487.8,289.2,14.5625,1.667381974,934,1
15795,1369.86,9.325842697,89,United Kingdom,160,7,270,0,0,0,0,0,421,195.6942857,0.016627078,0,0,10.2,1149.46,210.2,5,8.561625,2947,0
15796,2702.64,5.291891892,185,United Kingdom,32,10,32,4,104.3,20.86,5,3.6,348,270.264,0.028735632,0.038591895,0,11.6,1764.86,926.18,1,84.4575,3480,0
15797,2108.88,104,9,United Kingdom,35,3,270,0,0,0,0,0,411,702.96,0.00729927,0,0,0,1700.88,408,1.09375,60.25371429,1233,0
15798,1535.37,11.02409639,83,United Kingdom,223,3,270,0,0,0,0,0,412,511.79,0.007281553,0,0,34.7,1285.64,215.03,6.96875,6.885067265,1236,1
15799,857.42,7.269230769,78,United Kingdom,64,2,270,0,0,0,0,0,148,428.71,0.013513514,0,0,0,606.12,251.3,2,13.3971875,296,0
15800,530.18,2.113043478,115,United Kingdom,183,5,270,0,0,0,0,0,348,106.036,0.014367816,0,0,23.6,267.33,239.25,5.71875,2.89715847,1740,0
15803,1513.84,17.20930233,43,United Kingdom,175,3,270,0,0,0,0,0,406,504.6133333,0.007389163,0,0,0,983.34,530.5,5.46875,8.650514286,1218,1
15805,5181.31,11.22147651,298,United Kingdom,19,15,284,7,404,19.23809524,21,3.238095238,459,345.4206667,0.032679739,0.077972559,0,0,4471.96,709.35,0.59375,272.7005263,6885,0
15806,300.36,17.125,16,United Kingdom,7,1,270,0,0,0,0,0,7,300.36,0.142857143,0,0,0,221.16,79.2,0.21875,42.90857143,7,0
15807,903.67,26.85365854,41,United Kingdom,138,2,284,1,9.95,9.95,1,1,396,451.835,0.005050505,0.011010657,0,0,824.52,79.15,4.3125,6.548333333,792,1
15808,17038.95,8.546378653,787,United Kingdom,36,21,91,3,141.3,9.42,15,1.8,468,811.3785714,0.044871795,0.008292765,0,129.32,12006.24,4903.39,1.125,473.3041667,9828,1
15809,662.47,13.78378378,37,United Kingdom,33,3,185,1,295,295,1,1,265,220.8233333,0.011320755,0.445303184,0,0,484.32,178.15,1.03125,20.07484848,795,0
15810,1956.69,9.560747664,107,United Kingdom,27,5,424,2,27.69,6.9225,4,4.75,403,391.338,0.012406948,0.01415145,0,0,1924.89,31.8,0.84375,72.47,2015,0
15811,2042.46,5.089473684,190,United Kingdom,28,4,7,1,28.8,14.4,2,2,118,510.615,0.033898305,0.014100643,0,141,1312.61,588.85,0.875,72.945,472,0
15812,3629.83,29.5862069,87,United Kingdom,48,8,273,1,15.3,15.3,1,18,454,453.72875,0.017621145,0.004215073,0,13.4,3484.28,132.15,1.5,75.62145833,3632,0
15814,689.11,17.57692308,26,United Kingdom,123,2,270,0,0,0,0,0,333,344.555,0.006006006,0,0,0,619.96,69.15,3.84375,5.602520325,666,1
15816,93.3,4.25,12,United Kingdom,272,2,272,1,50.85,50.85,1,3,272,46.65,0.007352941,0.545016077,0,0,93.3,0,8.5,0.343014706,544,1
15817,2766.4,10.5,152,United Kingdom,151,3,270,0,0,0,0,0,273,922.1333333,0.010989011,0,0,80.4,2080.15,605.85,4.71875,18.3205298,819,1
15818,340.5,25.81818182,11,United Kingdom,318,1,270,0,0,0,0,0,318,340.5,0.003144654,0,0,12.6,318,9.9,9.9375,1.070754717,318,1
15819,2645.47,11.41758242,182,United Kingdom,7,7,349,1,23.51,5.8775,4,3.75,362,377.9242857,0.019337017,0.00888689,0,47.9,2486.87,110.7,0.21875,377.9242857,2534,0
15820,206.98,7.529411765,17,United Kingdom,50,1,270,0,0,0,0,0,50,206.98,0.02,0,0,7.8,188.28,10.9,1.5625,4.1396,50,1
15822,1352.44,13.46296296,54,United Kingdom,89,5,355,2,42.35,7.058333333,6,1.333333333,463,270.488,0.010799136,0.031313774,0,0,1120.59,231.85,2.78125,15.19595506,2315,1
15823,3047.76,8.645348837,172,United Kingdom,459,2,67,3,819.41,45.52277778,18,15.88888889,461,1523.88,0.004338395,0.268856472,0,35.4,2472.01,540.35,14.34375,6.64,922,1
15824,890.94,18.38461538,26,United Kingdom,183,2,270,0,0,0,0,0,262,445.47,0.007633588,0,0,0,632.94,258,5.71875,4.86852459,524,1
15826,933.77,16.32692308,52,United Kingdom,298,1,294,1,10.2,10.2,1,12,298,933.77,0.003355705,0.010923461,0,0,667.01,266.76,9.3125,3.133456376,298,0
15827,2261.33,6.432748538,171,United Kingdom,11,21,7,11,240,10.43478261,23,2.130434783,431,107.682381,0.048723898,0.106132232,0,0,1252.43,1008.9,0.34375,205.5754545,9051,0
15828,1108.82,4.959459459,74,United Kingdom,105,1,270,0,0,0,0,0,105,1108.82,0.00952381,0,0,0,499.87,608.95,2.147239264,10.56019048,105,1
15831,255.94,16.66666667,18,United Kingdom,54,1,54,1,54,54,1,8,54,255.94,0.018518519,0.21098695,0,0,262.54,-6.6,1.6875,4.73962963,54,0
15833,80.4,4.8,5,United Kingdom,468,1,270,0,0,0,0,0,468,80.4,0.002136752,0,0,0,80.4,0,14.625,0.171794872,468,1
15834,2785.66,4.682835821,268,United Kingdom,7,5,102,1,23.85,11.925,2,1.5,154,557.132,0.032467532,0.008561705,0,10.34,1694.02,1081.3,0.21875,397.9514286,770,0
15835,301.11,10.33333333,15,United Kingdom,61,1,270,0,0,0,0,0,61,301.11,0.016393443,0,0,0,210.46,90.65,1.90625,4.936229508,61,0
15837,385.03,7.714285714,28,United Kingdom,216,1,270,0,0,0,0,0,216,385.03,0.00462963,0,0,0,271.98,113.05,6.75,1.782546296,216,1
15838,43608.09,491.278481,79,United Kingdom,5,18,102,3,466.57,155.5233333,3,3159.666667,455,2422.671667,0.03956044,0.010699162,0,0,43618.04,-9.95,0.15625,8721.618,8190,0
15841,1839,29.81132075,53,United Kingdom,69,6,242,1,10.95,10.95,1,1,460,306.5,0.013043478,0.005954323,0,62.52,1464.48,312,2.15625,26.65217391,2760,0
15842,528.75,10.28571429,28,United Kingdom,123,2,118,1,20.05,6.683333333,3,2.666666667,258,264.375,0.007751938,0.037919622,0,0,352.65,176.1,3.84375,4.298780488,516,1
15843,118.95,3.375,8,United Kingdom,34,1,270,0,0,0,0,0,34,118.95,0.029411765,0,0,0,62.85,56.1,1.0625,3.498529412,34,1
15845,1855.36,8.623529412,85,United Kingdom,18,5,314,1,91.73,10.19222222,9,3.888888889,412,371.072,0.012135922,0.04944054,0,65.5,1320.02,469.84,0.5625,103.0755556,2060,0
15846,107.01,2.724137931,29,United Kingdom,115,1,270,0,0,0,0,0,115,107.01,0.008695652,0,0,0,95.76,11.25,3.59375,0.930521739,115,1
15847,613.98,15.48571429,35,United Kingdom,18,4,270,0,0,0,0,0,372,153.495,0.010752688,0,0,6.25,474.48,133.25,0.5625,34.11,1488,1
15848,137.99,1.323529412,34,United Kingdom,352,1,270,0,0,0,0,0,352,137.99,0.002840909,0,0,21.6,69.94,46.45,11,0.392017045,352,1
15850,771.87,4.752293578,218,United Kingdom,107,4,270,0,0,0,0,0,456,192.9675,0.00877193,0,0,18.85,634.57,118.45,3.34375,7.213738318,1824,0
15851,109.73,8.375,8,United Kingdom,257,1,270,0,0,0,0,0,257,109.73,0.003891051,0,0,0,103.78,5.95,8.03125,0.426964981,257,1
15852,96.55,1.090909091,11,United Kingdom,257,1,270,0,0,0,0,0,257,96.55,0.003891051,0,0,0,9.35,87.2,5.255623722,0.375680934,257,0
15854,3356.46,6.664335664,143,United Kingdom,41,12,270,0,0,0,0,0,460,279.705,0.026086957,0,0,5,2931.06,420.4,1.28125,81.86487805,5520,0
15855,340.48,16.13333333,15,United Kingdom,206,1,270,0,0,0,0,0,206,340.48,0.004854369,0,0,0,330.58,9.9,6.4375,1.652815534,206,0
15856,20273.82,19.41923775,551,United Kingdom,31,29,81,3,218.7,54.675,4,10.5,466,699.0972414,0.06223176,0.010787311,0,140.2,16967.72,3165.9,0.96875,653.9941935,13514,0
15857,273.48,27.6,10,United Kingdom,160,1,270,0,0,0,0,0,160,273.48,0.00625,0,0,0,213.78,59.7,5,1.70925,160,1
15858,2898.56,6.47008547,351,United Kingdom,19,10,263,2,42.5,21.25,2,3,460,289.856,0.02173913,0.014662453,-17,6.35,2069.99,839.22,0.59375,152.5557895,4600,1
15859,438.46,7.909090909,22,United Kingdom,162,1,270,0,0,0,0,0,162,438.46,0.00617284,0,0,0,197.46,241,3.312883436,2.70654321,162,1
15860,1496.3,4.096330275,218,United Kingdom,99,10,270,0,0,0,0,0,464,149.63,0.021551724,0,0,21.84,978.11,496.35,3.09375,15.11414141,4640,0
15861,1195.18,5.151394422,251,United Kingdom,186,4,186,2,18.8,3.76,5,2.4,410,298.795,0.009756098,0.015729848,0,48.3,1074.99,71.89,5.8125,6.425698925,1640,0
15862,2028.49,2.552058111,413,United Kingdom,104,10,270,0,0,0,0,0,453,202.849,0.022075055,0,0,107.4,1262.56,658.53,3.25,19.50471154,4530,0
15863,286.26,2.423728814,59,United Kingdom,347,3,270,0,0,0,0,0,453,95.42,0.006622517,0,0,26.65,201.91,57.7,10.84375,0.824956772,1359,0
15864,472.96,33.33333333,12,United Kingdom,46,2,42,1,13.9,4.633333333,3,1.333333333,111,236.48,0.018018018,0.029389378,0,0,374.51,98.45,1.4375,10.28173913,222,0
15865,1346.29,8.988372093,86,United Kingdom,143,2,270,0,0,0,0,0,433,673.145,0.004618938,0,0,78.08,852.26,415.95,4.46875,9.414615385,866,0
15867,6060.89,4.847457627,708,United Kingdom,26,22,178,3,74.25,10.60714286,7,2.142857143,455,275.495,0.048351648,0.012250676,0,165.62,3027.24,2868.03,0.8125,233.1111538,10010,0
15868,94.53,14.25,4,United Kingdom,313,1,270,0,0,0,0,0,313,94.53,0.003194888,0,0,0,94.53,0,9.78125,0.30201278,313,1
15869,321.11,8.029411765,34,United Kingdom,7,3,270,0,0,0,0,0,356,107.0366667,0.008426966,0,0,7.25,263.86,50,0.21875,45.87285714,1068,1
15870,506.02,2.47826087,69,United Kingdom,127,3,270,0,0,0,0,0,176,168.6733333,0.017045455,0,0,12.6,197.27,296.15,2.597137014,3.984409449,528,0
15871,33.1,1,5,United Kingdom,167,1,270,0,0,0,0,0,167,33.1,0.005988024,0,0,0,1.25,31.85,3.415132924,0.198203593,167,1
15872,413,3.5,80,United Kingdom,109,2,270,0,0,0,0,0,280,206.5,0.007142857,0,0,0,309.55,103.45,3.40625,3.788990826,560,1
15873,138.24,64,9,United Kingdom,230,4,223,1,175.68,58.56,3,192,231,34.56,0.017316017,1.270833333,0,0,138.24,0,7.1875,0.601043478,924,1
15874,7388.68,10.92436975,238,United Kingdom,14,15,123,2,74.55,6.777272727,11,1.818181818,431,492.5786667,0.034802784,0.010089759,0,103,4016.68,3269,0.4375,527.7628571,6465,0
15875,108.52,3.217391304,23,United Kingdom,376,1,270,0,0,0,0,0,376,108.52,0.002659574,0,0,13.15,91.62,3.75,11.75,0.288617021,376,1
15876,1449.14,80.54545455,11,United Kingdom,139,2,270,0,0,0,0,0,178,724.57,0.011235955,0,0,0,1266.24,182.9,4.34375,10.42546763,356,1
15878,330.77,4.764705882,51,United Kingdom,292,2,270,0,0,0,0,0,464,165.385,0.004310345,0,0,8.05,195.87,126.85,9.125,1.132773973,928,1
15879,1137.8,3.569832402,179,United Kingdom,134,4,270,0,0,0,0,0,452,284.45,0.008849558,0,0,51.82,568.25,517.73,4.1875,8.491044776,1808,1
15880,299.03,1.835051546,97,United Kingdom,99,1,99,1,30,30,1,24,99,299.03,0.01010101,0.100324382,0,5.03,236.75,57.25,3.09375,3.020505051,99,1
15881,438.24,6.21875,32,United Kingdom,42,5,42,3,63.15,21.05,3,20.33333333,94,87.648,0.053191489,0.144099124,0,0,379.34,58.9,1.3125,10.43428571,470,1
15882,951.27,9.679245283,53,United Kingdom,98,6,98,2,26.07,13.035,2,6.5,459,158.545,0.013071895,0.027405468,0,57.68,690.14,203.45,3.0625,9.706836735,2754,0
15884,244.6,10.85714286,14,United Kingdom,162,2,270,0,0,0,0,0,466,122.3,0.004291845,0,0,18.7,191.9,34,5.0625,1.509876543,932,1
15885,1358.22,4.673076923,104,United Kingdom,114,12,144,5,214.25,30.60714286,7,3.571428571,418,113.185,0.028708134,0.157743223,0,5.9,482.53,869.79,2.331288344,11.91421053,5016,0
15886,871.78,10.4,50,United Kingdom,147,3,270,0,0,0,0,0,328,290.5933333,0.009146341,0,0,109.55,415.33,346.9,4.59375,5.93047619,984,1
15887,1027.15,16.35135135,37,United Kingdom,137,3,270,0,0,0,0,0,286,342.3833333,0.01048951,0,0,26.7,921.3,79.15,4.28125,7.497445255,858,1
15888,260.85,2.333333333,27,United Kingdom,131,2,270,0,0,0,0,0,257,130.425,0.007782101,0,0,19.3,44.55,197,2.678936605,1.991221374,514,0
15889,1264.5,2.629090909,275,United Kingdom,99,7,335,1,10.45,5.225,2,3.5,460,180.6428571,0.015217391,0.008264136,0,68.97,836.82,358.71,3.09375,12.77272727,3220,0
15890,535.65,11.9,10,United Kingdom,125,5,270,0,0,0,0,0,335,107.13,0.014925373,0,0,0,223.25,312.4,2.556237219,4.2852,1675,1
15892,128.2,1.210526316,38,United Kingdom,399,1,270,0,0,0,0,0,399,128.2,0.002506266,0,0,0,85.35,42.85,12.46875,0.321303258,399,1
15893,305.28,288,1,United Kingdom,212,1,270,0,0,0,0,0,212,305.28,0.004716981,0,0,0,305.28,0,6.625,1.44,212,1
15894,150.79,3.333333333,33,United Kingdom,99,1,270,0,0,0,0,0,99,150.79,0.01010101,0,0,2.55,105.64,42.6,3.09375,1.523131313,99,0
15898,4067.76,2.998336106,601,United Kingdom,97,22,152,3,57.75,11.55,5,3,458,184.8981818,0.048034934,0.014197003,0,92.9,2321.86,1653,3.03125,41.9356701,10076,0
15899,56.25,9.75,4,United Kingdom,99,1,270,0,0,0,0,0,99,56.25,0.01010101,0,0,0,43.5,12.75,3.09375,0.568181818,99,1
15900,539.39,5.475,80,United Kingdom,144,3,144,1,9.9,9.9,1,2,293,179.7966667,0.010238908,0.018354067,0,1.25,494.89,43.25,4.5,3.745763889,879,1
15901,318.14,6.156862745,51,United Kingdom,181,3,270,0,0,0,0,0,274,106.0466667,0.010948905,0,0,49.59,246.65,21.9,5.65625,1.757679558,822,0
15902,145.01,6.888888889,18,United Kingdom,110,1,270,0,0,0,0,0,110,145.01,0.009090909,0,0,11.8,116.21,17,3.4375,1.318272727,110,1
15903,3894.34,31,61,United Kingdom,25,6,7,3,80.02,26.67333333,3,3,425,649.0566667,0.014117647,0.020547769,0,0,3934.14,-39.8,0.78125,155.7736,2550,0
15905,114.69,3.727272727,22,United Kingdom,273,1,270,0,0,0,0,0,273,114.69,0.003663004,0,0,18.1,64.14,32.45,8.53125,0.42010989,273,1
15906,920.65,3.740740741,54,United Kingdom,104,3,125,1,41.85,13.95,3,1,181,306.8833333,0.016574586,0.045457014,0,0,339,581.65,2.126789366,8.852403846,543,0
15908,758.62,4.325,40,United Kingdom,221,2,270,0,0,0,0,0,242,379.31,0.008264463,0,0,12.6,143.87,602.15,4.519427403,3.432669683,484,1
15910,1743.19,3.19212963,432,United Kingdom,19,9,270,0,0,0,0,0,418,193.6877778,0.0215311,0,0,22.35,1465.5,255.34,0.59375,91.74684211,3762,0
15911,1683.79,3.0625,256,United Kingdom,354,8,270,0,0,0,0,0,460,210.47375,0.017391304,0,0,48.65,1287.04,348.1,11.0625,4.756468927,3680,1
15912,810.08,7.552631579,76,United Kingdom,166,7,270,0,0,0,0,0,459,115.7257143,0.015250545,0,0,99.57,414.28,296.23,5.1875,4.88,3213,0
15913,6.3,3,1,United Kingdom,264,1,270,0,0,0,0,0,264,6.3,0.003787879,0,0,0,6.3,0,8.25,0.023863636,264,1
15914,205.99,11.46153846,13,United Kingdom,108,2,270,0,0,0,0,0,108,102.995,0.018518519,0,0,0,139.54,66.45,3.375,1.907314815,216,1
15915,364.24,3.6875,112,United Kingdom,132,1,270,0,0,0,0,0,132,364.24,0.007575758,0,0,5.9,300.9,57.44,4.125,2.759393939,132,1
15916,2104.79,5.293838863,211,United Kingdom,60,8,97,3,112.65,11.265,10,1.5,459,263.09875,0.017429194,0.053520779,0,151.89,1111.95,840.95,1.875,35.07983333,3672,0
15917,407.07,1.584615385,130,United Kingdom,336,4,270,0,0,0,0,0,467,101.7675,0.00856531,0,0,41.37,261.65,104.05,10.5,1.211517857,1868,0
15918,390.65,3.558139535,43,United Kingdom,1,2,270,0,0,0,0,0,362,195.325,0.005524862,0,0,37,262.25,91.4,0.03125,390.65,724,0
15919,214.08,4.487179487,39,United Kingdom,99,1,270,0,0,0,0,0,99,214.08,0.01010101,0,0,1.95,125.23,86.9,3.09375,2.162424242,99,1
15920,401.64,2.957446809,47,United Kingdom,154,5,270,0,0,0,0,0,455,80.328,0.010989011,0,0,67.5,140.74,193.4,3.149284254,2.608051948,2275,0
15921,442.58,3.226415094,53,United Kingdom,127,3,270,0,0,0,0,0,371,147.5266667,0.008086253,0,0,12.6,160.78,269.2,2.597137014,3.48488189,1113,0
15922,363.6,11.33333333,12,United Kingdom,103,1,102,1,5.9,5.9,1,2,103,363.6,0.009708738,0.016226623,0,0,282.3,81.3,3.21875,3.530097087,103,1
15923,127.08,5.80952381,21,United Kingdom,103,1,270,0,0,0,0,0,103,127.08,0.009708738,0,0,0,96.48,30.6,3.21875,1.233786408,103,1
15924,102.82,6.866666667,15,United Kingdom,461,1,270,0,0,0,0,0,461,102.82,0.002169197,0,0,5.85,54.12,42.85,14.40625,0.223036876,461,1
15926,134.44,22.14285714,7,United Kingdom,272,1,270,0,0,0,0,0,272,134.44,0.003676471,0,0,0,134.44,0,8.5,0.494264706,272,1
15927,106.54,4.4,15,United Kingdom,377,1,270,0,0,0,0,0,377,106.54,0.00265252,0,0,0,82.19,24.35,11.78125,0.282599469,377,1
15928,293.53,14.90909091,11,United Kingdom,386,1,270,0,0,0,0,0,386,293.53,0.002590674,0,0,0,140.53,153,7.893660532,0.760440415,386,1
15929,594,120,1,United Kingdom,374,1,270,0,0,0,0,0,374,594,0.002673797,0,0,0,594,0,11.6875,1.588235294,374,1
15931,239.9,8.428571429,14,United Kingdom,158,1,270,0,0,0,0,0,158,239.9,0.006329114,0,0,0,158.7,81.2,4.9375,1.51835443,158,1
15932,310.08,9.882352941,17,United Kingdom,19,1,12,1,7.65,7.65,1,1,19,310.08,0.052631579,0.024671053,0,0,225.93,84.15,0.59375,16.32,19,0
15934,2190.66,74.68965517,29,United Kingdom,148,2,270,0,0,0,0,0,160,1095.33,0.0125,0,0,54.24,1732.92,403.5,4.625,14.80175676,320,1
15936,282.79,11.10526316,19,United Kingdom,109,2,270,0,0,0,0,0,198,141.395,0.01010101,0,0,0,241.39,41.4,3.40625,2.59440367,396,1
15938,405.13,9.269230769,26,United Kingdom,54,5,270,0,0,0,0,0,287,81.026,0.017421603,0,0,0,353.23,51.9,1.6875,7.502407407,1435,0
15939,4788.53,24.49056604,106,United Kingdom,5,5,52,1,12.75,12.75,1,3,105,957.706,0.047619048,0.002662613,0,14.75,4259.23,514.55,0.15625,957.706,525,0
15940,4,0,2,United Kingdom,41,1,139,1,31.8,31.8,1,4,41,4,0.024390244,7.95,0,0,0,4,0.838445808,0.097560976,41,1
15941,230.6,2.8,10,United Kingdom,367,1,243,1,174.4,43.6,4,8,367,230.6,0.002724796,0.756287944,0,0,0,230.6,7.505112474,0.628337875,367,1
15943,271.29,15.25,12,United Kingdom,380,2,270,0,0,0,0,0,408,135.645,0.004901961,0,0,0,243.39,27.9,11.875,0.713921053,816,1
15944,2164.24,22.60526316,38,United Kingdom,7,4,270,0,0,0,0,0,456,541.06,0.00877193,0,0,0,1581.34,582.9,0.21875,309.1771429,1824,1
15945,646.27,12.32142857,28,United Kingdom,95,4,270,0,0,0,0,0,468,161.5675,0.008547009,0,0,33.24,125.18,487.85,1.942740286,6.802842105,1872,1
15946,2304.18,62.07692308,26,United Kingdom,233,3,270,0,0,0,0,0,364,768.06,0.008241758,0,0,0,1856.78,447.4,7.28125,9.889184549,1092,1
15948,553.85,8.142857143,35,United Kingdom,155,1,270,0,0,0,0,0,155,553.85,0.006451613,0,0,20.1,515.9,17.85,4.84375,3.573225806,155,1
15950,5623.07,8.327217125,327,United Kingdom,90,7,285,2,181.95,90.975,2,23.5,413,803.2957143,0.016949153,0.032357769,0,8.85,5039.42,574.8,2.8125,62.47855556,2891,1
15951,680.12,7.025,40,United Kingdom,16,2,270,0,0,0,0,0,111,340.06,0.018018018,0,0,0,511.57,168.55,0.5,42.5075,222,1
15953,2296.28,10.56074766,107,United Kingdom,13,13,62,2,138.9,46.3,3,32.66666667,466,176.6369231,0.027896996,0.060489139,0,2.1,1855.28,438.9,0.40625,176.6369231,6058,0
15954,187.8,6.210526316,19,United Kingdom,319,1,270,0,0,0,0,0,319,187.8,0.003134796,0,0,0,187.8,0,9.96875,0.588714734,319,1
15955,4232.8,11.33333333,183,United Kingdom,103,9,158,1,9.3,2.325,4,1,384,470.3111111,0.0234375,0.002197127,0,35.4,3327.05,870.35,3.21875,41.09514563,3456,0
15956,617.6,15.44444444,18,United Kingdom,281,2,270,0,0,0,0,0,457,308.8,0.004376368,0,0,80.4,537.2,0,8.78125,2.197864769,914,1
15957,492.36,2.326923077,104,United Kingdom,151,2,270,0,0,0,0,0,151,246.18,0.013245033,0,0,13.75,438.06,40.55,4.71875,3.260662252,302,1
15958,357.77,2.086206897,58,United Kingdom,134,3,270,0,0,0,0,0,281,119.2566667,0.010676157,0,0,10.2,271.32,76.25,4.1875,2.669925373,843,1
15959,542.89,3.788732394,71,United Kingdom,412,3,270,0,0,0,0,0,412,180.9633333,0.007281553,0,0,6.75,315.39,220.75,12.875,1.317694175,1236,1
15960,394,9.518518519,27,United Kingdom,104,4,162,1,16.95,16.95,1,1,165,98.5,0.024242424,0.043020305,0,0,238.65,155.35,3.25,3.788461538,660,1
15961,451.29,3.666666667,42,United Kingdom,109,1,270,0,0,0,0,0,109,451.29,0.009174312,0,0,3.9,289.79,157.6,3.40625,4.140275229,109,1
15962,289.48,4.145454545,55,United Kingdom,179,1,270,0,0,0,0,0,179,289.48,0.005586592,0,0,6.37,270.86,12.25,5.59375,1.617206704,179,1
15964,269.21,4.65,20,United Kingdom,393,1,270,0,0,0,0,0,393,269.21,0.002544529,0,0,52.65,174.37,42.19,12.28125,0.685012723,393,1
15965,2105.51,3.966527197,239,United Kingdom,97,10,394,1,13.75,6.875,2,2.5,467,210.551,0.021413276,0.006530484,0,16.7,1677.66,411.15,3.03125,21.70628866,4670,1
15966,399.58,8.375,32,United Kingdom,181,1,174,1,26.95,5.39,5,1.4,181,399.58,0.005524862,0.067445818,0,0,399.58,0,5.65625,2.207624309,181,1
15967,2707.82,2.366132723,437,United Kingdom,49,11,468,1,22.4,5.6,4,1,468,246.1654545,0.023504274,0.008272337,0,84.81,1747.36,875.65,1.53125,55.26163265,5148,1
15968,401.8,3.063291139,79,United Kingdom,118,1,270,0,0,0,0,0,118,401.8,0.008474576,0,0,0.85,328.05,72.9,3.6875,3.405084746,118,1
15969,460.95,6.6,15,United Kingdom,156,2,270,0,0,0,0,0,252,230.475,0.007936508,0,0,0,130.09,330.86,3.190184049,2.954807692,504,0
15970,1017.32,20.75,24,United Kingdom,34,2,270,0,0,0,0,0,329,508.66,0.006079027,0,0,0,991.82,25.5,1.0625,29.92117647,658,1
15971,1794.08,39.89473684,19,United Kingdom,1,9,454,2,972.4,324.1333333,3,98.66666667,462,199.3422222,0.019480519,0.542004816,0,0,2074.68,-280.6,0.03125,1794.08,4158,0
15972,1769.33,3.366906475,139,United Kingdom,186,5,270,0,0,0,0,0,330,353.866,0.015151515,0,0,16.7,926.13,826.5,5.8125,9.512526882,1650,1
15973,468.52,16,11,United Kingdom,97,2,69,1,197.1,197.1,1,18,159,234.26,0.012578616,0.420686417,0,0,271.42,197.1,3.03125,4.830103093,318,1
15974,904.59,10.16666667,42,United Kingdom,7,2,6,1,12.6,12.6,1,6,19,452.295,0.105263158,0.013928962,0,17.7,609.09,277.8,0.21875,129.2271429,38,0
15976,1252.67,2.746428571,280,United Kingdom,141,4,270,0,0,0,0,0,281,313.1675,0.014234875,0,0,10.4,893.04,349.23,4.40625,8.884184397,1124,0
15978,2173.84,18.92682927,82,United Kingdom,162,2,153,2,6.8,3.4,2,2,374,1086.92,0.005347594,0.003128105,0,0,1818.19,355.65,5.0625,13.41876543,748,1
15979,329.22,20.45454545,22,United Kingdom,333,1,270,0,0,0,0,0,333,329.22,0.003003003,0,0,0,329.22,0,10.40625,0.988648649,333,1
15980,4097.42,43.59459459,74,United Kingdom,221,4,195,2,47.4,23.7,2,18,286,1024.355,0.013986014,0.011568255,0,0,3978.12,119.3,6.90625,18.54036199,1144,0
15981,6145.59,14.69154229,201,United Kingdom,41,14,186,5,78.7,13.11666667,6,8,351,438.9707143,0.03988604,0.012805931,0,0,3426.39,2719.2,1.28125,149.892439,4914,0
15982,324.51,2.911111111,45,United Kingdom,335,1,270,0,0,0,0,0,335,324.51,0.002985075,0,0,8.85,239.86,75.8,10.46875,0.968686567,335,1
15983,2783.62,7.433628319,226,United Kingdom,91,7,270,0,0,0,0,0,463,397.66,0.01511879,0,0,158.95,2442.47,182.2,2.84375,30.58923077,3241,1
15984,6108.03,8.260869565,506,United Kingdom,13,24,383,1,67.5,67.5,1,10,468,254.50125,0.051282051,0.011051026,0,46,5206.92,855.11,0.40625,469.8484615,11232,0
15985,1572.86,24.8358209,67,United Kingdom,166,5,270,0,0,0,0,0,291,314.572,0.017182131,0,0,0,1572.86,0,5.1875,9.475060241,1455,0
15986,186.3,9.090909091,11,United Kingdom,112,1,270,0,0,0,0,0,112,186.3,0.008928571,0,0,0,186.3,0,3.5,1.663392857,112,1
15987,216.7,3.04,50,United Kingdom,99,2,270,0,0,0,0,0,109,108.35,0.018348624,0,0,7.54,178.33,30.83,3.09375,2.188888889,218,0
15988,579.61,3.161290323,93,United Kingdom,282,2,270,0,0,0,0,0,387,289.805,0.005167959,0,0,32.35,409.81,137.45,8.8125,2.05535461,774,1
15989,368.31,1.965116279,86,United Kingdom,106,2,270,0,0,0,0,0,467,184.155,0.004282655,0,0,45.4,183.27,139.64,3.3125,3.474622642,934,1
15990,1607.01,5.5,148,United Kingdom,17,6,270,0,0,0,0,0,380,267.835,0.015789474,0,0,22.4,1338.06,246.55,0.53125,94.53,2280,1
15991,150.55,6.833333333,6,United Kingdom,264,1,270,0,0,0,0,0,264,150.55,0.003787879,0,0,0,79.6,70.95,8.25,0.570265152,264,1
15992,854.61,9.745098039,51,United Kingdom,126,2,270,0,0,0,0,0,184,427.305,0.010869565,0,0,0,768.16,86.45,3.9375,6.782619048,368,1
15994,758.07,3.679487179,78,United Kingdom,142,2,357,2,3.34,1.67,2,1,366,379.035,0.005464481,0.004405926,0,7.05,536.87,214.15,4.4375,5.338521127,732,1
15995,694.54,3.2,110,United Kingdom,144,1,270,0,0,0,0,0,144,694.54,0.006944444,0,0,0,515.64,178.9,4.5,4.823194444,144,1
15996,827.16,4.366972477,109,United Kingdom,15,3,270,0,0,0,0,0,127,275.72,0.023622047,0,0,46.5,521.16,259.5,0.46875,55.144,381,0
15998,5975.16,3.603250478,1046,United Kingdom,92,12,224,4,82.15,11.73571429,7,2.142857143,469,497.93,0.025586354,0.013748586,0,108.82,4344.93,1521.41,2.875,64.9473913,5628,0
15999,20.4,24,1,United Kingdom,466,1,270,0,0,0,0,0,466,20.4,0.002145923,0,0,0,20.4,0,14.5625,0.043776824,466,1
16001,519.06,7.820512821,39,United Kingdom,111,1,273,1,64.33,6.433,10,3.2,111,519.06,0.009009009,0.123935576,0,0,517.96,1.1,3.46875,4.676216216,111,1
16002,169.21,1.666666667,42,United Kingdom,355,1,270,0,0,0,0,0,355,169.21,0.002816901,0,0,6.3,106.24,56.67,11.09375,0.476647887,355,1
16003,4059.46,10.075,120,United Kingdom,90,6,270,0,0,0,0,0,466,676.5766667,0.012875536,0,0,0,1663.46,2396,1.840490798,45.10511111,2796,0
16004,2146.39,11.95555556,90,United Kingdom,205,5,270,0,0,0,0,0,413,429.278,0.012106538,0,0,0,1686.04,460.35,6.40625,10.47019512,2065,1
16005,1908.83,3.082352941,340,United Kingdom,1,7,180,1,32.45,32.45,1,11,180,272.69,0.038888889,0.016999942,0,50.25,1542.43,316.15,0.03125,1908.83,1260,0
16006,231.42,1.728571429,70,United Kingdom,118,1,270,0,0,0,0,0,118,231.42,0.008474576,0,0,11.8,157.42,62.2,3.6875,1.961186441,118,0
16007,1359.25,4.503623188,276,United Kingdom,114,3,270,0,0,0,0,0,273,453.0833333,0.010989011,0,0,83.8,1089.55,185.9,3.5625,11.92324561,819,0
16008,4860.35,13.24545455,220,United Kingdom,112,12,270,0,0,0,0,0,361,405.0291667,0.033240997,0,0,15,4411.34,434.01,3.5,43.39598214,4332,0
16010,1410.61,3.242553191,235,United Kingdom,93,9,129,1,1.95,1.95,1,1,142,156.7344444,0.063380282,0.001382381,0,0,1385.41,25.2,2.90625,15.16784946,1278,0
16011,2978.59,6.456521739,276,United Kingdom,20,17,469,1,13.45,6.725,2,1.5,469,175.2111765,0.036247335,0.004515559,0,40.6,2613.59,324.4,0.625,148.9295,7973,0
16012,1563.3,6.627586207,145,United Kingdom,131,2,270,0,0,0,0,0,260,781.65,0.007692308,0,0,11.9,1340.2,211.2,4.09375,11.93358779,520,0
16013,25426.84,94.504,125,United Kingdom,1,52,7,4,2301.9,95.9125,24,47.04166667,462,488.9776923,0.112554113,0.090530322,0,100.8,23559.64,1766.4,0.03125,25426.84,24024,0
16014,707.08,1.569230769,195,United Kingdom,21,3,270,0,0,0,0,0,408,235.6933333,0.007352941,0,0,20.09,533.19,153.8,0.65625,33.67047619,1224,0
16016,967.46,2.908450704,142,United Kingdom,97,4,96,2,13.45,4.483333333,3,1.333333333,132,241.865,0.03030303,0.013902384,0,7.5,690.21,269.75,3.03125,9.973814433,528,0
16017,1333.7,5.43877551,98,United Kingdom,147,4,270,0,0,0,0,0,434,333.425,0.00921659,0,0,73.35,975.35,285,4.59375,9.072789116,1736,1
16018,289.23,11.17857143,28,United Kingdom,126,2,270,0,0,0,0,0,462,144.615,0.004329004,0,0,5.1,272.23,11.9,3.9375,2.29547619,924,0
16019,15006.72,18.0224359,312,United Kingdom,27,22,111,7,489.7,48.97,10,26.5,455,682.1236364,0.048351648,0.032632048,0,17.58,8117.77,6871.37,0.84375,555.8044444,10010,0
16021,487.03,2.19047619,126,United Kingdom,125,2,270,0,0,0,0,0,275,243.515,0.007272727,0,0,18.55,308.18,160.3,3.90625,3.89624,550,1
16024,232.96,4.863636364,22,United Kingdom,142,2,270,0,0,0,0,0,142,116.48,0.014084507,0,0,2.1,222.36,8.5,4.4375,1.64056338,284,1
16027,1347.44,49.4,25,United Kingdom,14,11,187,2,166.02,83.01,2,39,430,122.4945455,0.025581395,0.123211423,0,0,1127.04,220.4,0.4375,96.24571429,4730,0
16028,82.2,3.6,5,United Kingdom,326,1,270,0,0,0,0,0,326,82.2,0.003067485,0,0,0,52.5,29.7,10.1875,0.252147239,326,1
16029,56059.05,141.6455026,189,United Kingdom,22,59,69,3,306,102,3,16,462,950.1533898,0.127705628,0.00545853,0,0,41924.8,14134.25,0.6875,2548.138636,27258,0
16030,331.24,9.75862069,29,United Kingdom,40,1,270,0,0,0,0,0,40,331.24,0.025,0,0,0,323.29,7.95,1.25,8.281,40,1
16032,1965.72,6.985714286,210,United Kingdom,186,6,270,0,0,0,0,0,253,327.62,0.023715415,0,0,113.9,1657.67,194.15,5.8125,10.5683871,1518,1
16033,3647.27,2.752620545,477,United Kingdom,9,13,9,4,73.54,9.1925,8,2.5,215,280.5592308,0.060465116,0.020163026,0,67.05,2218.99,1361.23,0.28125,405.2522222,2795,0
16034,624.27,10.68181818,44,United Kingdom,63,4,131,1,2.95,2.95,1,1,139,156.0675,0.028776978,0.004725519,0,19.8,554.07,50.4,1.96875,9.909047619,556,0
16035,217.73,1.571428571,21,United Kingdom,290,1,270,0,0,0,0,0,290,217.73,0.003448276,0,0,0,45.25,172.48,5.930470348,0.750793103,290,1
16036,1797.92,7.682352941,85,United Kingdom,154,2,270,0,0,0,0,0,350,898.96,0.005714286,0,0,146.25,591.77,1059.9,3.149284254,11.67480519,700,0
16037,1489.44,10.46575342,73,United Kingdom,0,5,270,2,19.9,9.95,2,1,379,297.888,0.013192612,0.013360726,0,21.9,1063.44,404.1,0,1489.44,1895,1
16039,449.65,12.36363636,33,United Kingdom,154,2,312,1,6.75,6.75,1,1,358,224.825,0.005586592,0.015011676,0,0,411.5,38.15,4.8125,2.919805195,716,1
16040,1070.15,7.571428571,63,United Kingdom,161,4,327,1,33.2,11.06666667,3,8,340,267.5375,0.011764706,0.031023688,0,9.9,758.85,301.4,5.03125,6.64689441,1360,0
16042,1030.58,9.985294118,68,United Kingdom,62,4,95,3,62.22,8.888571429,7,1.857142857,184,257.645,0.02173913,0.06037377,0,0,908.23,122.35,1.9375,16.62225806,736,1
16043,1390.45,13,51,United Kingdom,48,5,270,0,0,0,0,0,212,278.09,0.023584906,0,0,0,1134.35,256.1,1.5,28.96770833,1060,0
16044,340.84,8.947368421,19,United Kingdom,165,1,270,0,0,0,0,0,165,340.84,0.006060606,0,0,0,307.94,32.9,5.15625,2.06569697,165,1
16045,2510.78,12.46218487,119,United Kingdom,20,5,221,1,247.9,22.53636364,11,15.09090909,229,502.156,0.021834061,0.098734258,0,0,1991.83,518.95,0.625,125.539,1145,0
16046,235.78,11.27272727,22,United Kingdom,292,1,270,0,0,0,0,0,292,235.78,0.003424658,0,0,9.9,208.93,16.95,9.125,0.807465753,292,1
16048,812.84,11.45945946,37,United Kingdom,103,4,118,1,5.95,5.95,1,1,280,203.21,0.014285714,0.007320014,0,0,800.94,11.9,3.21875,7.891650485,1120,1
16049,777.34,1.983870968,186,United Kingdom,105,3,270,0,0,0,0,0,246,259.1133333,0.012195122,0,0,12.09,445.27,319.98,3.28125,7.403238095,738,1
16050,162.8,10,11,United Kingdom,113,2,270,0,0,0,0,0,131,81.4,0.015267176,0,0,0,145.8,17,3.53125,1.440707965,262,0
16051,188.44,6.666666667,12,United Kingdom,412,1,270,0,0,0,0,0,412,188.44,0.002427184,0,0,46.5,88.54,53.4,12.875,0.457378641,412,1
16053,2094.19,11.22123894,113,United Kingdom,144,4,169,2,28.7,9.566666667,3,2,341,523.5475,0.011730205,0.013704583,0,0,1550.66,543.53,4.5,14.54298611,1364,0
16054,1306.78,7,57,United Kingdom,149,3,224,3,21.2,4.24,5,2.4,347,435.5933333,0.008645533,0.016223083,0,46.8,353.7,906.28,3.047034765,8.77033557,1041,0
16057,1685.48,4.48603352,179,United Kingdom,15,4,5,5,590.23,14.05309524,42,5.761904762,431,421.37,0.009280742,0.35018511,0,0,1346.58,338.9,0.46875,112.3653333,1724,0
16058,62.7,9,2,United Kingdom,136,1,270,0,0,0,0,0,136,62.7,0.007352941,0,0,0,62.7,0,4.25,0.461029412,136,1
16059,1859.91,3.501915709,261,United Kingdom,57,8,270,0,0,0,0,0,299,232.48875,0.026755853,0,0,37.85,1501.76,320.3,1.78125,32.63,2392,0
16060,541.95,10.125,24,United Kingdom,131,3,270,0,0,0,0,0,224,180.65,0.013392857,0,0,0,245.3,296.65,2.678936605,4.137022901,672,1
16061,74.9,3.5,4,United Kingdom,161,1,151,1,14.75,14.75,1,5,161,74.9,0.00621118,0.196929239,0,0,15,59.9,3.292433538,0.465217391,161,1
16062,1957.39,10.6171875,128,United Kingdom,95,5,270,0,0,0,0,0,266,391.478,0.018796992,0,0,0,1391.95,565.44,2.96875,20.60410526,1330,0
16064,109.31,3.235294118,17,United Kingdom,455,1,270,0,0,0,0,0,455,109.31,0.002197802,0,0,3.9,69.86,35.55,14.21875,0.240241758,455,1
16065,1975.13,3.394366197,355,United Kingdom,95,8,110,2,17,8.5,2,1,193,246.89125,0.041450777,0.008607028,0,50.14,1712.79,212.2,2.96875,20.79084211,1544,1
16067,2900.01,15.14285714,77,United Kingdom,293,3,300,3,369.1,41.01111111,9,7.777777778,405,966.67,0.007407407,0.127275423,0,14.85,1890.36,994.8,9.15625,9.897645051,1215,1
16068,115.73,1.371428571,35,United Kingdom,324,1,270,0,0,0,0,0,324,115.73,0.00308642,0,0,3.75,68.65,43.33,10.125,0.357191358,324,1
16069,457.7,5.52,25,United Kingdom,148,1,270,0,0,0,0,0,148,457.7,0.006756757,0,0,0,179.9,277.8,3.026584867,3.092567568,148,1
16071,750.56,9.942307692,52,United Kingdom,257,3,270,0,0,0,0,0,385,250.1866667,0.007792208,0,0,5.04,704.61,40.91,8.03125,2.920466926,1155,1
16072,4180.09,2.975517891,531,United Kingdom,18,4,270,0,0,0,0,0,279,1045.0225,0.014336918,0,0,41.82,2264.91,1873.36,0.5625,232.2272222,1116,1
16073,94.35,18.5,2,United Kingdom,27,1,22,1,28.05,28.05,1,11,27,94.35,0.037037037,0.297297297,0,0,94.35,0,0.84375,3.494444444,27,1
16074,252.5,1.52,25,United Kingdom,120,1,270,0,0,0,0,0,120,252.5,0.008333333,0,0,0,25.95,226.55,2.45398773,2.104166667,120,1
16075,726.98,6.428571429,42,United Kingdom,233,2,293,1,9.95,9.95,1,1,294,363.49,0.006802721,0.013686759,0,0,500.98,226,7.28125,3.120085837,588,1
16077,600,58.66666667,9,United Kingdom,356,1,304,1,1700.4,1700.4,1,312,356,600,0.002808989,2.834,0,0,730.8,-130.8,11.125,1.685393258,356,1
16078,362.99,5.128205128,39,United Kingdom,14,2,270,0,0,0,0,0,399,181.495,0.005012531,0,0,15.3,226.09,121.6,0.4375,25.92785714,798,1
16080,426.56,8.074074074,27,United Kingdom,4,3,174,1,89.1,44.55,2,9,180,142.1866667,0.016666667,0.208880345,0,0,374.91,51.65,0.125,106.64,540,1
16081,1637.14,4.532934132,167,United Kingdom,97,4,270,0,0,0,0,0,405,409.285,0.009876543,0,0,17.5,1223.14,396.5,3.03125,16.87773196,1620,0
16082,106.75,2.4375,16,United Kingdom,400,1,270,0,0,0,0,0,400,106.75,0.0025,0,0,16.85,40.8,49.1,8.1799591,0.266875,400,1
16083,1371.78,17.36842105,57,United Kingdom,91,3,270,0,0,0,0,0,119,457.26,0.025210084,0,0,0,1159.68,212.1,2.84375,15.07450549,357,1
16084,436.18,5.684210526,38,United Kingdom,29,1,270,0,0,0,0,0,29,436.18,0.034482759,0,0,0,333.18,103,0.90625,15.04068966,29,1
16085,1518.75,3.542372881,236,United Kingdom,51,8,362,1,5.8,2.9,2,1,418,189.84375,0.019138756,0.00381893,0,32.05,1120.8,365.9,1.59375,29.77941176,3344,0
16086,1844.79,10.17475728,103,United Kingdom,19,7,270,0,0,0,0,0,467,263.5414286,0.014989293,0,0,18.75,1504.6,321.44,0.59375,97.09421053,3269,0
16087,1739.92,66.4,10,United Kingdom,119,5,270,0,0,0,0,0,420,347.984,0.011904762,0,0,0,1693.12,46.8,3.71875,14.62117647,2100,1
16088,1437.43,62.16666667,6,United Kingdom,306,2,270,0,0,0,0,0,322,718.715,0.00621118,0,0,0,402.63,1034.8,6.257668712,4.69748366,644,1
16089,263.49,2.531914894,47,United Kingdom,116,2,270,0,0,0,0,0,239,131.745,0.008368201,0,0,20.34,177.7,65.45,3.625,2.271465517,478,1
16090,180.56,3.222222222,18,United Kingdom,354,1,270,0,0,0,0,0,354,180.56,0.002824859,0,0,6.25,69.06,105.25,7.239263804,0.510056497,354,1
16092,736.13,13.3902439,41,United Kingdom,235,3,305,2,33.95,16.975,2,5.5,309,245.3766667,0.009708738,0.046119571,0,0,722.63,13.5,7.34375,3.132468085,927,0
16094,2532.63,9.226027397,146,United Kingdom,105,7,67,7,84.7,6.515384615,13,2,332,361.8042857,0.021084337,0.033443495,0,0,1483.23,1049.4,3.28125,24.12028571,2324,0
16095,447.05,8.833333333,30,United Kingdom,186,1,270,0,0,0,0,0,186,447.05,0.005376344,0,0,0,401.75,45.3,5.8125,2.403494624,186,1
16096,1264.35,10.09259259,54,United Kingdom,146,3,270,0,0,0,0,0,375,421.45,0.008,0,0,53.1,571.65,639.6,2.985685072,8.659931507,1125,0
16098,2857.47,15.65686275,102,United Kingdom,29,9,270,0,0,0,0,0,455,317.4966667,0.01978022,0,0,30.45,2049.55,777.47,0.90625,98.53344828,4095,0
16099,836.35,16.93548387,31,United Kingdom,147,4,319,1,4.95,4.95,1,1,377,209.0875,0.01061008,0.005918575,0,0,836.35,0,4.59375,5.689455782,1508,0
16100,582.64,11.83783784,37,United Kingdom,193,1,270,0,0,0,0,0,193,582.64,0.005181347,0,0,22.5,543.14,17,6.03125,3.018860104,193,1
16101,1921.46,9.273504274,117,United Kingdom,165,3,272,1,17,17,1,2,292,640.4866667,0.010273973,0.008847439,0,0,1574,347.46,5.15625,11.64521212,876,1
16103,4573.12,12.88050314,159,United Kingdom,119,16,194,5,188.95,26.99285714,7,4.714285714,431,285.82,0.03712297,0.041317525,0,63.15,2753.57,1756.4,3.71875,38.42957983,6896,0
16104,2213,4.159624413,213,United Kingdom,149,8,258,2,263.25,29.25,9,4.333333333,464,276.625,0.017241379,0.118956168,0,94.9,1062.45,1055.65,4.65625,14.85234899,3712,1
16105,2049.23,18.50515464,97,United Kingdom,169,4,270,0,0,0,0,0,334,512.3075,0.011976048,0,0,30.6,1821.88,196.75,5.28125,12.1256213,1336,0
16108,1355.83,9.010638298,94,United Kingdom,164,3,160,3,37.59,5.37,7,1.571428571,361,451.9433333,0.008310249,0.027724715,0,0,1146.37,209.46,5.125,8.267256098,1083,1
16109,626.7,33.05882353,17,United Kingdom,39,2,378,1,15.9,15.9,1,2,429,313.35,0.004662005,0.025370991,0,0,511.2,115.5,1.21875,16.06923077,858,0
16110,864.64,1.83919598,199,United Kingdom,41,2,270,0,0,0,0,0,252,432.32,0.007936508,0,0,8.8,534.77,321.07,1.28125,21.08878049,504,0
16111,549.33,3.191780822,73,United Kingdom,158,1,270,0,0,0,0,0,158,549.33,0.006329114,0,0,0,327.68,221.65,4.9375,3.476772152,158,1
16112,136.14,34.2,10,United Kingdom,63,2,270,0,0,0,0,0,69,68.07,0.028985507,0,0,0,136.14,0,1.96875,2.160952381,138,0
16115,1031.75,4.097560976,164,United Kingdom,23,5,270,0,0,0,0,0,305,206.35,0.016393443,0,0,2.95,848.95,179.85,0.71875,44.85869565,1525,0
16117,417.84,3.133333333,60,United Kingdom,133,2,322,1,4.35,4.35,1,3,322,208.92,0.00621118,0.010410684,0,23.65,273.54,120.65,4.15625,3.141654135,644,0
16118,4255.43,60.04255319,47,United Kingdom,383,1,123,4,120.82,20.13666667,6,4.833333333,383,4255.43,0.002610966,0.02839196,0,0,3572.09,683.34,11.96875,11.11078329,383,1
16119,1297.45,15.02631579,38,United Kingdom,124,6,270,0,0,0,0,0,454,216.2416667,0.013215859,0,0,0,677.65,619.8,3.875,10.46330645,2724,1
16120,1658.37,20.69354839,62,United Kingdom,152,2,270,0,0,0,0,0,152,829.185,0.013157895,0,0,2.1,1656.27,0,4.75,10.91032895,304,1
16121,575.48,2.134751773,141,United Kingdom,121,3,110,1,19.9,19.9,1,2,296,191.8266667,0.010135135,0.034579829,0,0,479.03,96.45,3.78125,4.756033058,888,0
16122,461.04,17.08571429,35,United Kingdom,63,4,270,0,0,0,0,0,155,115.26,0.025806452,0,0,0,461.04,0,1.96875,7.318095238,620,0
16124,1709.39,8.965909091,88,United Kingdom,47,4,46,2,63.1,10.51666667,6,1.333333333,463,427.3475,0.008639309,0.036913753,0,0,1232.95,476.44,1.46875,36.37,1852,1
16125,4292.35,6.337979094,287,United Kingdom,97,14,270,0,0,0,0,0,455,306.5964286,0.030769231,0,0,27.7,3025.91,1238.74,3.03125,44.25103093,6370,1
16126,9266.727654,14.98954704,287,United Kingdom,27,12,270,0,0,0,0,0,467,772.2273045,0.025695931,0,0,40.2,7837.377654,1389.15,0.84375,343.2121353,5604,0
16127,145.06,1.942857143,35,United Kingdom,457,1,270,0,0,0,0,0,457,145.06,0.002188184,0,0,3.8,99.11,42.15,14.28125,0.317417943,457,1
16128,2256.48,13.60169492,118,United Kingdom,13,7,123,3,52.65,10.53,5,5.2,241,322.3542857,0.029045643,0.023332802,0,0,2126.88,129.6,0.40625,173.5753846,1687,0
16129,1396.05,13.13541667,96,United Kingdom,137,3,270,0,0,0,0,0,238,465.35,0.012605042,0,0,43.2,1128.25,224.6,4.28125,10.19014599,714,1
16130,987.48,5.381818182,55,United Kingdom,152,4,270,0,0,0,0,0,347,246.87,0.011527378,0,0,65.7,432.93,488.85,3.108384458,6.496578947,1388,1
16131,6359.73,20.07482993,147,United Kingdom,105,6,291,3,91.15,15.19166667,6,2.5,468,1059.955,0.012820513,0.014332369,0,17.7,5127.9,1214.13,3.28125,60.56885714,2808,0
16132,664.2,16.47058824,17,United Kingdom,274,2,270,0,0,0,0,0,358,332.1,0.005586592,0,0,0,519.8,144.4,8.5625,2.424087591,716,1
16133,8539.38,21.23360656,244,United Kingdom,18,25,24,11,494.75,30.921875,16,3.5,349,341.5752,0.071633238,0.057937462,0,0,5785.18,2754.2,0.5625,474.41,8725,0
16134,1785.43,13.95049505,101,United Kingdom,89,4,84,2,25.35,6.3375,4,3.75,271,446.3575,0.014760148,0.01419826,0,0,1480.73,304.7,2.78125,20.06101124,1084,1
16135,301.9,10.33333333,18,United Kingdom,314,1,270,0,0,0,0,0,314,301.9,0.003184713,0,0,0,194.5,107.4,9.8125,0.961464968,314,0
16136,371,13.05263158,19,United Kingdom,8,2,373,1,25.72,12.86,2,26,394,185.5,0.005076142,0.069326146,0,0,317.1,53.9,0.25,46.375,788,1
16137,422.7,7.5,28,United Kingdom,410,1,270,0,0,0,0,0,410,422.7,0.002439024,0,0,83.7,256.7,82.3,12.8125,1.03097561,410,1
16138,902.4,20.34210526,38,United Kingdom,109,3,98,1,7.95,7.95,1,1,321,300.8,0.009345794,0.00880984,0,30,693.84,178.56,3.40625,8.278899083,963,1
16139,475.74,10.46153846,26,United Kingdom,453,2,270,0,0,0,0,0,466,237.87,0.004291845,0,0,12.6,397.59,65.55,14.15625,1.050198675,932,0
16140,832.42,17.94444444,36,United Kingdom,101,2,270,0,0,0,0,0,172,416.21,0.011627907,0,0,0,709.12,123.3,3.15625,8.241782178,344,1
16141,335.54,8.6,20,United Kingdom,147,1,270,0,0,0,0,0,147,335.54,0.006802721,0,0,0,186.59,148.95,4.59375,2.282585034,147,1
16143,3299.04,8.067484663,163,United Kingdom,33,9,91,4,43.95,8.79,5,3.4,460,366.56,0.019565217,0.013322057,0,0,2342.69,956.35,1.03125,99.97090909,4140,0
16145,3917.24,11.81434599,237,United Kingdom,19,11,63,5,67.63,5.202307692,13,3.692307692,314,356.1127273,0.035031847,0.017264707,0,55.8,2649.84,1211.6,0.59375,206.1705263,3454,0
16146,212.25,9.75,12,United Kingdom,179,1,270,0,0,0,0,0,179,212.25,0.005586592,0,0,17.7,181.8,12.75,5.59375,1.18575419,179,0
16147,1992.02,9.118644068,118,United Kingdom,130,4,131,2,31.89,7.9725,4,18.25,403,498.005,0.009925558,0.016008875,0,0,1671.82,320.2,4.0625,15.32323077,1612,0
16148,370.37,20.58333333,12,United Kingdom,26,2,452,2,16.25,5.416666667,3,1,167,185.185,0.011976048,0.043875044,0,0,281.52,88.85,0.8125,14.245,334,1
16149,141.7,24.16666667,12,United Kingdom,159,1,270,0,0,0,0,0,159,141.7,0.006289308,0,0,7.6,134.1,0,4.96875,0.891194969,159,0
16150,2759.63,8.097701149,174,United Kingdom,0,7,67,6,154,7.7,20,1.7,452,394.2328571,0.015486726,0.055804582,0,12.6,2319.83,427.2,0,2759.63,3164,0
16153,3437.87,17.84563758,149,United Kingdom,85,7,140,2,86.4,43.2,2,18,293,491.1242857,0.023890785,0.02513184,0,0,3095.52,342.35,2.65625,40.44552941,2051,0
16155,781.05,9.64,50,United Kingdom,112,5,259,1,15.85,7.925,2,6.5,270,156.21,0.018518519,0.020293195,0,0,630.6,150.45,3.5,6.973660714,1350,1
16156,3541.63,12.01775148,169,United Kingdom,0,13,158,2,167.37,23.91,7,22.71428571,467,272.4330769,0.027837259,0.047257901,0,0,3050.88,490.75,0,3541.63,6071,0
16158,611.32,5,36,United Kingdom,252,9,271,1,17,17,1,2,464,67.92444444,0.019396552,0.027808676,0,27.6,226.42,357.3,5.153374233,2.425873016,4176,1
16159,1230.29,11.94339623,53,United Kingdom,12,4,183,1,2.5,2.5,1,2,467,307.5725,0.00856531,0.002032041,0,0,867.55,362.74,0.375,102.5241667,1868,1
16161,8140.68,4.940350877,855,United Kingdom,20,31,32,10,221.65,8.525,26,2.153846154,400,262.6025806,0.0775,0.027227455,0,66.43,7254.6,819.65,0.625,407.034,12400,0
16163,1822.03,7.038461538,78,United Kingdom,95,5,134,7,170.95,15.54090909,11,2.454545455,468,364.406,0.010683761,0.093823922,0,50.4,1202.58,569.05,2.96875,19.17926316,2340,0
16165,79.9,2,1,United Kingdom,235,1,270,0,0,0,0,0,235,79.9,0.004255319,0,0,0,0,79.9,4.805725971,0.34,235,1
16166,327.48,6,26,United Kingdom,158,2,304,2,108.35,27.0875,4,4.25,421,163.74,0.004750594,0.3308599,0,0,285.38,42.1,4.9375,2.072658228,842,1
16167,1149.87,20.54929577,71,United Kingdom,144,5,300,1,236.25,29.53125,8,4.375,469,229.974,0.010660981,0.205458008,0,0,813.12,336.75,4.5,7.985208333,2345,1
16168,7075.12,14.66375546,229,United Kingdom,0,42,195,5,64.65,5.877272727,11,1.363636364,467,168.4552381,0.08993576,0.009137654,0,0,5551.12,1524,0,7075.12,19614,0
16170,4933.25,13.12307692,325,United Kingdom,126,14,195,4,50.7,5.07,10,2.1,389,352.375,0.035989717,0.010277201,0,120.8,4509.9,302.55,3.9375,39.15277778,5446,0
16172,744.34,14.36363636,44,United Kingdom,203,3,270,0,0,0,0,0,243,248.1133333,0.012345679,0,0,0,717.49,26.85,6.34375,3.666699507,729,0
16174,1237.2,18.57142857,42,United Kingdom,222,4,270,0,0,0,0,0,333,309.3,0.012012012,0,0,0,1215.7,21.5,6.9375,5.572972973,1332,0
16175,798.85,9.975,40,United Kingdom,202,3,270,0,0,0,0,0,294,266.2833333,0.010204082,0,0,0,637.55,161.3,6.3125,3.95470297,882,0
16176,1964.04,11.27160494,81,United Kingdom,151,4,229,3,88.65,9.85,9,4.333333333,350,491.01,0.011428571,0.045136555,0,0,1623.4,340.64,4.71875,13.00688742,1400,1
16177,1809.66,8.017699115,113,United Kingdom,167,7,164,4,105.7,10.57,10,2,377,258.5228571,0.018567639,0.058408762,0,0,1472.11,337.55,5.21875,10.83628743,2639,1
16178,414.7,12.35294118,17,United Kingdom,131,1,270,0,0,0,0,0,131,414.7,0.007633588,0,0,0,389.2,25.5,4.09375,3.165648855,131,0
16180,5952.79,22.99415205,171,United Kingdom,208,5,243,1,42.9,7.15,6,2.333333333,264,1190.558,0.018939394,0.007206705,0,0,5790.54,162.25,6.5,28.61918269,1320,0
16182,4179,96.14814815,27,United Kingdom,25,6,270,0,0,0,0,0,371,696.5,0.016172507,0,0,0,4179,0,0.78125,167.16,2226,0
16183,739.1,9.153846154,26,United Kingdom,125,3,270,0,0,0,0,0,137,246.3666667,0.02189781,0,0,0,557.5,181.6,3.90625,5.9128,411,1
16185,115.31,6.777777778,9,United Kingdom,295,1,270,0,0,0,0,0,295,115.31,0.003389831,0,0,0,104.36,10.95,9.21875,0.390881356,295,0
16186,4991.97,12.10543131,313,United Kingdom,102,15,201,3,27.2,4.533333333,6,2.666666667,460,332.798,0.032608696,0.005448751,0,0,4461.17,530.8,3.1875,48.94088235,6900,0
16187,675.9,11.96774194,31,United Kingdom,14,2,270,0,0,0,0,0,14,337.95,0.142857143,0,0,17.7,390.7,267.5,0.4375,48.27857143,28,0
16188,95.85,6.875,8,United Kingdom,139,1,137,1,9.95,9.95,1,1,139,95.85,0.007194245,0.103808033,0,0,81,14.85,4.34375,0.689568345,139,0
16190,2508.47,10.11504425,113,United Kingdom,125,7,270,0,0,0,0,0,456,358.3528571,0.015350877,0,0,7.5,1703.46,797.51,3.90625,20.06776,3192,1
16191,12193.28,47.65131579,152,United Kingdom,32,18,11,11,323.3,19.01764706,17,5.294117647,459,677.4044444,0.039215686,0.026514605,0,0,11274.88,918.4,1,381.04,8262,0
16192,351.3,18.90909091,11,United Kingdom,466,1,270,0,0,0,0,0,466,351.3,0.002145923,0,0,61.2,188.1,102,14.5625,0.753862661,466,1
16193,315.98,8.421052632,19,United Kingdom,141,1,270,0,0,0,0,0,141,315.98,0.007092199,0,0,12.6,271.43,31.95,4.40625,2.240992908,141,0
16194,308.6,17.5,8,United Kingdom,105,1,270,0,0,0,0,0,105,308.6,0.00952381,0,0,0,278.7,29.9,3.28125,2.939047619,105,1
16195,323.25,7.6875,16,United Kingdom,453,1,270,0,0,0,0,0,453,323.25,0.002207506,0,0,0,309.75,13.5,14.15625,0.713576159,453,1
16196,93.3,6.5,4,United Kingdom,219,1,270,0,0,0,0,0,219,93.3,0.00456621,0,0,0,67.8,25.5,6.84375,0.426027397,219,1
16197,2016.71,15.2688172,93,United Kingdom,199,9,270,0,0,0,0,0,454,224.0788889,0.019823789,0,0,0,1432.16,584.55,6.21875,10.13422111,4086,1
16198,629.36,14.16666667,18,United Kingdom,167,1,270,0,0,0,0,0,167,629.36,0.005988024,0,0,0,433.23,196.13,5.21875,3.768622754,167,1
16199,942.75,32.1,10,United Kingdom,122,7,270,0,0,0,0,0,361,134.6785714,0.019390582,0,0,0,792,150.75,3.8125,7.727459016,2527,1
16200,4525.73,5.769230769,442,United Kingdom,113,10,314,1,13.5,13.5,1,2,467,452.573,0.021413276,0.002982944,0,186.07,3132.7,1206.96,3.53125,40.05070796,4670,0
16201,248.65,10.38461538,13,United Kingdom,146,1,270,0,0,0,0,0,146,248.65,0.006849315,0,0,0,165.6,83.05,4.5625,1.703082192,146,1
16202,2467.04,10.17460317,126,United Kingdom,91,9,379,2,34.95,17.475,2,12.5,468,274.1155556,0.019230769,0.014166775,0,22.2,1292.08,1152.76,2.84375,27.11032967,4212,1
16203,517.89,8,43,United Kingdom,102,3,63,1,3.75,3.75,1,1,234,172.63,0.012820513,0.00724092,0,0,468.49,49.4,3.1875,5.077352941,702,0
16204,529.53,8.634615385,52,United Kingdom,110,2,418,1,5,5,1,4,461,264.765,0.004338395,0.009442336,0,75.05,406.65,47.83,3.4375,4.813909091,922,1
16205,1062.48,9.36,100,United Kingdom,127,3,270,0,0,0,0,0,273,354.16,0.010989011,0,0,0,964.63,97.85,3.96875,8.365984252,819,0
16206,2196.41,5.881188119,202,United Kingdom,58,10,455,1,4.95,4.95,1,1,414,219.641,0.024154589,0.002253678,0,28.7,1611.32,556.39,1.8125,37.86913793,4140,0
16208,3273.78,6.392070485,227,United Kingdom,19,9,270,0,0,0,0,0,383,363.7533333,0.023498695,0,0,11.4,2227.83,1034.55,0.59375,172.3042105,3447,1
16209,1884.16,34.0952381,21,United Kingdom,112,4,270,0,0,0,0,0,277,471.04,0.014440433,0,0,0,1603.86,280.3,3.5,16.82285714,1108,0
16210,21336.16,47.39772727,176,United Kingdom,40,21,166,2,185.45,61.81666667,3,10.33333333,467,1016.007619,0.04496788,0.008691817,0,373.5,17831.78,3130.88,1.25,533.404,9807,0
16211,543.57,28.07692308,13,United Kingdom,151,2,270,0,0,0,0,0,168,271.785,0.011904762,0,0,0,525.72,17.85,4.71875,3.599801325,336,1
16212,1092.37,6.884057971,69,United Kingdom,13,3,11,1,9.15,4.575,2,1.5,400,364.1233333,0.0075,0.008376283,0,0,835.44,256.93,0.40625,84.02846154,1200,1
16214,975.5,16.44444444,54,United Kingdom,165,1,270,0,0,0,0,0,165,975.5,0.006060606,0,0,0,768.05,207.45,5.15625,5.912121212,165,0
16217,183,5.454545455,11,United Kingdom,12,1,270,0,0,0,0,0,12,183,0.083333333,0,0,0,139.75,43.25,0.375,15.25,12,0
16218,1288.73,11.61458333,96,United Kingdom,104,7,115,5,66.56,4.16,16,2.125,291,184.1042857,0.024054983,0.051647746,0,11.8,1244.48,32.45,3.25,12.39163462,2037,0
16219,40.8,48,1,United Kingdom,231,1,270,0,0,0,0,0,231,40.8,0.004329004,0,0,0,40.8,0,7.21875,0.176623377,231,1
16221,1466.48,5.644067797,177,United Kingdom,6,8,214,1,6.5,3.25,2,1,216,183.31,0.037037037,0.004432382,0,11,1115.93,339.55,0.1875,244.4133333,1728,1
16222,1272.05,3.193103448,145,United Kingdom,48,2,270,0,0,0,0,0,451,636.025,0.00443459,0,0,20.25,821.65,430.15,1.5,26.50104167,902,1
16223,1087.05,5.227642276,123,United Kingdom,105,2,270,0,0,0,0,0,126,543.525,0.015873016,0,0,11.02,792.18,283.85,3.28125,10.35285714,252,1
16224,321.24,21.95,20,United Kingdom,117,1,270,0,0,0,0,0,117,321.24,0.008547009,0,0,0,255.54,65.7,3.65625,2.745641026,117,0
16225,2134.1,4.196581197,234,United Kingdom,7,12,217,3,45.5,9.1,5,1.2,401,177.8416667,0.029925187,0.021320463,0,17.1,1657.65,459.35,0.21875,304.8714286,4812,0
16226,417.05,14.30434783,23,United Kingdom,108,2,270,0,0,0,0,0,144,208.525,0.013888889,0,0,0,386.4,30.65,3.375,3.861574074,288,0
16227,640.5,8.647058824,34,United Kingdom,224,2,209,2,72.5,12.08333333,6,8.666666667,265,320.25,0.00754717,0.113192818,0,0,289.1,351.4,4.580777096,2.859375,530,0
16228,881.06,10.07272727,55,United Kingdom,115,3,104,1,4.65,4.65,1,1,130,293.6866667,0.023076923,0.005277734,0,22.5,756.76,101.8,3.59375,7.661391304,390,1
16229,1824.76,7.278195489,133,United Kingdom,112,4,417,1,32.5,8.125,4,1.5,294,456.19,0.013605442,0.017810561,0,41.8,1416.17,366.79,3.5,16.2925,1176,0
16231,1074.47,5.63,100,United Kingdom,109,4,270,0,0,0,0,0,328,268.6175,0.012195122,0,0,0,1051.52,22.95,3.40625,9.857522936,1312,1
16232,1708.79,18.41428571,70,United Kingdom,150,3,160,2,13.3,6.65,2,5,280,569.5966667,0.010714286,0.007783285,0,0,1642.29,66.5,4.6875,11.39193333,840,0
16233,1468.08,8.953846154,65,United Kingdom,60,8,88,3,140.05,28.01,5,2.2,467,183.51,0.017130621,0.095396709,0,0,931.58,536.5,1.875,24.468,3736,1
16234,312.78,10.125,16,United Kingdom,206,3,204,1,20.4,20.4,1,8,292,104.26,0.010273973,0.065221561,0,19.8,193.68,99.3,6.4375,1.518349515,876,1
16235,1467.76,5.852631579,95,United Kingdom,26,6,59,2,63.1,9.014285714,7,1.142857143,201,244.6266667,0.029850746,0.04299068,0,0,743.07,724.69,0.8125,56.45230769,1206,0
16237,136.65,8.142857143,7,United Kingdom,167,1,270,0,0,0,0,0,167,136.65,0.005988024,0,0,0,87,49.65,5.21875,0.818263473,167,1
16238,63.66,14.16666667,6,United Kingdom,153,1,270,0,0,0,0,0,153,63.66,0.006535948,0,0,0,63.66,0,4.78125,0.416078431,153,1
16239,1078,29,16,United Kingdom,112,4,270,0,0,0,0,0,193,269.5,0.020725389,0,0,0,794,284,3.5,9.625,772,0
16241,1835.88,2.597333333,375,United Kingdom,69,5,270,0,0,0,0,0,140,367.176,0.035714286,0,0,36.05,1300.18,499.65,2.15625,26.60695652,700,0
16242,4006.95,4.975609756,410,United Kingdom,7,8,111,3,29.2,4.171428571,7,1,364,500.86875,0.021978022,0.007287338,0,2.95,2937.43,1066.57,0.21875,572.4214286,2912,0
16244,1056.63,9.825396825,63,United Kingdom,103,1,270,0,0,0,0,0,103,1056.63,0.009708738,0,0,0,938.28,118.35,3.21875,10.25854369,103,0
16246,821.35,3.818181818,88,United Kingdom,190,2,270,0,0,0,0,0,400,410.675,0.005,0,0,44.65,654.55,122.15,5.9375,4.322894737,800,1
16250,401.94,6.72,25,United Kingdom,104,2,270,0,0,0,0,0,117,200.97,0.017094017,0,0,0,282.99,118.95,3.25,3.864807692,234,0
16251,128.31,2.2,20,United Kingdom,242,1,270,0,0,0,0,0,242,128.31,0.004132231,0,0,2.95,63.86,61.5,7.5625,0.530206612,242,1
16252,-2.66E-15,0,42,United Kingdom,113,1,96,1,295.09,14.05190476,21,7.523809524,113,-2.66E-15,0.008849558,295.09,0,0,-2.66E-15,0,4.200743494,-2.36E-17,113,1
16253,3538.34,16.16184971,173,United Kingdom,150,5,270,0,0,0,0,0,461,707.668,0.010845987,0,0,60.6,3365.84,111.9,4.6875,23.58893333,2305,0
16254,967.44,7.337837838,74,United Kingdom,108,3,270,0,0,0,0,0,362,322.48,0.008287293,0,0,55.14,683,229.3,3.375,8.957777778,1086,1
16255,2741.5,4.647416413,329,United Kingdom,35,10,132,2,61.8,30.9,2,14,415,274.15,0.024096386,0.022542404,0,0,1873.04,868.46,1.09375,78.32857143,4150,0
16256,826.94,67.2,15,United Kingdom,224,2,270,0,0,0,0,0,328,413.47,0.006097561,0,0,0,680.09,146.85,7,3.691696429,656,0
16258,6630.01,19.93333333,210,United Kingdom,118,10,278,1,109,109,1,20,369,663.001,0.027100271,0.016440398,0,15.3,4906.56,1708.15,3.6875,56.18652542,3690,0
16259,340.94,1.682352941,85,United Kingdom,140,3,270,0,0,0,0,0,335,113.6466667,0.008955224,0,0,2.95,228.95,109.04,4.375,2.435285714,1005,1
16261,312.62,3.477272727,44,United Kingdom,116,2,270,0,0,0,0,0,172,156.31,0.011627907,0,0,0,308.87,3.75,3.625,2.695,344,0
16262,677.78,8.58,50,United Kingdom,108,1,91,2,77.37,19.3425,4,4.25,108,677.78,0.009259259,0.114152085,0,0,582,95.78,3.375,6.275740741,108,1
16263,348.16,9.380952381,21,United Kingdom,153,1,270,0,0,0,0,0,153,348.16,0.006535948,0,0,35.4,291.51,21.25,4.78125,2.275555556,153,1
16264,823.53,9.777777778,63,United Kingdom,168,2,270,0,0,0,0,0,176,411.765,0.011363636,0,0,11.6,656.38,155.55,5.25,4.901964286,352,1
16265,3753.11,8.462311558,199,United Kingdom,24,7,31,2,27.9,13.95,2,9,137,536.1585714,0.051094891,0.007433835,0,66.9,2549.66,1136.55,0.75,156.3795833,959,0
16266,896.06,8.1875,48,United Kingdom,153,7,270,0,0,0,0,0,403,128.0085714,0.017369727,0,0,3.75,492.37,399.94,4.78125,5.856601307,2821,0
16267,186.66,28.28571429,7,United Kingdom,321,1,270,0,0,0,0,0,321,186.66,0.003115265,0,0,0,186.66,0,10.03125,0.581495327,321,1
16269,714.59,10.68518519,54,United Kingdom,168,1,158,1,2.98,2.98,1,2,168,714.59,0.005952381,0.004170223,0,17.7,637.64,59.25,5.25,4.253511905,168,1
16270,1141.24,12.74074074,54,United Kingdom,83,1,270,0,0,0,0,0,83,1141.24,0.012048193,0,0,0,837.49,303.75,2.59375,13.74987952,83,1
16271,2111.4,7.945652174,184,United Kingdom,88,5,270,0,0,0,0,0,373,422.28,0.013404826,0,0,1.95,1921.56,187.89,2.75,23.99318182,1865,0
16273,318.34,2.666666667,15,United Kingdom,378,2,270,0,0,0,0,0,386,159.17,0.005181347,0,0,37.1,0,281.24,7.73006135,0.842169312,772,1
16274,331.55,2.396825397,63,United Kingdom,103,1,270,0,0,0,0,0,103,331.55,0.009708738,0,0,16.85,128.55,186.15,2.106339468,3.218932039,103,1
16275,1591.24,11.94871795,78,United Kingdom,205,2,270,0,0,0,0,0,371,795.62,0.005390836,0,0,0,1316.24,275,6.40625,7.762146341,742,0
16276,1818.79,52.35,20,United Kingdom,209,2,270,0,0,0,0,0,338,909.395,0.00591716,0,0,0,1791.06,27.73,6.53125,8.702344498,676,0
16277,188.69,1.434782609,23,United Kingdom,464,1,270,0,0,0,0,0,464,188.69,0.002155172,0,0,2.94,35.2,150.55,9.488752556,0.406659483,464,1
16278,518.76,6.228571429,35,United Kingdom,210,2,208,2,32.7,10.9,3,3.333333333,229,259.38,0.008733624,0.063034929,0,0,262.71,256.05,6.5625,2.470285714,458,1
16279,4182.6,10.79918033,244,United Kingdom,116,6,64,1,12.9,6.45,2,1,326,697.1,0.018404908,0.003084206,0,0,3335.71,846.89,3.625,36.05689655,1956,0
16280,238.05,6.3125,16,United Kingdom,455,1,270,0,0,0,0,0,455,238.05,0.002197802,0,0,15.8,159.05,63.2,14.21875,0.523186813,455,1
16281,1354.46,27.56521739,23,United Kingdom,154,2,152,1,7.5,7.5,1,2,412,677.23,0.004854369,0.005537262,0,0,1354.46,0,4.8125,8.795194805,824,1
16282,1307.58,23.93939394,33,United Kingdom,70,3,270,0,0,0,0,0,449,435.86,0.006681514,0,0,0,975.78,331.8,2.1875,18.67971429,1347,1
16283,2726.36,3.811764706,425,United Kingdom,148,3,257,2,53.15,5.905555556,9,1.222222222,379,908.7866667,0.007915567,0.019494858,0,66.67,2172.39,487.3,4.625,18.42135135,1137,0
16284,205.8,4.633333333,30,United Kingdom,123,1,270,0,0,0,0,0,123,205.8,0.008130081,0,0,2.95,191.95,10.9,3.84375,1.673170732,123,1
16285,176.9,1.935483871,31,United Kingdom,376,1,270,0,0,0,0,0,376,176.9,0.002659574,0,0,3.75,125.6,47.55,11.75,0.470478723,376,1
16286,263.65,4.578947368,19,United Kingdom,207,2,308,2,65.3,32.65,2,7,354,131.825,0.005649718,0.247676844,0,0,201.5,62.15,6.46875,1.273671498,708,1
16287,864.48,33.17647059,34,United Kingdom,106,4,270,0,0,0,0,0,420,216.12,0.00952381,0,0,0,864.48,0,3.3125,8.155471698,1680,0
16288,129.85,2.714285714,7,United Kingdom,200,1,270,0,0,0,0,0,200,129.85,0.005,0,0,0,17.7,112.15,4.08997955,0.64925,200,1
16289,98.81,3.954545455,22,United Kingdom,192,1,192,1,37.5,37.5,1,10,192,98.81,0.005208333,0.379516243,0,8.6,85.26,4.95,6,0.514635417,192,1
16290,1957.7,7.717741935,124,United Kingdom,195,4,270,0,0,0,0,0,296,489.425,0.013513514,0,0,52.2,1113.05,792.45,6.09375,10.03948718,1184,1
16292,890.56,10.25,48,United Kingdom,110,4,106,3,60.95,20.31666667,3,1.666666667,334,222.64,0.011976048,0.068440083,0,0,428.06,462.5,2.249488753,8.096,1336,0
16293,2713.02,8.055172414,145,United Kingdom,0,7,104,2,13.5,4.5,3,1.666666667,459,387.5742857,0.015250545,0.004976005,0,0,2072.69,640.33,0,2713.02,3213,0
16294,126.05,6.75,8,United Kingdom,207,1,270,0,0,0,0,0,207,126.05,0.004830918,0,0,0,126.05,0,6.46875,0.608937198,207,1
16296,1245.97,7.614457831,83,United Kingdom,356,4,431,2,67.7,7.522222222,9,1.444444444,452,311.4925,0.008849558,0.054335177,0,68.1,947.87,230,11.125,3.49991573,1808,1
16298,481.8,4.909090909,22,United Kingdom,127,4,163,2,5.7,2.85,2,1,172,120.45,0.023255814,0.011830635,0,0,174.6,307.2,2.597137014,3.793700787,688,0
16299,178.65,7.923076923,13,United Kingdom,207,1,203,1,15,15,1,4,207,178.65,0.004830918,0.083963056,0,0,163.8,14.85,6.46875,0.863043478,207,1
16300,1367.32,2.701680672,238,United Kingdom,160,3,270,0,0,0,0,0,406,455.7733333,0.007389163,0,0,33.49,1069.78,264.05,5,8.54575,1218,1
16301,107.33,6.833333333,6,United Kingdom,467,1,270,0,0,0,0,0,467,107.33,0.002141328,0,0,0,79.58,27.75,14.59375,0.229828694,467,1
16303,3345.07,10.01863354,161,United Kingdom,63,5,294,1,49.75,24.875,2,2.5,361,669.014,0.013850416,0.014872633,0,0,2704.88,640.19,1.96875,53.09634921,1805,0
16304,381.66,9.12,25,United Kingdom,425,1,270,0,0,0,0,0,425,381.66,0.002352941,0,0,0,332.06,49.6,13.28125,0.898023529,425,1
16306,1056.92,10.05970149,67,United Kingdom,24,6,24,3,30,10,3,5.333333333,165,176.1533333,0.036363636,0.028384362,0,0,898.82,158.1,0.75,44.03833333,990,0
16307,1194.92,14.97333333,75,United Kingdom,159,3,270,0,0,0,0,0,307,398.3066667,0.009771987,0,0,15,1165.07,14.85,4.96875,7.515220126,921,1
16308,2560,2666.666667,3,United Kingdom,137,3,270,0,0,0,0,0,454,853.3333333,0.00660793,0,0,0,2560,0,4.28125,18.68613139,1362,0
16310,460.08,9.642857143,28,United Kingdom,144,2,270,0,0,0,0,0,372,230.04,0.005376344,0,0,0,377.15,82.93,4.5,3.195,744,1
16312,171.15,5.3,10,United Kingdom,162,1,270,0,0,0,0,0,162,171.15,0.00617284,0,0,22.5,55.2,93.45,3.312883436,1.056481481,162,1
16314,1491.4,10.25806452,62,United Kingdom,120,3,270,0,0,0,0,0,203,497.1333333,0.014778325,0,0,0,1150.5,340.9,3.75,12.42833333,609,1
16315,402.71,6.217391304,23,United Kingdom,61,2,270,0,0,0,0,0,266,201.355,0.007518797,0,0,0,251.71,151,1.90625,6.601803279,532,1
16316,3878.42,10.25641026,195,United Kingdom,6,9,5,4,76.55,19.1375,4,3.75,223,430.9355556,0.040358744,0.019737419,0,0,2315.13,1563.29,0.1875,646.4033333,2007,0
16317,1408.87,9.202531646,79,United Kingdom,27,3,312,1,12.75,12.75,1,1,315,469.6233333,0.00952381,0.009049806,0,0,984.76,424.11,0.84375,52.18037037,945,0
16320,4580.33,13.84408602,186,Unspecified,183,4,194,1,10.2,10.2,1,12,411,1145.0825,0.00973236,0.002226914,0,40.2,3353.43,1186.7,5.71875,25.02912568,1644,0
16321,190.5,2.2,30,Australia,35,5,35,2,264.05,24.00454545,11,11,469,38.1,0.010660981,1.386089239,0,0,148.8,41.7,1.09375,5.442857143,2345,1
16323,146.16,32,3,United Kingdom,308,1,270,0,0,0,0,0,308,146.16,0.003246753,0,0,0,146.16,0,9.625,0.474545455,308,0
16325,2960.36,18.17741935,124,United Kingdom,155,9,153,3,42.9,10.725,4,4,465,328.9288889,0.019354839,0.014491481,0,65.58,2443.98,450.8,4.84375,19.09909677,4185,0
16326,2012.21,2.336538462,208,United Kingdom,44,12,270,0,0,0,0,0,410,167.6841667,0.029268293,0,0,155.18,438.27,1418.76,0.899795501,45.73204545,4920,0
16327,8023.52,9.601997147,701,United Kingdom,0,13,350,4,25.82,3.688571429,7,1.857142857,455,617.1938462,0.028571429,0.003218039,0,178.1,7337.29,508.13,0,8023.52,5915,0
16328,310.83,8.8125,16,United Kingdom,293,1,270,0,0,0,0,0,293,310.83,0.003412969,0,0,0,275.13,35.7,9.15625,1.060853242,293,1
16329,1664.92,7.663461538,104,United Kingdom,158,4,270,0,0,0,0,0,469,416.23,0.008528785,0,0,33.85,1473.17,157.9,4.9375,10.53746835,1876,1
16330,373.47,2.294871795,78,United Kingdom,154,4,270,0,0,0,0,0,393,93.3675,0.010178117,0,0,20.35,273.87,79.25,4.8125,2.42512987,1572,0
16331,2037.7,22.23529412,34,United Kingdom,162,6,270,0,0,0,0,0,373,339.6166667,0.016085791,0,0,0,1613.05,424.65,5.0625,12.57839506,2238,1
16332,526.55,5.771929825,57,United Kingdom,35,5,204,1,10.44,10.44,1,36,319,105.31,0.015673981,0.019827177,0,1.95,397.15,127.45,1.09375,15.04428571,1595,0
16333,4428.96,868,9,United Kingdom,11,4,270,0,0,0,0,0,40,1107.24,0.1,0,0,0,4428.96,0,0.34375,402.6327273,160,0
16334,263.73,3.814814815,54,United Kingdom,222,1,270,0,0,0,0,0,222,263.73,0.004504505,0,0,13.55,190.06,60.12,6.9375,1.187972973,222,1
16335,2726.52,2.762430939,362,United Kingdom,282,7,282,1,27,27,1,4,466,389.5028571,0.015021459,0.009902733,0,17.2,1552.89,1156.43,8.8125,9.668510638,3262,1
16336,3517.69,21.66176471,68,United Kingdom,151,4,270,0,0,0,0,0,362,879.4225,0.011049724,0,0,17.7,2152.61,1347.38,4.71875,23.29596026,1448,1
16339,94.05,1.166666667,18,United Kingdom,14,1,270,0,0,0,0,0,14,94.05,0.071428571,0,0,0,30.45,63.6,0.286298569,6.717857143,14,1
16340,961.93,3.856481481,216,United Kingdom,169,2,270,0,0,0,0,0,281,480.965,0.007117438,0,0,3.35,866.78,91.8,5.28125,5.691893491,562,1
16341,1872.91,19.03529412,85,United Kingdom,167,3,167,1,6.01,1.5025,4,1.5,340,624.3033333,0.008823529,0.00320891,0,0,1853.01,19.9,5.21875,11.21502994,1020,0
16343,285.54,4.857142857,35,United Kingdom,137,1,270,0,0,0,0,0,137,285.54,0.00729927,0,0,0,171.04,114.5,4.28125,2.084233577,137,1
16344,741.32,15.63636364,44,United Kingdom,240,3,270,0,0,0,0,0,399,247.1066667,0.007518797,0,0,0,629.46,111.86,7.5,3.088833333,1197,0
16345,613.33,4.549295775,71,United Kingdom,213,1,270,0,0,0,0,0,213,613.33,0.004694836,0,0,5.1,473.17,135.06,6.65625,2.879483568,213,1
16346,224.51,19.26666667,15,United Kingdom,115,1,270,0,0,0,0,0,115,224.51,0.008695652,0,0,15,199.56,9.95,3.59375,1.95226087,115,1
16347,2568.11,5.261538462,260,United Kingdom,118,9,271,2,27.4,9.133333333,3,2,368,285.3455556,0.024456522,0.010669325,0,0,2024.84,543.27,3.6875,21.76364407,3312,1
16348,328.77,11.58064516,31,United Kingdom,160,1,270,0,0,0,0,0,160,328.77,0.00625,0,0,0,310.92,17.85,5,2.0548125,160,0
16349,53.5,1,9,United Kingdom,21,1,270,0,0,0,0,0,21,53.5,0.047619048,0,0,0,8.4,45.1,0.429447853,2.547619048,21,1
16350,1482.72,7.858695652,92,United Kingdom,64,6,95,3,31.4,6.28,5,1,158,247.12,0.037974684,0.021177296,0,0,1080.97,401.75,2,23.1675,948,1
16351,3279.13,10.71212121,198,United Kingdom,63,13,242,5,50.9,4.627272727,11,4,465,252.2407692,0.027956989,0.01552241,0,36.75,3019.83,222.55,1.96875,52.04968254,6045,1
16353,4577.14,18.60952381,105,United Kingdom,1,24,284,3,13.53,4.51,3,1.666666667,462,190.7141667,0.051948052,0.002955994,0,17.34,4540,19.8,0.03125,4577.14,11088,0
16354,723.66,4.376237624,101,United Kingdom,110,3,270,0,0,0,0,0,321,241.22,0.009345794,0,0,92.7,470.01,160.95,3.4375,6.578727273,963,1
16355,349.2,2.9,50,United Kingdom,105,1,104,1,67.15,33.575,2,17,105,349.2,0.00952381,0.192296678,0,11.8,265.85,71.55,3.28125,3.325714286,105,1
16356,306.1,3.279069767,43,United Kingdom,8,4,270,0,0,0,0,0,282,76.525,0.014184397,0,0,0,233.75,72.35,0.25,38.2625,1128,0
16357,209.49,11,13,United Kingdom,111,1,270,0,0,0,0,0,111,209.49,0.009009009,0,0,0,169.89,39.6,3.46875,1.887297297,111,0
16358,892.15,16.95555556,45,United Kingdom,125,1,270,0,0,0,0,0,125,892.15,0.008,0,0,0,846.55,45.6,3.90625,7.1372,125,0
16359,1339.44,11.92857143,84,United Kingdom,5,10,59,2,39.6,19.8,2,4,392,133.944,0.025510204,0.029564594,0,0,1063.64,275.8,0.15625,267.888,3920,0
16362,189.67,8.642857143,14,United Kingdom,168,1,161,1,22.5,22.5,1,6,168,189.67,0.005952381,0.118627089,0,0,151.92,37.75,5.25,1.128988095,168,1
16365,1984.98,8.037037037,81,United Kingdom,89,8,455,1,10.4,10.4,1,16,459,248.1225,0.017429194,0.005239347,0,10.85,646.36,1327.77,1.8200409,22.30314607,3672,0
16366,1220.83,10.43333333,60,United Kingdom,312,3,270,0,0,0,0,0,454,406.9433333,0.00660793,0,0,55.1,802.08,363.65,9.75,3.912916667,1362,1
16367,716.9,4.207692308,130,United Kingdom,93,2,270,0,0,0,0,0,113,358.45,0.017699115,0,0,0,651.8,65.1,2.90625,7.708602151,226,1
16368,141.53,2.666666667,21,United Kingdom,166,1,270,0,0,0,0,0,166,141.53,0.006024096,0,0,0,120.38,21.15,5.1875,0.852590361,166,1
16369,1111.15,10.75,52,United Kingdom,166,4,270,0,0,0,0,0,341,277.7875,0.011730205,0,0,0,702.2,408.95,5.1875,6.693674699,1364,0
16371,157.2,9.818181818,11,United Kingdom,179,1,270,0,0,0,0,0,179,157.2,0.005586592,0,0,0,106.5,50.7,5.59375,0.878212291,179,1
16372,904.58,2.410714286,224,United Kingdom,139,3,132,1,30,30,1,24,337,301.5266667,0.008902077,0.033164563,0,42.15,753.23,109.2,4.34375,6.507769784,1011,1
16373,309.49,4.103448276,29,United Kingdom,112,2,270,0,0,0,0,0,141,154.745,0.014184397,0,0,3.75,297.24,8.5,3.5,2.763303571,282,1
16374,1250.77,2.254237288,236,United Kingdom,132,3,270,0,0,0,0,0,318,416.9233333,0.009433962,0,0,10.05,782.73,457.99,4.125,9.475530303,954,0
16375,104,5.692307692,13,United Kingdom,200,2,270,0,0,0,0,0,200,52,0.01,0,0,0,104,0,6.25,0.52,400,1
16377,632.28,285.6,5,United Kingdom,348,1,270,0,0,0,0,0,348,632.28,0.002873563,0,0,0,632.28,0,10.875,1.816896552,348,0
16378,287.05,11.25,20,United Kingdom,27,2,270,0,0,0,0,0,41,143.525,0.048780488,0,0,0,260.8,26.25,0.84375,10.63148148,82,0
16381,247.85,1.770491803,61,United Kingdom,126,2,270,0,0,0,0,0,148,123.925,0.013513514,0,0,0,166.15,81.7,3.9375,1.967063492,296,1
16382,353.1,3.795454545,44,United Kingdom,138,2,270,0,0,0,0,0,281,176.55,0.007117438,0,0,2.52,219.99,130.59,4.3125,2.558695652,562,1
16383,2185.18,3.659016393,305,United Kingdom,126,5,173,1,59.05,14.7625,4,1.75,403,437.036,0.012406948,0.027022945,0,124.75,1455.35,605.08,3.9375,17.34269841,2015,0
16384,774.45,12.52083333,48,United Kingdom,160,2,270,0,0,0,0,0,320,387.225,0.00625,0,0,12.6,717.4,44.45,5,4.8403125,640,0
16385,473.69,3.75,76,United Kingdom,96,3,270,0,0,0,0,0,362,157.8966667,0.008287293,0,0,0,419.49,54.2,3,4.934270833,1086,0
16386,765.59,8.534482759,58,United Kingdom,118,1,270,0,0,0,0,0,118,765.59,0.008474576,0,0,0,679.14,86.45,3.6875,6.488050847,118,0
16387,882.46,5.149425287,87,United Kingdom,53,5,270,0,0,0,0,0,369,176.492,0.013550136,0,0,0,643.06,239.4,1.65625,16.65018868,1845,1
16388,186.05,6.384615385,13,United Kingdom,384,1,270,0,0,0,0,0,384,186.05,0.002604167,0,0,22.8,132.65,30.6,12,0.484505208,384,1
16389,119.65,9.833333333,6,United Kingdom,13,1,270,0,0,0,0,0,13,119.65,0.076923077,0,0,0,119.65,0,0.40625,9.203846154,13,0
16390,467.5,5.80952381,21,United Kingdom,267,3,270,0,0,0,0,0,409,155.8333333,0.007334963,0,0,0,236.5,231,8.34375,1.75093633,1227,1
16391,1048.86,2.360927152,302,United Kingdom,131,4,270,0,0,0,0,0,292,262.215,0.01369863,0,0,51.06,727.13,270.67,4.09375,8.006564885,1168,1
16392,755.45,4.216783217,143,United Kingdom,0,3,270,0,0,0,0,0,292,251.8166667,0.010273973,0,0,37.95,596.12,121.38,0,755.45,876,1
16393,2745.76,3.592827004,474,United Kingdom,25,13,93,1,16.65,8.325,2,6.5,469,211.2123077,0.02771855,0.006063895,0,32.4,2376.26,337.1,0.78125,109.8304,6097,0
16394,312.41,14.03846154,26,United Kingdom,20,1,270,0,0,0,0,0,20,312.41,0.05,0,0,0,312.41,0,0.625,15.6205,20,0
16395,2407.16,3.622718053,493,United Kingdom,54,11,460,3,78.9,13.15,6,3.333333333,464,218.8327273,0.023706897,0.032777215,0,48.83,1999.5,358.83,1.6875,44.57703704,5104,0
16396,102.7,3.833333333,12,United Kingdom,206,1,203,2,35.1,8.775,4,8.5,206,102.7,0.004854369,0.341772152,0,0,91,11.7,6.4375,0.498543689,206,1
16397,123.13,4.777777778,9,United Kingdom,358,1,270,0,0,0,0,0,358,123.13,0.002793296,0,0,0,20.38,102.75,7.321063395,0.343938547,358,1
16399,222.2,4.973684211,38,United Kingdom,119,1,270,0,0,0,0,0,119,222.2,0.008403361,0,0,11.8,173.1,37.3,3.71875,1.867226891,119,0
16400,2755.92,7.957983193,238,United Kingdom,125,8,270,0,0,0,0,0,462,344.49,0.017316017,0,0,67.5,2342.72,345.7,3.90625,22.04736,3696,1
16401,3231.85,12.86956522,207,United Kingdom,24,13,127,8,183.08,15.25666667,12,8.416666667,285,248.6038462,0.045614035,0.056648669,0,3.75,3147.6,80.5,0.75,134.6604167,3705,0
16402,205.65,1.888888889,54,United Kingdom,99,1,270,0,0,0,0,0,99,205.65,0.01010101,0,0,0,151.1,54.55,3.09375,2.077272727,99,0
16403,161.05,6.866666667,15,United Kingdom,42,1,32,1,16.45,3.29,5,2.2,42,161.05,0.023809524,0.102142192,0,0,161.05,0,1.3125,3.83452381,42,1
16405,167.25,37.4,5,United Kingdom,32,2,270,0,0,0,0,0,40,83.625,0.05,0,0,0,94.3,72.95,1,5.2265625,80,1
16406,355.31,1.293478261,92,United Kingdom,181,2,383,1,18.7,9.35,2,11,384,177.655,0.005208333,0.052630098,0,13.3,196.66,145.35,5.65625,1.963038674,768,1
16407,1217.36,6.070707071,99,United Kingdom,16,7,270,0,0,0,0,0,162,173.9085714,0.043209877,0,0,0,886.91,330.45,0.5,76.085,1134,0
16408,231.93,5.044444444,45,United Kingdom,321,1,270,0,0,0,0,0,321,231.93,0.003115265,0,0,26.65,190.43,14.85,10.03125,0.722523364,321,1
16409,3901.32,4.214527027,592,United Kingdom,47,8,270,0,0,0,0,0,456,487.665,0.01754386,0,0,60.4,3138.72,702.2,1.46875,83.00680851,3648,0
16410,130.32,69.6,5,United Kingdom,464,1,270,0,0,0,0,0,464,130.32,0.002155172,0,0,60,70.32,0,14.5,0.280862069,464,1
16411,673.24,2.541401274,157,United Kingdom,99,3,270,0,0,0,0,0,158,224.4133333,0.018987342,0,0,9.2,614.59,49.45,3.09375,6.80040404,474,1
16412,457.2,2.445652174,92,United Kingdom,124,4,270,0,0,0,0,0,403,114.3,0.009925558,0,0,13.85,375.9,67.45,3.875,3.687096774,1612,1
16413,259.83,3.648648649,37,United Kingdom,106,1,270,0,0,0,0,0,106,259.83,0.009433962,0,0,0,200.53,59.3,3.3125,2.451226415,106,1
16414,475.76,3.220338983,59,United Kingdom,10,4,270,0,0,0,0,0,425,118.94,0.009411765,0,0,3.75,337.53,134.48,0.3125,47.576,1700,1
16415,496.49,3.367346939,98,United Kingdom,314,2,270,0,0,0,0,0,407,248.245,0.004914005,0,0,9.57,371.58,115.34,9.8125,1.581178344,814,1
16416,1906.48,13.26956522,115,United Kingdom,120,6,270,0,0,0,0,0,385,317.7466667,0.015584416,0,0,25.5,1723.44,157.54,3.75,15.88733333,2310,1
16417,35.7,6,1,United Kingdom,223,1,270,0,0,0,0,0,223,35.7,0.004484305,0,0,0,0,35.7,4.560327198,0.160089686,223,1
16418,397.62,4.655737705,61,United Kingdom,138,2,270,0,0,0,0,0,153,198.81,0.013071895,0,0,0,276.67,120.95,4.3125,2.881304348,306,0
16419,1009.17,7.338461538,65,United Kingdom,5,4,4,1,12.75,12.75,1,1,398,252.2925,0.010050251,0.012634145,0,40.1,642.77,326.3,0.15625,201.834,1592,0
16420,75,60,2,United Kingdom,126,1,270,0,0,0,0,0,126,75,0.007936508,0,0,0,75,0,3.9375,0.595238095,126,1
16421,526.27,3.236842105,38,United Kingdom,106,3,270,0,0,0,0,0,200,175.4233333,0.015,0,0,0,193.62,332.65,2.167689162,4.964811321,600,1
16422,33261.09,86.6728972,428,United Kingdom,8,71,5,9,1409.1,93.94,15,112.2,427,468.4660563,0.166276347,0.042364817,0,0,30491.85,2769.24,0.25,4157.63625,30317,0
16424,258.5,13.11111111,9,United Kingdom,113,1,67,1,51,51,1,6,113,258.5,0.008849558,0.19729207,0,0,111.6,146.9,2.310838446,2.287610619,113,0
16425,302.7,9.476190476,21,United Kingdom,32,1,270,0,0,0,0,0,32,302.7,0.03125,0,0,20.4,119.15,163.15,0.654396728,9.459375,32,1
16426,328.37,14.27272727,11,United Kingdom,6,1,270,0,0,0,0,0,6,328.37,0.166666667,0,0,0,145.62,182.75,0.122699387,54.72833333,6,0
16427,109.8,21,4,United Kingdom,14,1,270,0,0,0,0,0,14,109.8,0.071428571,0,0,0,109.8,0,0.4375,7.842857143,14,0
16428,638.49,4.527559055,127,United Kingdom,144,3,270,0,0,0,0,0,228,212.83,0.013157895,0,0,68.5,490.45,79.54,4.5,4.433958333,684,1
16430,802.09,9.666666667,21,United Kingdom,111,5,270,0,0,0,0,0,412,160.418,0.012135922,0,0,0,511.39,290.7,3.46875,7.226036036,2060,1
16431,334.6,4.333333333,45,United Kingdom,27,2,270,0,0,0,0,0,27,167.3,0.074074074,0,0,0,249.85,84.75,0.84375,12.39259259,54,0
16433,200.26,6.352941176,17,United Kingdom,139,1,270,0,0,0,0,0,139,200.26,0.007194245,0,0,0,150.76,49.5,4.34375,1.440719424,139,1
16434,1540.69,7.555555556,99,United Kingdom,30,6,409,1,14.7,14.7,1,7,421,256.7816667,0.014251781,0.00954118,0,16.74,917.05,606.9,0.9375,51.35633333,2526,0
16435,1003.07,4.864,125,United Kingdom,242,3,270,0,0,0,0,0,244,334.3566667,0.012295082,0,0,16.59,496.13,490.35,7.5625,4.144917355,732,1
16436,231.84,4.880952381,42,United Kingdom,398,3,462,1,87.3,43.65,2,11,463,77.28,0.006479482,0.376552795,-67.5,30.15,247.19,22,12.4375,0.582512563,1389,1
16437,301.25,9.380952381,21,United Kingdom,111,2,270,0,0,0,0,0,160,150.625,0.0125,0,0,0,289.35,11.9,3.46875,2.713963964,320,1
16439,310.7,8.222222222,9,United Kingdom,452,1,270,0,0,0,0,0,452,310.7,0.002212389,0,0,0,243.9,66.8,14.125,0.687389381,452,1
16440,216.3,3.6,25,United Kingdom,224,1,270,0,0,0,0,0,224,216.3,0.004464286,0,0,0,174.5,41.8,7,0.965625,224,0
16441,832.03,5.581081081,74,United Kingdom,21,4,165,1,10.95,10.95,1,1,357,208.0075,0.011204482,0.013160583,0,58.17,609.81,164.05,0.65625,39.62047619,1428,1
16442,429.74,1.65,120,United Kingdom,91,3,270,0,0,0,0,0,457,143.2466667,0.006564551,0,0,16.92,294.22,118.6,2.84375,4.722417582,1371,0
16443,162.24,96,1,United Kingdom,251,1,270,0,0,0,0,0,251,162.24,0.003984064,0,0,162.24,0,0,9.330855019,0.646374502,251,1
16444,2912.91,5.287197232,289,United Kingdom,121,13,121,2,58.3,29.15,2,5,355,224.07,0.036619718,0.02001435,0,36.66,2341.35,534.9,3.78125,24.07363636,4615,0
16445,352.65,1.504273504,117,United Kingdom,117,3,270,0,0,0,0,0,142,117.55,0.021126761,0,0,0,298.3,54.35,3.65625,3.014102564,426,1
16447,471.19,2.764705882,34,United Kingdom,320,2,270,0,0,0,0,0,390,235.595,0.005128205,0,0,11.9,137.15,322.14,6.54396728,1.47246875,780,0
16448,178.13,3.225806452,31,United Kingdom,201,1,270,0,0,0,0,0,201,178.13,0.004975124,0,0,11.6,153.03,13.5,6.28125,0.886218905,201,0
16449,416.69,10.30434783,23,United Kingdom,11,1,270,0,0,0,0,0,11,416.69,0.090909091,0,0,0,324.64,92.05,0.34375,37.88090909,11,0
16450,1163.81,13.84848485,33,United Kingdom,314,2,459,1,30,30,1,24,386,581.905,0.005181347,0.025777404,0,0,721.41,442.4,9.8125,3.706401274,772,0
16451,742.43,7.711538462,52,United Kingdom,291,2,461,1,3.75,3.75,1,3,465,371.215,0.004301075,0.005050981,0,21.25,607.25,113.93,9.09375,2.551305842,930,1
16452,332.17,11.05555556,18,United Kingdom,361,2,270,0,0,0,0,0,424,166.085,0.004716981,0,0,8.4,272.77,51,11.28125,0.920138504,848,1
16453,251.71,9.266666667,15,United Kingdom,261,2,270,0,0,0,0,0,278,125.855,0.007194245,0,0,0,144.06,107.65,8.15625,0.96440613,556,1
16454,1.55,1,1,United Kingdom,341,1,270,0,0,0,0,0,341,1.55,0.002932551,0,0,0,1.55,0,10.65625,0.004545455,341,1
16455,2608.72,15.26618705,139,United Kingdom,91,7,133,2,77.65,25.88333333,3,14.33333333,350,372.6742857,0.02,0.029765556,0,3.9,2401.57,203.25,2.84375,28.66725275,2450,0
16456,5079.25,8.149122807,342,United Kingdom,37,10,270,0,0,0,0,0,351,507.925,0.028490028,0,0,2.55,4340.37,736.33,1.15625,137.277027,3510,0
16458,2775.55,7.395238095,210,United Kingdom,14,15,270,0,0,0,0,0,292,185.0366667,0.051369863,0,0,3.75,2729.15,42.65,0.4375,198.2535714,4380,0
16459,71.79,11.8,5,United Kingdom,460,1,270,0,0,0,0,0,460,71.79,0.002173913,0,0,0,53.94,17.85,14.375,0.156065217,460,1
16461,1396.91,4.01369863,219,United Kingdom,321,2,270,0,0,0,0,0,376,698.455,0.005319149,0,0,79.34,1080.62,236.95,10.03125,4.351744548,752,0
16462,34,4,1,United Kingdom,14,1,270,0,0,0,0,0,14,34,0.071428571,0,0,0,0,34,0.286298569,2.428571429,14,0
16465,726.34,10.24489796,49,United Kingdom,151,2,144,1,19.9,19.9,1,2,175,363.17,0.011428571,0.027397637,0,0,548.84,177.5,4.71875,4.810198675,350,1
16466,2155.25,5.086956522,207,United Kingdom,23,9,242,1,125,125,1,1,372,239.4722222,0.024193548,0.057997912,0,16.48,1801.68,337.09,0.71875,93.70652174,3348,0
16467,2862.4,295.2,25,United Kingdom,239,7,258,1,6.76,6.76,1,4,468,408.9142857,0.014957265,0.002361655,0,0,2862.4,0,7.46875,11.97656904,3276,1
16468,712.62,7.906976744,43,United Kingdom,200,2,270,0,0,0,0,0,211,356.31,0.009478673,0,0,0,697.77,14.85,6.25,3.5631,422,1
16469,178.48,3.130434783,23,United Kingdom,244,1,270,0,0,0,0,0,244,178.48,0.004098361,0,0,0,125.49,52.99,7.625,0.73147541,244,0
16470,1875.47,2.648255814,344,United Kingdom,89,8,89,1,4.95,4.95,1,1,459,234.43375,0.017429194,0.002639338,0,129.5,1171.37,574.6,2.78125,21.07269663,3672,0
16471,1186.18,10.40625,64,United Kingdom,5,4,122,2,3.8,1.9,2,2,383,296.545,0.010443864,0.003203561,0,0,1032.58,153.6,0.15625,237.236,1532,1
16472,789.6,6.461538462,39,United Kingdom,164,2,270,0,0,0,0,0,328,394.8,0.006097561,0,0,85.15,305.4,399.05,3.353783231,4.814634146,656,1
16473,371.28,10.20833333,24,United Kingdom,17,3,12,1,1.25,1.25,1,1,104,123.76,0.028846154,0.003366731,0,0,344.33,26.95,0.53125,21.84,312,0
16475,310,9.6,20,United Kingdom,4,1,270,0,0,0,0,0,4,310,0.25,0,0,0,298.1,11.9,0.125,77.5,4,0
16476,337,7,26,United Kingdom,162,1,147,2,13.35,6.675,2,2.5,162,337,0.00617284,0.039614243,0,0,254.75,82.25,5.0625,2.080246914,162,1
16477,2776.12,10.14534884,172,United Kingdom,4,8,270,0,0,0,0,0,215,347.015,0.037209302,0,0,22.5,2655.72,97.9,0.125,694.03,1720,0
16481,430.93,9.789473684,19,United Kingdom,412,1,390,2,22.45,7.483333333,3,5,412,430.93,0.002427184,0.052096628,0,0,307.6,123.33,12.875,1.045946602,412,1
16485,1766.54,7.955357143,112,United Kingdom,162,4,162,2,157,15.7,10,2.7,464,441.635,0.00862069,0.088874297,0,44.22,1211.6,510.72,5.0625,10.9045679,1856,1
16486,134.36,3.428571429,7,United Kingdom,268,1,270,0,0,0,0,0,268,134.36,0.003731343,0,0,0,29.5,104.86,5.480572597,0.501343284,268,1
16487,209.4,4.657142857,35,United Kingdom,307,2,270,0,0,0,0,0,389,104.7,0.005141388,0,0,0,186.75,22.65,9.59375,0.682084691,778,1
16489,303.7,6.333333333,6,United Kingdom,110,2,270,0,0,0,0,0,166,151.85,0.012048193,0,0,0,10,293.7,2.249488753,2.760909091,332,1
16490,179.16,6.625,16,United Kingdom,166,1,160,1,26.25,8.75,3,2.333333333,166,179.16,0.006024096,0.14651708,0,0,151.86,27.3,5.1875,1.079277108,166,1
16491,792.81,11.81632653,49,United Kingdom,143,1,131,1,8.85,8.85,1,3,143,792.81,0.006993007,0.011162826,0,0,742.06,50.75,4.46875,5.544125874,143,1
16492,385.56,10.2173913,23,United Kingdom,271,1,270,0,0,0,0,0,271,385.56,0.003690037,0,0,0,321.96,63.6,8.46875,1.422730627,271,1
16493,1148.26,15.47826087,69,United Kingdom,15,5,270,0,0,0,0,0,353,229.652,0.014164306,0,0,28.25,1063.51,56.5,0.46875,76.55066667,1765,0
16494,826.53,13.5,50,United Kingdom,27,1,270,0,0,0,0,0,27,826.53,0.037037037,0,0,0,826.53,0,0.84375,30.61222222,27,1
16495,246.51,5.03030303,33,United Kingdom,6,2,270,0,0,0,0,0,6,123.255,0.333333333,0,0,0,186.31,60.2,0.1875,41.085,12,1
16496,1467.95,13.13095238,84,United Kingdom,47,4,270,0,0,0,0,0,239,366.9875,0.016736402,0,0,0,1197.65,270.3,1.46875,31.23297872,956,0
16497,4241.97,8.149122807,228,United Kingdom,48,19,270,0,0,0,0,0,466,223.2615789,0.040772532,0,0,0,2940.97,1301,1.5,88.374375,8854,0
16499,2509.64,9.026666667,150,United Kingdom,90,8,90,5,68.7,11.45,6,1.666666667,277,313.705,0.028880866,0.027374444,0,0,2093.57,416.07,2.8125,27.88488889,2216,1
16500,600.1,10.52,25,United Kingdom,61,4,263,1,7.95,7.95,1,1,273,150.025,0.014652015,0.013247792,0,0,369.6,230.5,1.90625,9.837704918,1092,1
16501,1191.23,3.155778894,199,United Kingdom,113,1,270,0,0,0,0,0,113,1191.23,0.008849558,0,0,72.7,853.13,265.4,3.53125,10.54185841,113,1
16502,258.55,5.365853659,41,United Kingdom,350,2,270,0,0,0,0,0,350,129.275,0.005714286,0,0,0,128.35,130.2,7.157464213,0.738714286,700,1
16503,3007.75,7.103825137,183,United Kingdom,61,9,88,2,16.45,5.483333333,3,1,266,334.1944444,0.033834586,0.005469205,0,44.05,1998.97,964.73,1.90625,49.30737705,2394,0
16507,142.71,2.921052632,38,United Kingdom,302,1,270,0,0,0,0,0,302,142.71,0.003311258,0,0,12.45,107.56,22.7,9.4375,0.472549669,302,1
16508,240.95,2.395348837,43,United Kingdom,360,1,270,0,0,0,0,0,360,240.95,0.002777778,0,0,3.75,164.87,72.33,11.25,0.669305556,360,1
16509,363.7,4.923076923,13,United Kingdom,27,1,270,0,0,0,0,0,27,363.7,0.037037037,0,0,0,169.5,194.2,0.552147239,13.47037037,27,1
16510,1757.25,8.351351351,111,United Kingdom,102,6,270,0,0,0,0,0,422,292.875,0.014218009,0,0,3.6,1101.2,652.45,3.1875,17.22794118,2532,1
16511,842.16,2.510344828,145,United Kingdom,127,3,270,0,0,0,0,0,379,280.72,0.007915567,0,0,53.6,506.77,281.79,3.96875,6.631181102,1137,0
16515,1874.78,6.096774194,155,United Kingdom,41,6,270,0,0,0,0,0,271,312.4633333,0.022140221,0,0,80.4,1422.43,371.95,1.28125,45.72634146,1626,0
16517,162.7,5.647058824,17,United Kingdom,7,1,270,0,0,0,0,0,7,162.7,0.142857143,0,0,0,144.85,17.85,0.21875,23.24285714,7,1
16518,644.65,7.452380952,42,United Kingdom,14,3,0,2,21.1,7.033333333,3,2.666666667,286,214.8833333,0.01048951,0.032730939,0,0,459.45,185.2,0.4375,46.04642857,858,1
16519,327.68,4.285714286,28,United Kingdom,95,3,270,0,0,0,0,0,378,109.2266667,0.007936508,0,0,18.68,155.3,153.7,2.96875,3.449263158,1134,1
16520,1420.82,2.73540856,257,United Kingdom,95,4,377,1,6.75,6.75,1,1,377,355.205,0.01061008,0.004750778,0,3.35,1033.92,383.55,2.96875,14.956,1508,0
16521,1136.36,4.292372881,236,United Kingdom,145,3,270,0,0,0,0,0,378,378.7866667,0.007936508,0,0,19.6,854.48,262.28,4.53125,7.836965517,1134,1
16522,433.36,11.77777778,18,United Kingdom,166,2,270,0,0,0,0,0,180,216.68,0.011111111,0,0,35.4,297.06,100.9,5.1875,2.61060241,360,1
16523,3208.77,7.794642857,112,United Kingdom,46,8,120,4,32.99,6.598,5,1,414,401.09625,0.019323671,0.010281198,0,10.2,1101.2,2097.37,0.940695297,69.75586957,3312,0
16524,306.19,4.886792453,53,United Kingdom,176,2,270,0,0,0,0,0,421,153.095,0.004750594,0,0,2.1,227.69,76.4,5.5,1.739715909,842,1
16525,14748.3,38.10526316,228,United Kingdom,6,30,214,3,100.02,25.005,4,8.5,467,491.61,0.064239829,0.006781799,0,12.5,10600.31,4135.49,0.1875,2458.05,14010,0
16526,426.85,8.65,20,United Kingdom,314,1,270,0,0,0,0,0,314,426.85,0.003184713,0,0,14.75,264.6,147.5,9.8125,1.359394904,314,0
16527,1004.88,10.20338983,59,United Kingdom,154,1,270,0,0,0,0,0,154,1004.88,0.006493506,0,0,17.7,743.43,243.75,4.8125,6.525194805,154,1
16529,1531.55,5.520408163,98,United Kingdom,208,3,270,0,0,0,0,0,260,510.5166667,0.011538462,0,0,13.8,984.16,533.59,6.5,7.363221154,780,0
16530,48.35,5.666666667,3,United Kingdom,398,1,270,0,0,0,0,0,398,48.35,0.002512563,0,0,0,11.4,36.95,8.139059305,0.121482412,398,1
16531,1503.82,13.78723404,94,United Kingdom,24,7,168,1,34.75,17.375,2,2.5,172,214.8314286,0.040697674,0.023107819,0,0,1341.12,162.7,0.75,62.65916667,1204,0
16532,3918.24,336,3,United Kingdom,69,3,270,0,0,0,0,0,351,1306.08,0.008547009,0,0,0,3918.24,0,2.15625,56.78608696,1053,0
16534,635.9,4.666666667,36,United Kingdom,372,1,270,0,0,0,0,0,372,635.9,0.002688172,0,0,48.45,200.9,386.55,7.607361963,1.709408602,372,1
16535,358.29,7.871794872,39,United Kingdom,115,1,270,0,0,0,0,0,115,358.29,0.008695652,0,0,0,299.34,58.95,3.59375,3.115565217,115,1
16537,10.55,9.5,2,United Kingdom,371,1,270,0,0,0,0,0,371,10.55,0.002695418,0,0,10.55,0,0,13.79182156,0.028436658,371,1
16538,395.07,6.195121951,41,United Kingdom,271,3,270,0,0,0,0,0,325,131.69,0.009230769,0,0,0,356.77,38.3,8.46875,1.457822878,975,1
16539,2648.1,7.689655172,116,United Kingdom,88,8,270,0,0,0,0,0,262,331.0125,0.030534351,0,0,0,1139.3,1508.8,1.799591002,30.09204545,2096,0
16540,205.75,3.620689655,29,United Kingdom,144,1,270,0,0,0,0,0,144,205.75,0.006944444,0,0,10.55,161.5,33.7,4.5,1.428819444,144,1
16541,419.78,4.41025641,39,United Kingdom,465,1,466,1,4.25,4.25,1,1,465,419.78,0.002150538,0.010124351,0,5.9,244.53,169.35,14.53125,0.902752688,465,1
16542,137.7,10.66666667,9,United Kingdom,131,1,270,0,0,0,0,0,131,137.7,0.007633588,0,0,0,137.7,0,4.09375,1.051145038,131,1
16543,277.81,15.15,20,United Kingdom,322,1,313,1,14.4,7.2,2,7,322,277.81,0.00310559,0.051833987,0,0,277.81,0,10.0625,0.862763975,322,1
16544,110.3,3.857142857,14,United Kingdom,250,4,390,2,266.4,88.8,3,32,392,27.575,0.010204082,2.415231188,1.42E-14,36.25,50.25,23.8,7.8125,0.4412,1568,1
16545,350.52,48.8,5,United Kingdom,106,1,270,0,0,0,0,0,106,350.52,0.009433962,0,0,0,350.52,0,3.3125,3.306792453,106,0
16546,4421.04,35.34736842,95,United Kingdom,21,5,102,2,886.03,126.5757143,7,121.8571429,172,884.208,0.029069767,0.20041212,0,0,3558.94,862.1,0.65625,210.5257143,860,1
16547,104.26,4.32,25,United Kingdom,276,1,270,0,0,0,0,0,276,104.26,0.003623188,0,0,0,79.26,25,8.625,0.377753623,276,1
16548,30.15,1,6,United Kingdom,329,1,270,0,0,0,0,0,329,30.15,0.003039514,0,0,3.75,3.05,23.35,6.72801636,0.091641337,329,1
16549,8843.84,2.195829556,2206,United Kingdom,64,25,162,3,22.55,4.51,5,1,351,353.7536,0.071225071,0.002549797,0,105.6,7207.62,1530.62,2,138.185,8775,0
16550,6830.28,7.183421517,567,United Kingdom,98,14,98,8,233.09,14.568125,16,2.9375,468,487.8771429,0.02991453,0.03412598,0,58.65,5730.93,1040.7,3.0625,69.69673469,6552,0
16551,1626.07,20.70149254,67,United Kingdom,67,5,270,0,0,0,0,0,456,325.214,0.010964912,0,0,12.6,953.68,659.79,2.09375,24.26970149,2280,0
16552,95.29,7.8,5,United Kingdom,104,1,270,0,0,0,0,0,104,95.29,0.009615385,0,0,0,54.94,40.35,3.25,0.91625,104,0
16553,13623.24,55.35294118,255,United Kingdom,4,26,96,2,32.89,10.96333333,3,6.666666667,396,523.9707692,0.065656566,0.002414257,0,53.1,12142.14,1428,0.125,3405.81,10296,0
16554,1760.52,6.042253521,142,United Kingdom,62,6,62,7,244.95,9.421153846,26,3.346153846,455,293.42,0.013186813,0.139135028,0,0,1252.29,508.23,1.9375,28.39548387,2730,0
16555,-1.78E-15,0,98,United Kingdom,235,4,231,4,1629.79,33.26102041,49,33.48979592,235,-4.44E-16,0.017021277,1629.79,0,0,1.24E-14,0,7.34375,-7.56E-18,940,1
16556,5247.43,8.488636364,352,United Kingdom,25,12,174,7,402.35,22.35277778,18,1.333333333,463,437.2858333,0.025917927,0.07667563,0,35.4,3677.38,1534.65,0.78125,209.8972,5556,0
16558,6672.36,8.268948655,409,United Kingdom,4,23,32,7,104.3,6.953333333,15,2.333333333,466,290.1026087,0.049356223,0.015631651,0,67.2,5302.38,1302.78,0.125,1668.09,10718,0
16559,175,3.588235294,17,United Kingdom,127,1,270,0,0,0,0,0,127,175,0.007874016,0,0,0,151.15,23.85,3.96875,1.377952756,127,1
16560,2550.386329,7.774390244,164,United Kingdom,88,7,382,1,12.75,12.75,1,1,462,364.3409042,0.015151515,0.004999243,0,30,1698.15,822.2363291,2.75,28.98166283,3234,1
16562,223.86,7.764705882,34,United Kingdom,207,1,270,0,0,0,0,0,207,223.86,0.004830918,0,0,0,223.86,0,6.46875,1.081449275,207,1
16563,3324.62,29.38028169,71,United Kingdom,130,5,130,1,10.2,10.2,1,12,468,664.924,0.010683761,0.00306802,0,0,3101.47,223.15,4.0625,25.574,2340,1
16564,87.8,8,5,United Kingdom,299,1,270,0,0,0,0,0,299,87.8,0.003344482,0,0,0,87.8,0,9.34375,0.293645485,299,1
16565,700.45,14.69230769,13,United Kingdom,94,4,217,1,72.6,36.3,2,10,286,175.1125,0.013986014,0.103647655,0,0,700.45,0,2.9375,7.451595745,1144,1
16566,94.9,7,2,United Kingdom,23,1,270,0,0,0,0,0,23,94.9,0.043478261,0,0,0,15.3,79.6,0.470347648,4.126086957,23,0
16567,557.56,18.30769231,26,United Kingdom,67,1,270,0,0,0,0,0,67,557.56,0.014925373,0,0,30.4,406.91,120.25,2.09375,8.321791045,67,0
16568,1020.9,73.2,5,United Kingdom,158,2,270,0,0,0,0,0,371,510.45,0.005390836,0,0,0,597.6,423.3,4.9375,6.461392405,742,1
16569,1331.03,29.83333333,30,United Kingdom,361,4,270,0,0,0,0,0,453,332.7575,0.008830022,0,0,76.8,1211.68,42.55,11.28125,3.687063712,1812,1
16570,4080.85,16.52795031,161,United Kingdom,0,12,43,8,519.2,34.61333333,15,6.2,350,340.0708333,0.034285714,0.127228396,0,0,3391.65,689.2,0,4080.85,4200,0
16571,3176.51,13.5410628,207,United Kingdom,12,8,115,5,87.22,8.722,10,3.9,362,397.06375,0.022099448,0.027457807,0,12.6,3047.46,116.45,0.375,264.7091667,2896,0
16572,342.58,9.619047619,21,United Kingdom,6,1,270,0,0,0,0,0,6,342.58,0.166666667,0,0,0,304.83,37.75,0.1875,57.09666667,6,0
16573,282.38,5.578947368,19,United Kingdom,20,1,12,1,10.25,3.416666667,3,1.666666667,20,282.38,0.05,0.036298605,0,0,195.18,87.2,0.625,14.119,20,1
16574,850.34,10.10344828,58,United Kingdom,154,2,270,0,0,0,0,0,389,425.17,0.005141388,0,0,12.6,761.24,76.5,4.8125,5.521688312,778,1
16576,513.17,8.583333333,36,United Kingdom,150,2,140,3,27.7,9.233333333,3,4.666666667,252,256.585,0.007936508,0.053978214,0,0,427.97,85.2,4.6875,3.421133333,504,1
16577,380,6.173913043,23,United Kingdom,397,1,270,0,0,0,0,0,397,380,0.002518892,0,0,0,263.3,116.7,12.40625,0.957178841,397,1
16578,156.6,12,9,United Kingdom,356,1,270,0,0,0,0,0,356,156.6,0.002808989,0,0,0,156.6,0,11.125,0.43988764,356,1
16579,264.45,7.133333333,15,United Kingdom,156,1,95,1,30.6,30.6,1,12,156,264.45,0.006410256,0.115711855,0,0,194.1,70.35,4.875,1.695192308,156,1
16583,297.95,8.5,18,United Kingdom,104,2,270,0,0,0,0,0,404,148.975,0.004950495,0,0,0,297.95,0,3.25,2.864903846,808,1
16584,2169.94,20.83333333,60,United Kingdom,162,3,158,1,50.15,8.358333333,6,2.833333333,392,723.3133333,0.007653061,0.023111238,0,25.2,2099.09,45.65,5.0625,13.39469136,1176,0
16585,341.59,8.388888889,18,United Kingdom,324,2,270,0,0,0,0,0,425,170.795,0.004705882,0,0,0,288.04,53.55,10.125,1.054290123,850,1
16586,998.83,12.65,20,United Kingdom,175,2,270,0,0,0,0,0,366,499.415,0.005464481,0,0,0,604.05,394.78,5.46875,5.7076,732,0
16588,1361.28,12.42253521,71,United Kingdom,116,4,270,0,0,0,0,0,304,340.32,0.013157895,0,0,0,997.23,364.05,3.625,11.73517241,1216,1
16589,153.12,15.27272727,11,United Kingdom,180,1,270,0,0,0,0,0,180,153.12,0.005555556,0,0,0,153.12,0,5.625,0.850666667,180,0
16590,563.6,7.090909091,33,United Kingdom,131,2,111,1,42.3,10.575,4,1.5,145,281.8,0.013793103,0.075053229,0,0,287.75,275.85,4.09375,4.302290076,290,1
16592,4006.46,11.24110672,253,United Kingdom,18,13,195,3,143.05,11.92083333,12,5.583333333,451,308.1892308,0.028824834,0.035704837,0,0,3592.28,414.18,0.5625,222.5811111,5863,0
16593,790.81,5.685185185,54,United Kingdom,58,6,462,1,19.9,9.95,2,1,465,131.8016667,0.012903226,0.025164072,0,0,425.46,365.35,1.8125,13.63465517,2790,0
16595,1397.59,2.713896458,367,United Kingdom,106,4,270,0,0,0,0,0,422,349.3975,0.009478673,0,0,59.49,1102.9,235.2,3.3125,13.18481132,1688,1
16596,329.48,7.222222222,18,United Kingdom,96,3,270,0,0,0,0,0,459,109.8266667,0.006535948,0,0,0,276.93,52.55,3,3.432083333,1377,1
16598,140.7,6.363636364,11,United Kingdom,16,1,7,1,4.35,4.35,1,3,16,140.7,0.0625,0.030916844,0,11.7,129,0,0.5,8.79375,16,1
16599,172.8,13.25,12,United Kingdom,116,1,270,0,0,0,0,0,116,172.8,0.00862069,0,0,0,141,31.8,3.625,1.489655172,116,1
16600,1405.9,14.6122449,98,United Kingdom,69,8,118,3,59.85,7.48125,8,3.125,451,175.7375,0.017738359,0.042570595,0,118.6,1081.65,205.65,2.15625,20.37536232,3608,0
16601,434.3,6.615384615,39,United Kingdom,121,2,270,0,0,0,0,0,353,217.15,0.005665722,0,0,4.95,308.25,121.1,3.78125,3.589256198,706,1
16602,216.9,5.933333333,15,United Kingdom,119,1,115,2,18.35,4.5875,4,1,119,216.9,0.008403361,0.084601199,0,0,166.7,50.2,3.71875,1.822689076,119,1
16604,326.25,7.666666667,15,United Kingdom,293,2,278,1,106.2,35.4,3,20,298,163.125,0.006711409,0.325517241,0,0,252,74.25,9.15625,1.113481229,596,1
16605,60.48,144,1,United Kingdom,454,1,270,0,0,0,0,0,454,60.48,0.002202643,0,0,0,60.48,0,14.1875,0.133215859,454,1
16606,357.66,6.727272727,22,United Kingdom,134,2,270,0,0,0,0,0,164,178.83,0.012195122,0,0,0,220.36,137.3,4.1875,2.669104478,328,1
16607,3144.29,12.66463415,164,United Kingdom,14,15,87,3,317.65,105.8833333,3,3.333333333,319,209.6193333,0.047021944,0.101024397,0,125.55,2309.34,709.4,0.4375,224.5921429,4785,0
16608,1286.62,5.05785124,121,United Kingdom,184,2,270,0,0,0,0,0,394,643.31,0.005076142,0,0,0,991.07,295.55,5.75,6.9925,788,1
16611,1655.64,8.27,100,United Kingdom,134,5,270,0,0,0,0,0,369,331.128,0.013550136,0,0,113.5,1179.14,363,4.1875,12.35552239,1845,0
16612,2335.87,8.725,120,United Kingdom,42,6,104,1,1.95,1.95,1,1,466,389.3116667,0.012875536,0.000834807,0,11.7,1691.47,632.7,1.3125,55.61595238,2796,0
16614,673.6,5.47826087,23,United Kingdom,132,2,270,0,0,0,0,0,308,336.8,0.006493506,0,0,0,88.35,585.25,2.699386503,5.103030303,616,0
16615,264.5,10.35,20,United Kingdom,356,1,299,1,27,27,1,4,356,264.5,0.002808989,0.102079395,0,0,202.9,61.6,11.125,0.742977528,356,1
16618,728.16,11.31428571,35,United Kingdom,53,1,270,0,0,0,0,0,53,728.16,0.018867925,0,0,0,455.96,272.2,1.65625,13.73886792,53,0
16619,1712.12,9.039215686,102,United Kingdom,113,3,270,0,0,0,0,0,386,570.7066667,0.007772021,0,0,32.7,1202.81,476.61,3.53125,15.15150442,1158,0
16620,1579.97,12.44705882,85,United Kingdom,120,4,270,0,0,0,0,0,468,394.9925,0.008547009,0,0,12.6,1353.24,214.13,3.75,13.16641667,1872,0
16621,162.85,9.4,5,United Kingdom,8,1,270,0,0,0,0,0,8,162.85,0.125,0,0,0,36.6,126.25,0.163599182,20.35625,8,0
16622,205.6,2.857142857,14,United Kingdom,274,1,272,1,19.8,9.9,2,2,274,205.6,0.003649635,0.096303502,0,15.3,80.4,109.9,5.603271984,0.750364964,274,1
16623,873.04,8.553191489,47,United Kingdom,132,3,263,1,12.75,12.75,1,1,322,291.0133333,0.00931677,0.014604142,0,51.8,482.89,338.35,4.125,6.613939394,966,0
16625,1651.08,10.56,100,United Kingdom,5,5,272,1,2.95,2.95,1,1,274,330.216,0.018248175,0.001786709,0,145.84,1370.54,134.7,0.15625,330.216,1370,1
16628,130.05,6.875,8,United Kingdom,138,2,270,0,0,0,0,0,372,65.025,0.005376344,0,0,0,94.5,35.55,4.3125,0.942391304,744,0
16630,104.3,14,5,United Kingdom,137,1,165,1,2.5,2.5,1,2,137,104.3,0.00729927,0.023969319,0,0,104.3,0,4.28125,0.761313869,137,1
16631,1867.02,9.543209877,81,United Kingdom,212,7,377,1,25.5,25.5,1,2,382,266.7171429,0.018324607,0.013658129,0,12.6,1067.65,786.77,6.625,8.806698113,2674,1
16632,406.4,9.481481481,27,United Kingdom,216,2,270,0,0,0,0,0,311,203.2,0.006430868,0,0,7.5,398.9,0,6.75,1.881481481,622,1
16634,1145.2,4.433962264,106,United Kingdom,102,5,110,4,451.51,18.81291667,24,32.04166667,418,229.04,0.011961722,0.394263011,0,0,622.1,523.1,3.1875,11.22745098,2090,0
16635,473,11.08,25,United Kingdom,137,1,270,0,0,0,0,0,137,473,0.00729927,0,0,0,455.15,17.85,4.28125,3.452554745,137,1
16636,3802.04,29.94520548,73,United Kingdom,168,4,270,0,0,0,0,0,376,950.51,0.010638298,0,0,0,3205.29,596.75,5.25,22.63119048,1504,1
16638,1656.85,10.60638298,94,United Kingdom,8,10,270,0,0,0,0,0,208,165.685,0.048076923,0,0,35.7,1147.75,473.4,0.25,207.10625,2080,0
16639,490.47,7.774193548,31,United Kingdom,139,1,270,0,0,0,0,0,139,490.47,0.007194245,0,0,0,326.12,164.35,4.34375,3.528561151,139,0
16640,179.4,11.23076923,13,United Kingdom,128,1,270,0,0,0,0,0,128,179.4,0.0078125,0,0,0,179.4,0,4,1.4015625,128,1
16641,323.4,8.25,24,United Kingdom,432,1,270,0,0,0,0,0,432,323.4,0.002314815,0,0,61.2,232.2,30,13.5,0.748611111,432,1
16642,371.63,12.09090909,22,United Kingdom,145,1,118,1,17.49,8.745,2,15,145,371.63,0.006896552,0.047062939,0,2.52,299.01,70.1,4.53125,2.562965517,145,0
16643,428.05,9.064516129,31,United Kingdom,153,1,148,1,7.55,2.516666667,3,1,153,428.05,0.006535948,0.017638126,0,0,410.2,17.85,4.78125,2.797712418,153,0
16645,160.39,8.357142857,14,United Kingdom,466,1,270,0,0,0,0,0,466,160.39,0.002145923,0,0,49.94,91.4,19.05,14.5625,0.344184549,466,1
16646,675.05,35.7,30,United Kingdom,179,1,174,1,3.75,3.75,1,1,179,675.05,0.005586592,0.005555144,0,0,675.05,0,5.59375,3.77122905,179,1
16647,327.84,13.15789474,19,United Kingdom,172,2,270,0,0,0,0,0,274,163.92,0.00729927,0,0,0,265.96,61.88,5.375,1.906046512,548,0
16648,382.14,12.33333333,18,United Kingdom,186,2,270,0,0,0,0,0,320,191.07,0.00625,0,0,0,321.14,61,5.8125,2.054516129,640,1
16649,306.58,4.1,20,United Kingdom,250,1,270,0,0,0,0,0,250,306.58,0.004,0,0,2.9,121.05,182.63,5.112474438,1.22632,250,1
16650,1397.69,15.39189189,74,United Kingdom,150,6,270,0,0,0,0,0,249,232.9483333,0.024096386,0,0,0,1110.54,287.15,4.6875,9.317933333,1494,1
16651,136.2,10,6,United Kingdom,317,1,270,0,0,0,0,0,317,136.2,0.003154574,0,0,0,136.2,0,9.90625,0.429652997,317,1
16652,12246.73,26.18617021,188,United Kingdom,3,10,136,4,117.85,13.09444444,9,1.666666667,363,1224.673,0.027548209,0.009622977,0,0,7817.83,4428.9,0.09375,4082.243333,3630,0
16654,1110.2,7.796296296,54,United Kingdom,98,5,270,0,0,0,0,0,342,222.04,0.014619883,0,0,0,741.45,368.75,3.0625,11.32857143,1710,0
16655,3445.99,5.250673854,371,United Kingdom,62,8,270,0,0,0,0,0,407,430.74875,0.01965602,0,0,91.14,2351.58,1003.27,1.9375,55.58048387,3256,0
16656,9094.65,76.82105263,95,United Kingdom,22,18,47,10,511.04,42.58666667,12,36.75,465,505.2583333,0.038709677,0.056191277,0,0,8069.35,1025.3,0.6875,413.3931818,8370,0
16658,563.48,3.166666667,72,United Kingdom,98,5,166,3,117.35,11.735,10,4.1,349,112.696,0.014326648,0.208259388,0,7.8,233.78,321.9,2.00408998,5.749795918,1745,1
16660,894.5,46,12,United Kingdom,50,4,270,0,0,0,0,0,425,223.625,0.009411765,0,0,0,894.5,0,1.5625,17.89,1700,0
16661,788.31,3.618421053,76,United Kingdom,270,4,308,1,144.45,10.31785714,14,6.357142857,452,197.0775,0.008849558,0.183240096,0,32.45,378.21,377.65,8.4375,2.919666667,1808,1
16662,151.05,1.25,28,United Kingdom,124,1,270,0,0,0,0,0,124,151.05,0.008064516,0,0,21.05,31.8,98.2,2.535787321,1.218145161,124,1
16663,165,100,1,United Kingdom,459,1,270,0,0,0,0,0,459,165,0.002178649,0,0,0,165,0,14.34375,0.359477124,459,1
16664,109.2,3,8,United Kingdom,299,1,270,0,0,0,0,0,299,109.2,0.003344482,0,0,0,83.7,25.5,9.34375,0.365217391,299,1
16665,135.4,6.555555556,9,United Kingdom,92,1,270,0,0,0,0,0,92,135.4,0.010869565,0,0,0,86.5,48.9,2.875,1.47173913,92,1
16666,98.73,7.5625,16,United Kingdom,351,1,270,0,0,0,0,0,351,98.73,0.002849003,0,0,4.2,68.18,26.35,10.96875,0.281282051,351,1
16667,200.4,3.85,20,United Kingdom,14,1,270,0,0,0,0,0,14,200.4,0.071428571,0,0,0,146.8,53.6,0.4375,14.31428571,14,1
16668,606.46,14.97222222,36,United Kingdom,15,8,270,0,0,0,0,0,361,75.8075,0.022160665,0,0,0,508.26,98.2,0.46875,40.43066667,2888,0
16670,5119.29,8.068047337,338,United Kingdom,13,13,5,9,208.8,14.91428571,14,4.857142857,459,393.7915385,0.02832244,0.040786906,0,27.6,4323.96,767.73,0.40625,393.7915385,5967,0
16673,171.13,5,19,United Kingdom,409,1,270,0,0,0,0,0,409,171.13,0.002444988,0,0,12.6,118.83,39.7,12.78125,0.418410758,409,1
16675,608.86,12.86956522,23,United Kingdom,172,2,270,0,0,0,0,0,208,304.43,0.009615385,0,0,0,590.96,17.9,5.375,3.539883721,416,1
16676,1234.6,6.780821918,73,United Kingdom,67,3,270,0,0,0,0,0,148,411.5333333,0.02027027,0,0,2.9,662.41,569.29,2.09375,18.42686567,444,0
16677,849.77,9.265306122,49,United Kingdom,141,2,123,1,30.85,15.425,2,1.5,382,424.885,0.005235602,0.036303941,0,15.3,534.19,300.28,4.40625,6.026737589,764,1
16678,309.68,9,20,United Kingdom,13,1,9,1,2.5,1.25,2,1,13,309.68,0.076923077,0.008072849,0,0,275.68,34,0.40625,23.82153846,13,0
16679,663.31,13.72222222,18,United Kingdom,96,3,270,0,0,0,0,0,277,221.1033333,0.010830325,0,0,15,382.41,265.9,3,6.909479167,831,1
16680,637.75,14.89473684,19,United Kingdom,258,2,270,0,0,0,0,0,265,318.875,0.00754717,0,0,98.9,473.95,64.9,8.0625,2.471899225,530,1
16681,151.5,17,5,United Kingdom,371,1,270,0,0,0,0,0,371,151.5,0.002695418,0,0,0,151.5,0,11.59375,0.408355795,371,0
16683,309.35,9.894736842,19,United Kingdom,264,1,259,1,10.9,10.9,1,2,264,309.35,0.003787879,0.035235171,0,0,248.15,61.2,8.25,1.171780303,264,1
16684,85269.51,111.8216319,527,United Kingdom,26,33,26,8,5031.68,179.7028571,28,106.9285714,462,2583.924545,0.071428571,0.059009135,0,93.6,70815.01,14360.9,0.8125,3279.596538,15246,0
16686,2589.75,2.956456456,666,United Kingdom,36,11,36,2,19.35,6.45,3,1.666666667,463,235.4318182,0.023758099,0.007471764,0,107.7,2187.7,294.35,1.125,71.9375,5093,0
16687,157.63,17.625,8,United Kingdom,121,1,270,0,0,0,0,0,121,157.63,0.008264463,0,0,11.05,130.68,15.9,3.78125,1.302727273,121,1
16690,127.45,10.14285714,7,United Kingdom,123,2,270,0,0,0,0,0,181,63.725,0.011049724,0,0,0,106.6,20.85,3.84375,1.036178862,362,0
16691,178.83,8.363636364,11,United Kingdom,148,2,270,0,0,0,0,0,291,89.415,0.006872852,0,0,0,101.13,77.7,4.625,1.208310811,582,1
16692,647.2,242.3333333,3,United Kingdom,19,3,270,0,0,0,0,0,172,215.7333333,0.01744186,0,0,0,638.7,8.5,0.59375,34.06315789,516,0
16693,855.03,3.884615385,130,United Kingdom,2,4,270,0,0,0,0,0,387,213.7575,0.010335917,0,0,26.2,637.53,191.3,0.0625,427.515,1548,1
16694,98.3,8.666666667,3,United Kingdom,453,1,270,0,0,0,0,0,453,98.3,0.002207506,0,0,0,50.4,47.9,14.15625,0.216997792,453,1
16695,191.9,5.257142857,35,United Kingdom,292,2,270,0,0,0,0,0,292,95.95,0.006849315,0,0,0,154.2,37.7,9.125,0.657191781,584,1
16699,964.9,10.06349206,63,United Kingdom,110,7,300,1,29.7,29.7,1,6,465,137.8428571,0.015053763,0.030780392,0,12.35,615.9,336.65,3.4375,8.771818182,3255,1
16700,4985.42,12.40625,288,United Kingdom,28,15,137,2,47.1,23.55,2,7,468,332.3613333,0.032051282,0.009447549,0,0,4526.37,459.05,0.875,178.0507143,7020,0
16701,5660.79,33.79012346,162,United Kingdom,28,16,20,4,80.26,13.37666667,6,9.166666667,468,353.799375,0.034188034,0.014178233,0,33.9,4451.44,1175.45,0.875,202.1710714,7488,0
16702,1099.58,7.571428571,91,United Kingdom,145,4,284,1,9.95,9.95,1,1,462,274.895,0.008658009,0.00904891,0,10.7,568.88,520,4.53125,7.583310345,1848,1
16704,664.16,8.018518519,54,United Kingdom,348,2,270,0,0,0,0,0,402,332.08,0.004975124,0,0,24.9,481.46,157.8,10.875,1.908505747,804,1
16705,32317.67,36.96993988,499,United Kingdom,41,25,32,13,783.22,37.29619048,21,13.76190476,460,1292.7068,0.054347826,0.024235039,0,29.8,24184.92,8102.95,1.28125,788.2358537,11500,0
16707,533.41,6.092307692,65,United Kingdom,130,4,270,0,0,0,0,0,370,133.3525,0.010810811,0,0,1.95,380.41,151.05,4.0625,4.103153846,1480,1
16709,7146.67,10.91732283,254,United Kingdom,12,10,270,0,0,0,0,0,460,714.667,0.02173913,0,0,127.78,3880.34,3138.55,0.375,595.5558333,4600,0
16710,4083.14,4.363338789,611,United Kingdom,7,15,268,1,12.75,12.75,1,1,465,272.2093333,0.032258065,0.003122597,0,119.78,3166.26,797.1,0.21875,583.3057143,6975,0
16711,1699.25,28.5625,16,United Kingdom,32,6,394,1,117,58.5,2,13,467,283.2083333,0.012847966,0.068853906,0,0,1363.25,336,1,53.1015625,2802,0
16712,988.13,3.654411765,136,United Kingdom,6,3,270,0,0,0,0,0,131,329.3766667,0.022900763,0,0,0.58,530.95,456.6,0.1875,164.6883333,393,0
16713,8698.85,6.12327044,795,United Kingdom,25,21,24,6,122.05,11.09545455,11,1.545454545,455,414.2309524,0.046153846,0.01403059,0,70.6,5951.61,2676.64,0.78125,347.954,9555,0
16714,1209.38,7.25,112,United Kingdom,47,3,47,3,272.95,90.98333333,3,5,401,403.1266667,0.007481297,0.225694157,0,0,1114.98,94.4,1.46875,25.73148936,1203,1
16715,323.8,59.11111111,9,United Kingdom,293,1,270,0,0,0,0,0,293,323.8,0.003412969,0,0,91.92,223.38,8.5,9.15625,1.105119454,293,1
16716,1401.48,101.5,8,United Kingdom,41,2,33,1,581.4,581.4,1,76,361,700.74,0.005540166,0.414847162,0,0,1248.48,153,1.28125,34.18243902,722,0
16717,3002.5,7.605714286,175,United Kingdom,96,9,40,4,125.35,15.66875,8,3.625,462,333.6111111,0.019480519,0.041748543,0,56.4,2379.7,566.4,3,31.27604167,4158,0
16718,3006.08,10.8700565,177,United Kingdom,99,5,270,0,0,0,0,0,463,601.216,0.010799136,0,0,70.3,2433.63,502.15,3.09375,30.36444444,2315,1
16719,2346.16,5.489285714,280,United Kingdom,19,10,19,3,144.75,24.125,6,3.5,457,234.616,0.021881838,0.061696559,0,39.5,1273.26,1033.4,0.59375,123.4821053,4570,0
16720,403.74,2.344827586,116,United Kingdom,106,2,106,1,10.05,5.025,2,1,452,201.87,0.004424779,0.024892257,0,53.4,234.49,115.85,3.3125,3.808867925,904,1
16722,4569.53,18.03791469,211,United Kingdom,18,12,91,2,3.1,1.55,2,1,466,380.7941667,0.025751073,0.000678407,0,30,4250.84,288.69,0.5625,253.8627778,5592,0
16723,654.96,6.829268293,82,United Kingdom,174,2,270,0,0,0,0,0,465,327.48,0.004301075,0,0,12.6,502.36,140,5.4375,3.764137931,930,1
16724,147.35,4.058823529,17,United Kingdom,135,1,270,0,0,0,0,0,135,147.35,0.007407407,0,0,2.55,123,21.8,4.21875,1.091481481,135,1
16725,1675.41,1.99713467,349,United Kingdom,32,13,38,2,11.4,5.7,2,1,456,128.8776923,0.028508772,0.006804305,0,65.6,1000.91,608.9,1,52.3565625,5928,1
16726,1290.9,4.807017544,171,United Kingdom,24,5,270,0,0,0,0,0,141,258.18,0.035460993,0,0,11.8,1118.75,160.35,0.75,53.7875,705,0
16727,1377.77,5.2,205,United Kingdom,94,4,270,0,0,0,0,0,419,344.4425,0.009546539,0,0,14.57,1335.8,27.4,2.9375,14.65712766,1676,1
16730,146.7,21.8125,16,United Kingdom,49,1,32,1,40.32,20.16,2,48,49,146.7,0.020408163,0.274846626,0,0,146.7,0,1.53125,2.993877551,49,0
16731,170.3,2.952380952,42,United Kingdom,378,1,270,0,0,0,0,0,378,170.3,0.002645503,0,0,5.87,138.68,25.75,11.8125,0.450529101,378,1
16732,3363.04,10.22277228,202,United Kingdom,133,3,127,5,420.85,46.76111111,9,3.555555556,461,1121.013333,0.006507592,0.125139755,0,15.3,2430.36,917.38,4.15625,25.28601504,1383,1
16733,259.68,9.333333333,12,United Kingdom,260,1,270,0,0,0,0,0,260,259.68,0.003846154,0,0,0,188.28,71.4,8.125,0.998769231,260,1
16735,3970.01,11.60504202,238,United Kingdom,64,10,179,6,607.2,27.6,22,13.18181818,462,397.001,0.021645022,0.152946718,0,30.6,3666.61,272.8,2,62.03140625,4620,0
16736,2904.51,7.068027211,147,United Kingdom,236,5,314,3,52.05,13.0125,4,2.75,466,580.902,0.010729614,0.017920407,0,66.75,1691.61,1146.15,7.375,12.30724576,2330,1
16737,417.6,288,1,United Kingdom,308,1,270,0,0,0,0,0,308,417.6,0.003246753,0,0,0,417.6,0,9.625,1.355844156,308,1
16738,3.75,3,1,United Kingdom,28,1,270,0,0,0,0,0,28,3.75,0.035714286,0,0,3.75,0,0,1.040892193,0.133928571,28,1
16739,459.68,8.384615385,26,United Kingdom,267,1,244,1,3.75,3.75,1,1,267,459.68,0.003745318,0.008157849,0,0,402.9,56.78,8.34375,1.72164794,267,0
16740,226.91,3.4375,32,United Kingdom,125,1,270,0,0,0,0,0,125,226.91,0.008,0,0,0,180.56,46.35,3.90625,1.81528,125,1
16741,173.06,7.363636364,11,United Kingdom,355,1,270,0,0,0,0,0,355,173.06,0.002816901,0,0,0,82.78,90.28,7.259713701,0.487492958,355,1
16742,2334.97,24.82524272,103,United Kingdom,223,13,270,0,0,0,0,0,453,179.6130769,0.028697572,0,0,0,2206.52,128.45,6.96875,10.47071749,5889,1
16743,2790.08,9.731092437,238,United Kingdom,4,9,270,0,0,0,0,0,326,310.0088889,0.027607362,0,0,7.55,2767.58,14.95,0.125,697.52,2934,0
16745,1767.02,14.68888889,135,United Kingdom,5,5,270,0,0,0,0,0,42,353.404,0.119047619,0,0,0,1721.32,45.7,0.15625,353.404,210,0
16746,12579.08,12.08385093,644,United Kingdom,23,27,128,3,31.2,6.24,5,1,465,465.8918519,0.058064516,0.002480309,0,54.35,10994.2,1530.53,0.71875,546.9165217,12555,0
16748,2726.19,13.50862069,116,United Kingdom,39,11,140,1,5.04,5.04,1,12,460,247.8354545,0.023913043,0.001848734,0,0,2708.34,17.85,1.21875,69.90230769,5060,0
16749,4157.88,26.52777778,72,United Kingdom,321,2,270,0,0,0,0,0,454,2078.94,0.004405286,0,0,167.1,3751.73,239.05,10.03125,12.9528972,908,1
16752,207.5,6,9,United Kingdom,103,1,270,0,0,0,0,0,103,207.5,0.009708738,0,0,12.6,65.1,129.8,2.106339468,2.014563107,103,1
16754,54692.82,332.9146341,164,United Kingdom,102,29,175,5,10807.25,450.3020833,24,373.0416667,372,1885.95931,0.077956989,0.197599063,0,895.14,52891.18,906.5,3.1875,536.2041176,10788,1
16755,1698.96,6.543859649,171,United Kingdom,46,5,197,1,6.35,6.35,1,1,460,339.792,0.010869565,0.003737581,0,141.5,1310.31,247.15,1.4375,36.93391304,2300,0
16756,1048.02,8.608695652,69,United Kingdom,135,6,179,2,24.95,8.316666667,3,2.333333333,370,174.67,0.016216216,0.023806798,0,0,872.07,175.95,4.21875,7.763111111,2220,0
16757,270.48,12,15,United Kingdom,49,2,270,0,0,0,0,0,139,135.24,0.014388489,0,0,0,270.48,0,1.53125,5.52,278,1
16760,228,9.882352941,17,United Kingdom,160,1,270,0,0,0,0,0,160,228,0.00625,0,0,17.7,210.3,0,5,1.425,160,1
16763,352.85,8.238095238,21,United Kingdom,468,1,270,0,0,0,0,0,468,352.85,0.002136752,0,0,0,266.85,86,14.625,0.753952991,468,0
16765,454.75,5.980769231,52,United Kingdom,24,2,270,0,0,0,0,0,112,227.375,0.017857143,0,0,8.05,320.65,126.05,0.75,18.94791667,224,1
16766,1145.6,15.76470588,34,United Kingdom,3,2,270,0,0,0,0,0,3,572.8,0.666666667,0,0,0,971,174.6,0.09375,381.8666667,6,1
16767,4240.87,25.83333333,150,United Kingdom,46,5,220,1,102,102,1,24,320,848.174,0.015625,0.024051669,0,0,3595.17,645.7,1.4375,92.19282609,1600,0
16768,1362.73,4.510948905,137,United Kingdom,2,7,114,3,41,5.857142857,7,1,463,194.6757143,0.01511879,0.030086664,0,8.35,791.43,562.95,0.0625,681.365,3241,1
16769,755.51,3.644067797,59,United Kingdom,208,3,270,0,0,0,0,0,456,251.8366667,0.006578947,0,0,0,439.16,316.35,6.5,3.632259615,1368,0
16770,1517.48,3.323308271,266,United Kingdom,43,7,88,2,32.1,10.7,3,4.666666667,204,216.7828571,0.034313725,0.021153491,0,45.1,1165.48,306.9,1.34375,35.29023256,1428,0
16771,3330.24,5.68404908,326,United Kingdom,5,8,270,0,0,0,0,0,461,416.28,0.017353579,0,0,302.49,2090.05,937.7,0.15625,666.048,3688,1
16772,2760.1,6.975,80,United Kingdom,153,3,147,2,937.95,78.1625,12,10.75,452,920.0333333,0.006637168,0.339824644,0,0,968.15,1791.95,3.128834356,18.03986928,1356,1
16773,249.65,2.076923077,39,United Kingdom,166,2,270,0,0,0,0,0,463,124.825,0.004319654,0,0,8,124.55,117.1,5.1875,1.503915663,926,1
16774,905.96,5.445783133,83,United Kingdom,153,4,270,0,0,0,0,0,391,226.49,0.010230179,0,0,52.6,608.41,244.95,4.78125,5.92130719,1564,0
16775,1624.83,3.755244755,143,United Kingdom,21,8,153,1,81.6,81.6,1,96,172,203.10375,0.046511628,0.050220638,0,12.75,1020.63,591.45,0.65625,77.37285714,1376,0
16776,220.97,3.290909091,55,United Kingdom,146,1,270,0,0,0,0,0,146,220.97,0.006849315,0,0,0,220.97,0,4.5625,1.513493151,146,1
16777,1038.81,4.197916667,96,United Kingdom,144,3,130,1,30.75,15.375,2,2.5,363,346.27,0.008264463,0.029601178,0,13.8,725.32,299.69,4.5,7.213958333,1089,0
16778,93.18,13.2,5,United Kingdom,4,1,270,0,0,0,0,0,4,93.18,0.25,0,0,17.34,75.84,0,0.125,23.295,4,1
16779,24564.43,18.50841346,832,United Kingdom,7,38,41,5,130.61,4.837407407,27,1.962962963,466,646.4323684,0.081545064,0.005317038,-4.95,890.04,21246.71,2432.63,0.21875,3509.204286,17708,0
16780,174.16,2.216216216,37,United Kingdom,137,1,270,0,0,0,0,0,137,174.16,0.00729927,0,0,0,94.76,79.4,4.28125,1.271240876,137,0
16781,606.4,4.634146341,41,United Kingdom,102,2,95,1,16.6,8.3,2,1,399,303.2,0.005012531,0.02737467,0,27.6,326.35,252.45,3.1875,5.945098039,798,1
16782,8299.11,2.218327183,1626,United Kingdom,7,29,50,9,67.5,5.625,12,1.083333333,461,286.1762069,0.062906725,0.008133402,0,124.4,5778.85,2395.86,0.21875,1185.587143,13369,0
16783,391.95,6.52,25,United Kingdom,167,1,270,0,0,0,0,0,167,391.95,0.005988024,0,0,0,306.45,85.5,5.21875,2.347005988,167,1
16784,784.73,3.032258065,155,United Kingdom,107,4,270,0,0,0,0,0,351,196.1825,0.011396011,0,0,5.45,727.48,51.8,3.34375,7.333925234,1404,1
16785,533.78,8.942857143,35,United Kingdom,140,1,270,0,0,0,0,0,140,533.78,0.007142857,0,0,0,402.78,131,4.375,3.812714286,140,1
16786,51.84,72,1,United Kingdom,124,1,270,0,0,0,0,0,124,51.84,0.008064516,0,0,0,51.84,0,3.875,0.418064516,124,1
16787,1017.53,4.214285714,112,United Kingdom,128,4,270,0,0,0,0,0,429,254.3825,0.009324009,0,0,123.7,680.03,213.8,4,7.949453125,1716,1
16788,1334.54,2.003030303,330,United Kingdom,134,3,270,0,0,0,0,0,401,444.8466667,0.007481297,0,0,30.33,1104.28,199.93,4.1875,9.959253731,1203,0
16791,2409.01,2.854761905,420,United Kingdom,62,9,110,2,77.07,15.414,5,4.6,466,267.6677778,0.019313305,0.031992395,0,58.15,1611.64,739.22,1.9375,38.855,4194,0
16792,623.46,3.176470588,102,United Kingdom,12,5,270,0,0,0,0,0,434,124.692,0.011520737,0,0,25.35,469.31,128.8,0.375,51.955,2170,1
16794,856.2,2.915178571,224,United Kingdom,111,5,270,0,0,0,0,0,354,171.24,0.014124294,0,0,26.55,701.35,128.3,3.46875,7.713513514,1770,0
16795,2035.21,3.468208092,346,United Kingdom,95,3,146,2,27.2,2.72,10,1.4,413,678.4033333,0.007263923,0.013364714,0,68.4,1709.56,257.25,2.96875,21.42326316,1239,1
16797,1761.02,2.197530864,405,United Kingdom,123,5,146,4,41,5.857142857,7,1.142857143,467,352.204,0.010706638,0.023281962,0,7.6,1202.19,551.23,3.84375,14.31723577,2335,1
16798,832.21,1.2,170,United Kingdom,284,3,459,1,8.95,8.95,1,1,459,277.4033333,0.006535948,0.010754497,0,83.2,235.81,513.2,5.807770961,2.930316901,1377,1
16799,447.83,1.731182796,93,United Kingdom,162,2,162,1,4.95,4.95,1,1,184,223.915,0.010869565,0.011053301,0,11.8,299.23,136.8,5.0625,2.764382716,368,1
16801,751.9,4.133333333,45,United Kingdom,3,1,270,0,0,0,0,0,3,751.9,0.333333333,0,0,0,305.8,446.1,0.061349693,250.6333333,3,0
16802,582.61,6.962264151,53,United Kingdom,409,2,270,0,0,0,0,0,460,291.305,0.004347826,0,0,118.35,280.51,183.75,12.78125,1.424474328,920,1
16804,118.05,1.789473684,19,United Kingdom,0,1,270,0,0,0,0,0,0,118.05,1,0,0,0,52.25,65.8,0,118.05,0,0
16805,830.52,4.146341463,205,United Kingdom,90,3,270,0,0,0,0,0,455,276.84,0.006593407,0,0,24.8,730.22,75.5,2.8125,9.228,1365,0
16807,1314.52,9.555555556,99,United Kingdom,1,4,378,2,59,29.5,2,10,353,328.63,0.011331445,0.044883303,0,-23.6,1152.42,185.7,0.03125,1314.52,1412,0
16808,166.5,6.105263158,19,United Kingdom,4,1,270,0,0,0,0,0,4,166.5,0.25,0,0,0,128.25,38.25,0.125,41.625,4,1
16809,812.74,4.009090909,110,United Kingdom,162,4,270,0,0,0,0,0,335,203.185,0.011940299,0,0,3.3,726.1,83.34,5.0625,5.01691358,1340,0
16810,476.6,11,23,United Kingdom,150,1,91,2,55.9,13.975,4,1.25,150,476.6,0.006666667,0.117289131,0,0,425.75,50.85,4.6875,3.177333333,150,0
16812,2216.8,9.482758621,116,United Kingdom,91,4,110,1,175.2,175.2,1,16,112,554.2,0.035714286,0.07903284,0,0,1747.55,469.25,2.84375,24.36043956,448,1
16814,7618.36,5.36,550,United Kingdom,24,22,270,0,0,0,0,0,338,346.2890909,0.065088757,0,0,52.2,4826.48,2739.68,0.75,317.4316667,7436,0
16815,406.02,3.246575342,73,United Kingdom,184,2,270,0,0,0,0,0,267,203.01,0.007490637,0,0,7.65,298.19,100.18,5.75,2.206630435,534,1
16816,325.45,9.55,20,United Kingdom,43,2,270,0,0,0,0,0,88,162.725,0.022727273,0,0,12.6,296.95,15.9,1.34375,7.568604651,176,0
16817,1412.15,9.882352941,85,United Kingdom,4,7,95,2,52.55,8.758333333,6,6.666666667,162,201.7357143,0.043209877,0.037212761,0,0,1206.05,206.1,0.125,353.0375,1134,0
16819,182.59,14.88235294,17,United Kingdom,195,2,270,0,0,0,0,0,195,91.295,0.01025641,0,0,12.6,137.54,32.45,6.09375,0.936358974,390,1
16821,113.35,1.857142857,7,United Kingdom,112,1,270,0,0,0,0,0,112,113.35,0.008928571,0,0,0,0,113.35,2.290388548,1.012053571,112,1
16822,144.84,12.76923077,13,United Kingdom,416,1,394,2,36.55,18.275,2,2.5,416,144.84,0.002403846,0.252347418,0,0,141.69,3.15,13,0.348173077,416,1
16823,1877.76,7.566176471,136,United Kingdom,117,6,133,1,6.95,6.95,1,1,468,312.96,0.012820513,0.003701218,0,40.51,1487.16,350.09,3.65625,16.04923077,2808,0
16824,225.6,11.84615385,13,United Kingdom,124,1,270,0,0,0,0,0,124,225.6,0.008064516,0,0,0,200.1,25.5,3.875,1.819354839,124,0
16825,1051.71,20.30555556,36,United Kingdom,108,3,270,0,0,0,0,0,264,350.57,0.011363636,0,0,0,601.06,450.65,3.375,9.738055556,792,0
16827,387.18,11.27272727,11,United Kingdom,123,5,270,0,0,0,0,0,319,77.436,0.015673981,0,0,0,313.88,73.3,3.84375,3.147804878,1595,1
16829,316.1,7.25,16,United Kingdom,118,1,270,0,0,0,0,0,118,316.1,0.008474576,0,0,0,202.05,114.05,3.6875,2.678813559,118,0
16830,857.79,7.8,55,United Kingdom,173,3,448,1,23.8,7.933333333,3,2,457,285.93,0.006564551,0.027745719,0,17.7,688.54,151.55,5.40625,4.958323699,1371,1
16831,91.8,8,6,United Kingdom,295,1,270,0,0,0,0,0,295,91.8,0.003389831,0,0,0,91.8,0,9.21875,0.311186441,295,1
16832,218.46,16.22222222,9,United Kingdom,159,2,270,0,0,0,0,0,189,109.23,0.010582011,0,0,0,202.56,15.9,4.96875,1.373962264,378,0
16833,1611.99,9.492063492,63,United Kingdom,64,3,270,0,0,0,0,0,353,537.33,0.008498584,0,0,0,944.04,667.95,2,25.18734375,1059,0
16834,485.5,16.75,24,United Kingdom,404,1,270,0,0,0,0,0,404,485.5,0.002475248,0,0,0,447.4,38.1,12.625,1.201732673,404,0
16835,1290.66,5.268292683,82,United Kingdom,103,5,217,4,66.9,13.38,5,4.4,300,258.132,0.016666667,0.051833945,0,25.2,783.1,482.36,3.21875,12.53067961,1500,0
16836,530.5,12.06451613,31,United Kingdom,137,2,270,0,0,0,0,0,304,265.25,0.006578947,0,0,0,428.1,102.4,4.28125,3.872262774,608,0
16838,929.93,8.24,50,United Kingdom,18,3,7,2,32.95,16.475,2,2.5,393,309.9766667,0.007633588,0.035432775,0,0,572.23,357.7,0.5625,51.66277778,1179,0
16839,8292.16,28.55714286,140,United Kingdom,13,17,5,5,170.39,28.39833333,6,4.833333333,396,487.7741176,0.042929293,0.020548325,0,0,5860.41,2431.75,0.40625,637.8584615,6732,0
16840,139.85,13,9,United Kingdom,333,2,270,0,0,0,0,0,405,69.925,0.004938272,0,0,12.6,110.25,17,10.40625,0.41996997,810,1
16841,2383.92,11.43650794,126,United Kingdom,18,7,210,1,69.7,69.7,1,17,427,340.56,0.016393443,0.029237558,0,23.4,1756.57,603.95,0.5625,132.44,2989,0
16842,520.57,12.33333333,30,United Kingdom,32,1,270,0,0,0,0,0,32,520.57,0.03125,0,0,0,409.87,110.7,1,16.2678125,32,0
16843,11331.67,35.05223881,268,United Kingdom,21,21,12,3,42.65,14.21666667,3,14.33333333,460,539.6033333,0.045652174,0.003763788,0,0,10394.32,937.35,0.65625,539.6033333,9660,0
16844,614.34,8.78125,32,United Kingdom,293,2,270,0,0,0,0,0,313,307.17,0.006389776,0,0,17.7,478.14,118.5,9.15625,2.096723549,626,1
16845,253.88,8.35,20,United Kingdom,348,1,270,0,0,0,0,0,348,253.88,0.002873563,0,0,0,201.18,52.7,10.875,0.72954023,348,1
16846,628.09,10.61111111,36,United Kingdom,307,2,270,0,0,0,0,0,370,314.045,0.005405405,0,0,0,580.28,47.81,9.59375,2.045895765,740,1
16847,421.45,7.08,25,United Kingdom,348,1,270,0,0,0,0,0,348,421.45,0.002873563,0,0,0,175.2,246.25,7.116564417,1.211063218,348,0
16848,1130.2,8.422535211,71,United Kingdom,107,3,270,0,0,0,0,0,163,376.7333333,0.018404908,0,0,0,989.5,140.7,3.34375,10.56261682,489,1
16850,332.41,13.10526316,19,United Kingdom,64,1,270,0,0,0,0,0,64,332.41,0.015625,0,0,0,241.98,90.43,2,5.19390625,64,1
16854,1408.96,13.29333333,75,United Kingdom,147,2,270,0,0,0,0,0,370,704.48,0.005405405,0,0,17.7,1221.86,169.4,4.59375,9.584761905,740,1
16856,323.09,9.352941176,17,United Kingdom,148,2,270,0,0,0,0,0,172,161.545,0.011627907,0,0,0,307.19,15.9,4.625,2.183040541,344,1
16857,352.8,15.27272727,11,United Kingdom,173,1,270,0,0,0,0,0,173,352.8,0.005780347,0,0,0,325.8,27,5.40625,2.039306358,173,1
16858,4144.352203,9.711267606,142,United Kingdom,99,10,96,6,206.85,13.79,15,3.733333333,455,414.4352203,0.021978022,0.049911299,0,-21.2,2412.332203,1753.22,3.09375,41.86214347,4550,1
16859,1184.6,18.48275862,58,United Kingdom,147,5,270,0,0,0,0,0,376,236.92,0.013297872,0,0,0,1061.25,123.35,4.59375,8.058503401,1880,0
16860,1593.67,14.18181818,44,United Kingdom,183,3,258,1,16.95,16.95,1,1,392,531.2233333,0.007653061,0.010635828,0,0,1062.78,530.89,5.71875,8.708579235,1176,1
16861,755.13,10.68181818,44,United Kingdom,120,3,98,1,17.7,17.7,1,6,239,251.71,0.012552301,0.023439673,0,0,674.53,80.6,3.75,6.29275,717,0
16862,662.33,14.65714286,35,United Kingdom,277,4,270,0,0,0,0,0,431,165.5825,0.009280742,0,0,0,615.33,47,8.65625,2.391083032,1724,1
16863,494.27,10.80645161,31,United Kingdom,97,2,91,1,1.45,1.45,1,1,140,247.135,0.014285714,0.002933619,0,0,474.37,19.9,3.03125,5.09556701,280,1
16864,409.25,16.64705882,17,United Kingdom,164,2,270,0,0,0,0,0,329,204.625,0.006079027,0,0,0,354.6,54.65,5.125,2.495426829,658,1
16865,130.95,9.8125,16,United Kingdom,132,1,270,0,0,0,0,0,132,130.95,0.007575758,0,0,0,130.95,0,4.125,0.992045455,132,1
16867,76.74,9.666666667,6,United Kingdom,420,1,270,0,0,0,0,0,420,76.74,0.002380952,0,0,0,76.74,0,13.125,0.182714286,420,1
16868,384.56,2.24,50,United Kingdom,124,3,270,0,0,0,0,0,324,128.1866667,0.009259259,0,0,26.67,133.59,224.3,2.535787321,3.101290323,972,1
16870,450.16,9.928571429,28,United Kingdom,199,1,270,0,0,0,0,0,199,450.16,0.005025126,0,0,0,359.31,90.85,6.21875,2.262110553,199,1
16871,535.02,8,32,United Kingdom,1,1,270,0,0,0,0,0,1,535.02,1,0,0,0,376.92,158.1,0.03125,535.02,1,0
16872,533.11,43.54545455,11,United Kingdom,157,3,270,0,0,0,0,0,193,177.7033333,0.015544041,0,0,0,412.56,120.55,4.90625,3.395605096,579,0
16873,9608.61,19,305,United Kingdom,94,7,84,2,42.8,10.7,4,1.5,398,1372.658571,0.01758794,0.004454338,0,0,8139.69,1468.92,2.9375,102.2192553,2786,0
16874,209.89,2.516129032,31,United Kingdom,109,1,270,0,0,0,0,0,109,209.89,0.009174312,0,0,5.1,149.59,55.2,3.40625,1.92559633,109,1
16875,2792.97,7.668508287,181,United Kingdom,26,9,63,6,151.12,8.889411765,17,1.941176471,434,310.33,0.020737327,0.054107276,0,0,2005.63,787.34,0.8125,107.4219231,3906,0
16876,136.01,5.65625,32,United Kingdom,134,1,270,0,0,0,0,0,134,136.01,0.007462687,0,0,3.75,110.81,21.45,4.1875,1.015,134,1
16880,321.78,17.55555556,9,United Kingdom,223,1,270,0,0,0,0,0,223,321.78,0.004484305,0,0,0,261.73,60.05,6.96875,1.442959641,223,0
16882,9.9,2,1,United Kingdom,47,1,270,0,0,0,0,0,47,9.9,0.021276596,0,0,0,0,9.9,0.961145194,0.210638298,47,0
16883,2091.66,3.89516129,248,United Kingdom,102,18,245,1,9.95,9.95,1,1,466,116.2033333,0.038626609,0.004756987,0,12.75,1260.26,818.65,3.1875,20.50647059,8388,0
16884,641.13,4.166666667,48,United Kingdom,287,2,270,0,0,0,0,0,301,320.565,0.006644518,0,0,0,320.2,320.93,5.869120654,2.233902439,602,0
16885,410.89,3.194029851,67,United Kingdom,87,2,270,0,0,0,0,0,115,205.445,0.017391304,0,0,23.95,170.34,216.6,1.779141104,4.722873563,230,0
16886,0,0,16,United Kingdom,186,1,175,1,134,16.75,8,6,186,0,0.005376344,134,0,0,0,0,6.914498141,0,186,1
16887,465.84,4.107692308,65,United Kingdom,131,2,270,0,0,0,0,0,468,232.92,0.004273504,0,0,14.3,353.64,97.9,4.09375,3.556030534,936,1
16888,434.2,2.788461538,52,United Kingdom,131,3,270,0,0,0,0,0,431,144.7333333,0.006960557,0,0,50.17,167.43,216.6,2.678936605,3.314503817,1293,1
16889,1471.03,8.084615385,130,United Kingdom,67,4,270,0,0,0,0,0,296,367.7575,0.013513514,0,0,30.1,1102.28,338.65,2.09375,21.95567164,1184,0
16890,277.91,13.38888889,18,United Kingdom,207,3,270,0,0,0,0,0,312,92.63666667,0.009615385,0,0,0,271.96,5.95,6.46875,1.342560386,936,1
16891,1202.77,1.603389831,295,United Kingdom,102,7,270,0,0,0,0,0,466,171.8242857,0.015021459,0,0,115.2,672.5,415.07,3.1875,11.79186275,3262,0
16892,220.61,3.170731707,41,United Kingdom,284,2,53,1,15.95,15.95,1,1,461,110.305,0.004338395,0.072299533,0,15.95,119.36,85.3,8.875,0.776795775,922,0
16893,249.47,1.348837209,86,United Kingdom,97,2,270,0,0,0,0,0,106,124.735,0.018867925,0,0,17.9,161.47,70.1,3.03125,2.57185567,212,1
16894,1265.26,2.575129534,193,United Kingdom,232,3,243,2,41.7,6.95,6,1,265,421.7533333,0.011320755,0.032957653,0,57,641.91,566.35,7.25,5.453706897,795,1
16895,900.63,3.267326733,101,United Kingdom,169,4,270,0,0,0,0,0,396,225.1575,0.01010101,0,0,106.2,487.55,306.88,5.28125,5.329171598,1584,1
16896,103.95,1,18,United Kingdom,285,1,270,0,0,0,0,0,285,103.95,0.003508772,0,0,2.95,36.15,64.85,5.828220859,0.364736842,285,1
16897,213.03,1.318181818,44,United Kingdom,29,2,29,1,76.75,10.96428571,7,2.142857143,44,106.515,0.045454545,0.360277895,0,0,97.23,115.8,0.593047035,7.345862069,88,1
16898,431.91,2.774193548,124,United Kingdom,99,3,95,1,64.35,64.35,1,33,307,143.97,0.009771987,0.148989373,0,2.09,322.12,107.7,3.09375,4.362727273,921,0
16899,595.26,5.545454545,66,United Kingdom,90,3,270,0,0,0,0,0,127,198.42,0.023622047,0,0,0.76,459.4,135.1,2.8125,6.614,381,0
16901,204.26,1.826086957,23,United Kingdom,459,1,270,0,0,0,0,0,459,204.26,0.002178649,0,0,0,67.16,137.1,9.386503067,0.445010893,459,1
16903,646.25,3.441860465,129,United Kingdom,110,2,111,1,32.3,10.76666667,3,8.666666667,145,323.125,0.013793103,0.049980658,0,0.84,446.61,198.8,3.4375,5.875,290,1
16904,1650.22,2.780487805,328,United Kingdom,28,9,270,0,0,0,0,0,141,183.3577778,0.063829787,0,0,24.85,1269.07,356.3,0.875,58.93642857,1269,0
16905,1908.37,4.818181818,132,United Kingdom,102,11,113,2,12.7,6.35,2,1,459,173.4881818,0.023965142,0.006654894,0,15.25,870.16,1022.96,2.085889571,18.7095098,5049,0
16906,850.48,2.587301587,126,United Kingdom,158,3,270,0,0,0,0,0,305,283.4933333,0.009836066,0,0,5.95,541.76,302.77,4.9375,5.38278481,915,0
16907,951.88,2.27480916,131,United Kingdom,20,6,270,0,0,0,0,0,256,158.6466667,0.0234375,0,0,2.1,548.58,401.2,0.625,47.594,1536,0
16908,153.59,1.952380952,21,United Kingdom,452,1,452,1,99,99,1,20,452,153.59,0.002212389,0.644573214,0,8.14,86.45,59,14.125,0.339800885,452,1
16911,251.35,4.297297297,37,United Kingdom,366,2,357,1,3.9,1.95,2,1,391,125.675,0.00511509,0.015516212,0,10.2,191.6,49.55,11.4375,0.686748634,782,1
16912,2619.37,9.394230769,104,United Kingdom,21,7,4,1,23.4,23.4,1,12,461,374.1957143,0.015184382,0.008933446,0,0,1306.44,1312.93,0.429447853,124.7319048,3227,0
16913,423.91,12.72222222,18,United Kingdom,20,3,270,0,0,0,0,0,382,141.3033333,0.007853403,0,0,0,367.72,56.19,0.625,21.1955,1146,1
16915,975.8,3.8,20,United Kingdom,14,6,270,0,0,0,0,0,299,162.6333333,0.02006689,0,0,30.6,115.2,830,0.286298569,69.7,1794,0
16916,530.14,2.717948718,117,United Kingdom,102,3,270,0,0,0,0,0,145,176.7133333,0.020689655,0,0,8.8,358.94,162.4,3.1875,5.19745098,435,1
16917,1842.93,15.50980392,51,United Kingdom,7,2,458,1,8.95,8.95,1,1,362,921.465,0.005524862,0.004856397,0,0,1158.32,684.61,0.21875,263.2757143,724,1
16918,2363.75,4.185595568,361,United Kingdom,47,11,301,2,49.75,12.4375,4,1.75,467,214.8863636,0.023554604,0.021047065,0,14.5,1851.42,497.83,1.46875,50.29255319,5137,0
16919,2785.32,3.142458101,358,United Kingdom,90,15,155,4,72.1,14.42,5,3.2,207,185.688,0.072463768,0.025885715,0,84.81,1613.05,1087.46,2.8125,30.948,3105,0
16920,355.45,3.52173913,23,United Kingdom,141,1,270,0,0,0,0,0,141,355.45,0.007092199,0,0,0,141.15,214.3,2.883435583,2.520921986,141,1
16921,255.03,3.666666667,33,United Kingdom,172,2,270,0,0,0,0,0,330,127.515,0.006060606,0,0,4.95,129.23,120.85,5.375,1.482732558,660,1
16922,611.08,2.303278689,122,United Kingdom,303,1,270,0,0,0,0,0,303,611.08,0.00330033,0,0,30.65,406.13,174.3,9.46875,2.016765677,303,1
16923,7585.99,5.321372855,641,United Kingdom,9,17,9,5,366.4,17.44761905,21,8.047619048,408,446.2347059,0.041666667,0.048299563,0,49.35,5954.79,1581.85,0.28125,842.8877778,6936,0
16925,125.65,6.833333333,18,United Kingdom,270,1,270,0,0,0,0,0,270,125.65,0.003703704,0,0,2.1,98.05,25.5,8.4375,0.46537037,270,1
16926,1158.66,2.020618557,97,United Kingdom,101,5,186,1,10.95,10.95,1,1,256,231.732,0.01953125,0.009450572,0,25.7,215.2,917.76,2.065439673,11.47188119,1280,1
16927,341.45,102.6,5,United Kingdom,6,2,270,0,0,0,0,0,92,170.725,0.02173913,0,0,0,273.95,67.5,0.1875,56.90833333,184,0
16928,1202.93,5.060606061,132,United Kingdom,32,12,29,3,118.4,19.73333333,6,11.33333333,405,100.2441667,0.02962963,0.098426342,0,13.02,726.96,462.95,1,37.5915625,4860,0
16931,1359.54,2.910852713,258,United Kingdom,22,6,270,0,0,0,0,0,127,226.59,0.047244094,0,0,5.45,1208.94,145.15,0.6875,61.79727273,762,0
16932,262.32,1.588235294,85,United Kingdom,153,2,270,0,0,0,0,0,301,131.16,0.006644518,0,0,8.99,158.84,94.49,4.78125,1.714509804,602,1
16933,2487.57,4.924,250,United Kingdom,119,7,228,4,48.5,4.041666667,12,1.166666667,460,355.3671429,0.015217391,0.019496939,0,119.8,1562.47,805.3,3.71875,20.90394958,3220,0
16934,1131.86,6.457831325,83,United Kingdom,114,4,314,1,20.25,6.75,3,1,352,282.965,0.011363636,0.017890905,0,68.4,680.91,382.55,3.5625,9.928596491,1408,1
16935,530.86,3.956521739,69,United Kingdom,112,3,270,0,0,0,0,0,151,176.9533333,0.01986755,0,0,0,503.71,27.15,3.5,4.739821429,453,1
16936,286.39,2.024096386,83,United Kingdom,116,1,270,0,0,0,0,0,116,286.39,0.00862069,0,0,0,261.74,24.65,3.625,2.46887931,116,1
16937,196.25,2.510204082,49,United Kingdom,229,1,270,0,0,0,0,0,229,196.25,0.004366812,0,0,14.4,164.15,17.7,7.15625,0.8569869,229,1
16938,4551.28,4.358208955,603,United Kingdom,39,6,270,0,0,0,0,0,390,758.5466667,0.015384615,0,0,58.95,3503.6,988.73,1.21875,116.6994872,2340,0
16939,433.85,5.585365854,41,United Kingdom,219,3,270,0,0,0,0,0,379,144.6166667,0.007915567,0,0,0,359.66,74.19,6.84375,1.981050228,1137,1
16940,3953.21,6.900726392,413,United Kingdom,20,6,181,3,182.25,30.375,6,5.5,461,658.8683333,0.013015184,0.046101776,0,130.04,3409.22,413.95,0.625,197.6605,2766,0
16941,33,6,2,United Kingdom,342,1,270,0,0,0,0,0,342,33,0.002923977,0,0,0,33,0,10.6875,0.096491228,342,1
16943,451.03,4.619047619,21,United Kingdom,48,1,270,0,0,0,0,0,48,451.03,0.020833333,0,0,0,151.08,299.95,0.981595092,9.396458333,48,0
16944,101.36,3.857142857,7,United Kingdom,340,1,270,0,0,0,0,0,340,101.36,0.002941176,0,0,0,25.5,75.86,6.952965235,0.298117647,340,1
16945,5354.7,13.01677852,298,United Kingdom,5,19,124,2,17.5,8.75,2,7,461,281.8263158,0.041214751,0.003268157,0,15,5071.24,268.46,0.15625,1070.94,8759,0
16946,1199.54,6.618421053,76,United Kingdom,113,5,370,1,22.5,22.5,1,6,378,239.908,0.013227513,0.01875719,0,220.35,764.24,214.95,3.53125,10.61539823,1890,1
16947,499.83,8.388888889,36,United Kingdom,193,3,175,3,40.4,8.08,5,8,377,166.61,0.00795756,0.080827481,0,0,493.88,5.95,6.03125,2.589792746,1131,0
16948,503.35,19.75862069,29,United Kingdom,56,5,270,0,0,0,0,0,386,100.67,0.012953368,0,0,0,473.4,29.95,1.75,8.988392857,1930,0
16949,74.42,9.2,5,United Kingdom,47,1,270,0,0,0,0,0,47,74.42,0.021276596,0,0,0,58.52,15.9,1.46875,1.583404255,47,0
16950,2476.03,16.29245283,106,United Kingdom,97,8,139,1,51.18,25.59,2,42.5,415,309.50375,0.019277108,0.020670186,0,89.62,2071.91,314.5,3.03125,25.52608247,3320,0
16951,1053.79,15.22857143,70,United Kingdom,34,1,270,0,0,0,0,0,34,1053.79,0.029411765,0,0,0,966.14,87.65,1.0625,30.99382353,34,0
16952,628.22,3.535211268,71,United Kingdom,171,3,270,0,0,0,0,0,458,209.4066667,0.006550218,0,0,14.3,416.22,197.7,5.34375,3.67380117,1374,1
16954,4713.35,19.53296703,182,United Kingdom,1,13,239,1,44.55,44.55,1,9,420,362.5653846,0.030952381,0.009451876,0,32.7,3439.12,1241.53,0.03125,4713.35,5460,0
16955,908.37,14.51162791,43,United Kingdom,66,5,91,3,48.25,16.08333333,3,9,408,181.674,0.012254902,0.053117122,0,0,792.97,115.4,2.0625,13.76318182,2040,0
16957,114.84,16,4,United Kingdom,12,1,270,0,0,0,0,0,12,114.84,0.083333333,0,0,0,114.84,0,0.375,9.57,12,0
16958,778.49,7.342857143,70,United Kingdom,165,1,270,0,0,0,0,0,165,778.49,0.006060606,0,0,4.25,692.84,81.4,5.15625,4.718121212,165,1
16960,1462.38,3.372492837,349,United Kingdom,121,5,126,1,21.45,21.45,1,11,377,292.476,0.013262599,0.01466787,0,22.8,1266.18,173.4,3.78125,12.08578512,1885,0
16961,538.84,8.634146341,41,United Kingdom,118,2,109,3,21.55,7.183333333,3,1,262,269.42,0.007633588,0.039993319,0,0,441.24,97.6,3.6875,4.566440678,524,0
16962,251.04,10.53333333,15,United Kingdom,140,1,270,0,0,0,0,0,140,251.04,0.007142857,0,0,0,209.74,41.3,4.375,1.793142857,140,1
16964,207.85,8.166666667,6,United Kingdom,463,2,270,0,0,0,0,0,463,103.925,0.004319654,0,0,21.25,98.4,88.2,14.46875,0.448920086,926,1
16970,71.4,6,2,United Kingdom,356,1,270,0,0,0,0,0,356,71.4,0.002808989,0,0,0,35.7,35.7,11.125,0.200561798,356,1
16972,749,2.231707317,82,United Kingdom,113,2,270,0,0,0,0,0,187,374.5,0.010695187,0,0,3.75,389.75,355.5,3.53125,6.628318584,374,1
16973,127,10,6,United Kingdom,116,1,270,0,0,0,0,0,116,127,0.00862069,0,0,0,127,0,3.625,1.094827586,116,1
16974,365.5,8.75,8,United Kingdom,253,2,270,0,0,0,0,0,295,182.75,0.006779661,0,0,0,329.8,35.7,7.90625,1.444664032,590,1
16975,902.42,12.34042553,47,United Kingdom,153,3,144,2,23.7,11.85,2,3,236,300.8066667,0.012711864,0.026262716,0,0,808.97,93.45,4.78125,5.898169935,708,1
16977,496,5.071428571,28,United Kingdom,125,4,270,0,0,0,0,0,362,124,0.011049724,0,0,0,190.65,305.35,2.556237219,3.968,1448,1
16978,424.55,4.25,28,United Kingdom,396,2,270,0,0,0,0,0,396,212.275,0.005050505,0,0,4.2,160.5,259.85,8.098159509,1.07209596,792,0
16979,1315.24,12.44444444,54,United Kingdom,28,4,24,2,39.65,13.21666667,3,2.333333333,180,328.81,0.022222222,0.030146589,0,0,910.99,404.25,0.875,46.97285714,720,0
16980,1076.23,6.391752577,97,United Kingdom,21,2,270,0,0,0,0,0,158,538.115,0.012658228,0,0,0,853.08,223.15,0.65625,51.24904762,316,0
16983,2207,11.06976744,129,United Kingdom,1,7,270,0,0,0,0,0,177,315.2857143,0.039548023,0,0,0,1706.6,500.4,0.03125,2207,1239,0
16984,5835.81,3.981049563,686,United Kingdom,134,7,129,6,55.2,3.942857143,14,1.142857143,372,833.6871429,0.018817204,0.009458841,0,171.2,3723.08,1941.53,4.1875,43.5508209,2604,0
16985,6355.2,11.5408805,159,United Kingdom,44,15,41,3,377.4,94.35,4,1.25,459,423.68,0.032679739,0.059384441,0,30.3,2793.92,3530.98,0.899795501,144.4363636,6885,0
16986,3015.55,8.766081871,171,United Kingdom,175,9,270,0,0,0,0,0,403,335.0611111,0.022332506,0,0,117.6,2047.3,850.65,5.46875,17.23171429,3627,1
16987,870.75,2.007518797,133,United Kingdom,106,4,452,1,11.9,11.9,1,2,467,217.6875,0.00856531,0.01366638,0,23.25,457.2,390.3,3.3125,8.214622642,1868,0
16988,256.55,8.846153846,13,United Kingdom,110,1,270,0,0,0,0,0,110,256.55,0.009090909,0,0,0,170.7,85.85,3.4375,2.332272727,110,1
16990,165,100,1,United Kingdom,153,1,270,0,0,0,0,0,153,165,0.006535948,0,0,0,165,0,4.78125,1.078431373,153,0
16991,1041.21,10.71621622,74,United Kingdom,151,1,270,0,0,0,0,0,151,1041.21,0.006622517,0,0,47.1,761.51,232.6,4.71875,6.895430464,151,1
16992,4267.39,6.447963801,221,United Kingdom,15,9,40,2,16.4,5.466666667,3,1.333333333,397,474.1544444,0.022670025,0.003843098,0,68.1,2153.84,2045.45,0.46875,284.4926667,3573,0
16993,1688.15,9,29,United Kingdom,194,2,193,1,262.8,262.8,1,24,306,844.075,0.006535948,0.15567337,0,0,166.5,1521.65,3.967280164,8.701804124,612,1
16996,735.39,7.596153846,52,United Kingdom,83,5,89,3,58.8,5.88,10,2.6,148,147.078,0.033783784,0.079957574,0,0,709.54,25.85,2.59375,8.860120482,740,0
16997,702,30,12,United Kingdom,18,3,270,0,0,0,0,0,56,234,0.053571429,0,0,0,702,0,0.5625,39,168,1
16998,197,17.33333333,3,United Kingdom,34,2,270,0,0,0,0,0,174,98.5,0.011494253,0,0,0,0,197,0.695296524,5.794117647,348,0
17000,406.3,10.16666667,30,United Kingdom,126,2,270,0,0,0,0,0,138,203.15,0.014492754,0,0,0,359.1,47.2,3.9375,3.224603175,276,1
17001,3757.32,14.67320261,153,United Kingdom,11,11,270,0,0,0,0,0,355,341.5745455,0.030985915,0,0,0,3097.32,660,0.34375,341.5745455,3905,0
17002,1590.88,16.38461538,52,United Kingdom,21,5,270,0,0,0,0,0,371,318.176,0.013477089,0,0,0,1236.88,354,0.65625,75.75619048,1855,0
17003,828.21,4.45045045,111,United Kingdom,132,4,270,0,0,0,0,0,309,207.0525,0.012944984,0,0,15.15,773.71,39.35,4.125,6.274318182,1236,1
17004,1012.22,17.76923077,26,United Kingdom,122,2,270,0,0,0,0,0,154,506.11,0.012987013,0,0,0,1012.22,0,3.8125,8.296885246,308,1
17005,612.41,36.31578947,19,United Kingdom,201,2,319,1,9.95,9.95,1,1,319,306.205,0.006269592,0.016247285,0,0,577.61,34.8,6.28125,3.04681592,638,1
17006,853.49,3.529411765,85,United Kingdom,122,4,270,0,0,0,0,0,374,213.3725,0.010695187,0,0,0,614.46,239.03,3.8125,6.995819672,1496,1
17007,424.79,7.642857143,28,United Kingdom,87,3,83,1,12.5,12.5,1,10,167,141.5966667,0.017964072,0.029426305,0,17.7,303.99,103.1,2.71875,4.882643678,501,0
17008,81.36,24,1,United Kingdom,159,1,270,0,0,0,0,0,159,81.36,0.006289308,0,0,0,81.36,0,4.96875,0.511698113,159,1
17009,242.06,30.54545455,11,United Kingdom,281,1,270,0,0,0,0,0,281,242.06,0.003558719,0,0,0,234.11,7.95,8.78125,0.861423488,281,1
17011,265.8,35.57142857,14,United Kingdom,377,2,377,1,135,135,1,108,382,132.9,0.005235602,0.507900677,0,23.4,200.1,42.3,11.78125,0.705039788,764,1
17012,360.61,6.972222222,36,United Kingdom,455,1,270,0,0,0,0,0,455,360.61,0.002197802,0,0,17.15,343.46,0,14.21875,0.792549451,455,1
17016,552.4,7.536585366,41,United Kingdom,307,1,270,0,0,0,0,0,307,552.4,0.003257329,0,0,0,344.85,207.55,9.59375,1.799348534,307,1
17017,6676.39,22.00881057,227,United Kingdom,18,15,12,7,92.3,7.1,13,3.384615385,466,445.0926667,0.032188841,0.013824836,0,0,6034.69,641.7,0.5625,370.9105556,6990,0
17018,1772.6,12.59259259,27,United Kingdom,56,5,270,0,0,0,0,0,465,354.52,0.010752688,0,0,0,90,1682.6,1.145194274,31.65357143,2325,0
17019,2898.12,3.99009901,505,United Kingdom,61,9,111,2,60.7,30.35,2,11,468,322.0133333,0.019230769,0.020944612,0,43.55,2395.46,459.11,1.90625,47.51016393,4212,0
17020,935.62,12.46376812,69,United Kingdom,272,2,270,0,0,0,0,0,377,467.81,0.00530504,0,0,0,901.62,34,8.5,3.439779412,754,1
17021,1182.22,20.66666667,48,United Kingdom,172,6,270,0,0,0,0,0,319,197.0366667,0.018808777,0,0,15.21,1052.01,115,5.375,6.873372093,1914,1
17022,189,8,9,United Kingdom,163,1,270,0,0,0,0,0,163,189,0.006134969,0,0,0,108.9,80.1,5.09375,1.159509202,163,1
17023,800.18,10.81632653,49,United Kingdom,147,3,270,0,0,0,0,0,427,266.7266667,0.007025761,0,0,0,743.83,56.35,4.59375,5.443401361,1281,1
17025,1152.87,23.90909091,33,United Kingdom,103,4,270,0,0,0,0,0,371,288.2175,0.010781671,0,0,70.2,1029.12,53.55,3.21875,11.19291262,1484,1
17026,54.15,8.75,4,United Kingdom,100,2,270,0,0,0,0,0,147,27.075,0.013605442,0,0,0,41.4,12.75,3.125,0.5415,294,0
17027,824.6,3.591304348,115,United Kingdom,13,6,13,1,41.7,20.85,2,3,460,137.4333333,0.013043478,0.050569973,0,0,463.6,361,0.40625,63.43076923,2760,0
17028,1593.83,9.010526316,95,United Kingdom,311,3,270,0,0,0,0,0,451,531.2766667,0.006651885,0,0,15,1143.6,435.23,9.71875,5.124855305,1353,1
17029,1421.3,32.03703704,27,United Kingdom,113,5,270,0,0,0,0,0,394,284.26,0.012690355,0,0,0,1369.7,51.6,3.53125,12.57787611,1970,0
17031,2393.5,48.57142857,28,United Kingdom,108,4,270,0,0,0,0,0,311,598.375,0.012861736,0,0,0,2393.5,0,3.375,22.16203704,1244,0
17032,2816.69,6.957983193,238,United Kingdom,333,5,382,2,80,20,4,2,459,563.338,0.010893246,0.028402132,0,48.25,2237.24,531.2,10.40625,8.458528529,2295,1
17033,610.45,12.25,20,United Kingdom,89,2,270,0,0,0,0,0,127,305.225,0.015748031,0,0,0,374,236.45,2.78125,6.858988764,254,0
17034,639.05,9.605263158,38,United Kingdom,18,3,137,1,33.65,8.4125,4,4.25,243,213.0166667,0.012345679,0.052656287,0,0,583.65,55.4,0.5625,35.50277778,729,1
17035,394.37,7.888888889,27,United Kingdom,42,3,31,1,45.2,11.3,4,7,467,131.4566667,0.006423983,0.114613181,0,12.5,333.67,48.2,1.3125,9.389761905,1401,0
17036,176.9,6.333333333,12,United Kingdom,113,1,270,0,0,0,0,0,113,176.9,0.008849558,0,0,19.8,94.75,62.35,3.53125,1.565486726,113,1
17038,630.77,12.36585366,41,United Kingdom,145,1,270,0,0,0,0,0,145,630.77,0.006896552,0,0,0,538.57,92.2,4.53125,4.350137931,145,1
17039,1954.99,15.65909091,44,United Kingdom,334,1,270,0,0,0,0,0,334,1954.99,0.002994012,0,0,0,650.99,1304,6.830265849,5.853263473,334,1
17040,13.52,8,1,United Kingdom,280,1,270,0,0,0,0,0,280,13.52,0.003571429,0,0,0,13.52,0,8.75,0.048285714,280,0
17041,872.41,7.493333333,75,United Kingdom,91,4,91,1,15.8,15.8,1,4,330,218.1025,0.012121212,0.018110751,0,0,776.76,95.65,2.84375,9.586923077,1320,1
17043,858.47,6.371134021,97,United Kingdom,105,4,270,0,0,0,0,0,460,214.6175,0.008695652,0,0,28.2,515.44,314.83,3.28125,8.175904762,1840,0
17044,10935.07,34.20394737,152,United Kingdom,105,11,89,3,78.75,8.75,9,2.111111111,463,994.0972727,0.023758099,0.0072016,0,91.8,8542.47,2300.8,3.28125,104.1435238,5093,1
17045,488.24,6.064516129,31,United Kingdom,106,2,270,0,0,0,0,0,159,244.12,0.012578616,0,0,0,230.99,257.25,2.167689162,4.606037736,318,0
17046,1264.05,17.87301587,63,United Kingdom,174,4,270,0,0,0,0,0,350,316.0125,0.011428571,0,0,0,1232.25,31.8,5.4375,7.264655172,1400,0
17047,1188.33,8.454545455,77,United Kingdom,162,3,270,0,0,0,0,0,462,396.11,0.006493506,0,0,24.9,861.75,301.68,5.0625,7.33537037,1386,0
17048,1866.45,9.633663366,101,United Kingdom,13,6,8,3,40.28,8.056,5,6.8,420,311.075,0.014285714,0.021581076,0,108.7,1650.35,107.4,0.40625,143.5730769,2520,0
17049,4923.54,6.248322148,298,United Kingdom,6,11,193,4,288.5,16.97058824,17,3.058823529,376,447.5945455,0.029255319,0.058596051,0,52.16,2876.18,1995.2,0.1875,820.59,4136,0
17050,2650.13,7.147619048,210,United Kingdom,8,7,270,0,0,0,0,0,412,378.59,0.016990291,0,0,8.4,2250.18,391.55,0.25,331.26625,2884,0
17051,465.6,2.902654867,113,United Kingdom,176,3,270,0,0,0,0,0,358,155.2,0.008379888,0,0,8.85,422.75,34,5.5,2.645454545,1074,0
17055,232.85,3.192307692,26,United Kingdom,176,1,270,0,0,0,0,0,176,232.85,0.005681818,0,0,0,161.7,71.15,5.5,1.323011364,176,1
17056,128.6,3.25,8,United Kingdom,468,1,270,0,0,0,0,0,468,128.6,0.002136752,0,0,0,29.3,99.3,9.570552147,0.274786325,468,1
17057,288.79,2.489795918,49,United Kingdom,326,1,270,0,0,0,0,0,326,288.79,0.003067485,0,0,1.25,222.44,65.1,10.1875,0.885858896,326,1
17059,2488.84,5.298461538,325,United Kingdom,100,5,214,1,17.7,17.7,1,6,412,497.768,0.012135922,0.007111747,0,20.4,2038.49,429.95,3.125,24.8884,2060,0
17062,880.81,5.20661157,121,United Kingdom,44,6,89,1,3.9,3.9,1,2,170,146.8016667,0.035294118,0.004427743,0,0,717.66,163.15,1.375,20.01840909,1020,1
17063,2464.71,8.352564103,156,United Kingdom,19,8,12,7,32.05,3.561111111,9,1.222222222,469,308.08875,0.017057569,0.013003558,0,0,2358.68,106.03,0.59375,129.7215789,3752,0
17064,143.95,3.272727273,22,United Kingdom,57,1,270,0,0,0,0,0,57,143.95,0.01754386,0,0,0,109.05,34.9,1.78125,2.525438596,57,0
17065,194.7,6.833333333,12,United Kingdom,368,2,270,0,0,0,0,0,368,97.35,0.005434783,0,0,0,75.3,119.4,7.525562372,0.529076087,736,1
17066,228.34,5.166666667,18,United Kingdom,456,1,270,0,0,0,0,0,456,228.34,0.002192982,0,0,7.5,152.94,67.9,14.25,0.500745614,456,1
17067,454.54,24.76923077,13,United Kingdom,455,3,270,0,0,0,0,0,462,151.5133333,0.006493506,0,0,19.5,435.04,0,14.21875,0.998989011,1386,1
17068,5452.04,3.420512821,780,United Kingdom,14,31,110,1,13.85,6.925,2,1.5,351,175.8722581,0.088319088,0.002540334,0,56.58,4694.88,700.58,0.4375,389.4314286,10881,0
17069,3355.83,11.04,175,United Kingdom,85,7,82,4,34.9,4.3625,8,3,467,479.4042857,0.014989293,0.010399812,0,51.6,2818.78,485.45,2.65625,39.48035294,3269,0
17070,133.18,2.463414634,41,United Kingdom,140,1,270,0,0,0,0,0,140,133.18,0.007142857,0,0,4.65,120.58,7.95,4.375,0.951285714,140,0
17071,1645.23,9.430107527,93,United Kingdom,40,5,31,3,28,5.6,5,2,414,329.046,0.012077295,0.017018897,0,0,1347.27,297.96,1.25,41.13075,2070,0
17072,273.35,10.0952381,21,United Kingdom,355,1,270,0,0,0,0,0,355,273.35,0.002816901,0,0,13.8,259.55,0,11.09375,0.77,355,1
17074,203.05,4.75,4,United Kingdom,293,1,270,0,0,0,0,0,293,203.05,0.003412969,0,0,11.8,0,191.25,5.991820041,0.693003413,293,1
17075,1965.11,4.011904762,168,United Kingdom,21,8,270,0,0,0,0,0,456,245.63875,0.01754386,0,0,28.58,1090.17,846.36,0.65625,93.57666667,3648,0
17076,735.87,8.487179487,39,United Kingdom,4,5,270,0,0,0,0,0,466,147.174,0.010729614,0,0,0,454.42,281.45,0.125,183.9675,2330,1
17077,306,36,1,United Kingdom,308,1,270,0,0,0,0,0,308,306,0.003246753,0,0,0,0,306,6.298568507,0.993506494,308,1
17080,746.23,18.26923077,26,United Kingdom,0,6,270,0,0,0,0,0,256,124.3716667,0.0234375,0,0,0,656.48,89.75,0,746.23,1536,1
17081,660.48,2.111111111,144,United Kingdom,126,4,270,0,0,0,0,0,385,165.12,0.01038961,0,0,4.56,391.24,264.68,3.9375,5.241904762,1540,1
17082,3365.12,15.86725664,113,United Kingdom,48,5,270,0,0,0,0,0,455,673.024,0.010989011,0,0,0,2581.92,783.2,1.5,70.10666667,2275,1
17083,3625.32,17.57575758,99,United Kingdom,26,8,133,2,14.71,7.355,2,2.5,399,453.165,0.020050125,0.004057573,0,0,3439.04,186.28,0.8125,139.4353846,3192,1
17084,2249.97,11.09022556,133,United Kingdom,126,1,127,1,3.25,3.25,1,1,126,2249.97,0.007936508,0.001444464,0,33.6,1830.38,385.99,3.9375,17.85690476,126,1
17085,7113.02,3.471226927,921,United Kingdom,30,26,93,4,134,16.75,8,6,464,273.5776923,0.056034483,0.018838693,0,184.8,5323.37,1604.85,0.9375,237.1006667,12064,0
17087,221.53,9.416666667,12,United Kingdom,468,1,270,0,0,0,0,0,468,221.53,0.002136752,0,0,0,173.83,47.7,14.625,0.473354701,468,1
17089,128.45,8.75,4,United Kingdom,116,1,270,0,0,0,0,0,116,128.45,0.00862069,0,0,0,128.45,0,3.625,1.107327586,116,1
17090,1476.09,15.09302326,43,United Kingdom,18,8,236,1,91.44,91.44,1,24,238,184.51125,0.033613445,0.061947442,0,0,1190.49,285.6,0.5625,82.005,1904,0
17091,4522.54,7.344936709,316,United Kingdom,55,12,49,4,33.6,5.6,6,1,453,376.8783333,0.026490066,0.007429453,0,22.45,3975.21,524.88,1.71875,82.228,5436,0
17092,3840.63,9.754448399,281,United Kingdom,7,8,264,3,31.65,10.55,3,2,405,480.07875,0.019753086,0.008240835,0,45.45,3372.28,422.9,0.21875,548.6614286,3240,0
17093,235.88,8.769230769,13,United Kingdom,323,1,270,0,0,0,0,0,323,235.88,0.003095975,0,0,20.28,137.4,78.2,10.09375,0.730278638,323,1
17094,370.4,10.94736842,19,United Kingdom,52,2,48,1,31.8,31.8,1,4,154,185.2,0.012987013,0.085853132,0,0,354.5,15.9,1.625,7.123076923,308,1
17095,1758.4,13,100,United Kingdom,29,6,62,3,33.65,11.21666667,3,3.666666667,455,293.0666667,0.013186813,0.019136715,0,39.66,1227.34,491.4,0.90625,60.63448276,2730,1
17096,2636.9,7.540372671,161,United Kingdom,113,7,111,3,38.9,9.725,4,1.5,285,376.7,0.024561404,0.014752171,0,15.3,1924.9,696.7,3.53125,23.33539823,1995,0
17097,476.58,2,119,Spain,54,3,270,0,0,0,0,0,160,158.86,0.01875,0,0,5.9,345.58,125.1,1.6875,8.825555556,480,0
17098,591.07,6.944444444,18,United Kingdom,112,3,270,0,0,0,0,0,271,197.0233333,0.011070111,0,0,0,199.5,391.57,2.290388548,5.277410714,813,1
17099,582.17,7.925,40,United Kingdom,263,1,270,0,0,0,0,0,263,582.17,0.003802281,0,0,25.2,491.02,65.95,8.21875,2.213574144,263,1
17101,885.32,11.61290323,31,United Kingdom,125,3,270,0,0,0,0,0,280,295.1066667,0.010714286,0,0,0,548.67,336.65,3.90625,7.08256,840,0
17103,424.3,14.71875,32,United Kingdom,452,1,270,0,0,0,0,0,452,424.3,0.002212389,0,0,33.3,364.25,26.75,14.125,0.938716814,452,1
17104,474.03,7.842105263,19,United Kingdom,154,1,270,0,0,0,0,0,154,474.03,0.006493506,0,0,0,191.43,282.6,3.149284254,3.078116883,154,1
17105,319.4,9.447368421,38,United Kingdom,36,1,270,0,0,0,0,0,36,319.4,0.027777778,0,0,0,247.3,72.1,1.125,8.872222222,36,0
17106,481.58,3,51,United Kingdom,119,1,270,0,0,0,0,0,119,481.58,0.008403361,0,0,17.8,201.23,262.55,2.433537832,4.046890756,119,1
17107,6928.1,10.76146789,327,United Kingdom,8,5,127,2,22.35,2.79375,8,1.375,407,1385.62,0.012285012,0.003225993,0,45.19,3866.86,3016.05,0.25,866.0125,2035,0
17108,174.95,3.444444444,9,United Kingdom,394,1,270,0,0,0,0,0,394,174.95,0.002538071,0,0,0,27.75,147.2,8.057259714,0.444035533,394,1
17109,410.42,8.695652174,23,United Kingdom,136,2,270,0,0,0,0,0,228,205.21,0.00877193,0,0,12.6,281.37,116.45,4.25,3.017794118,456,0
17110,336.6,2.324324324,37,United Kingdom,251,2,270,0,0,0,0,0,340,168.3,0.005882353,0,0,19.2,103.45,213.95,5.132924335,1.341035857,680,0
17111,227.97,15.73684211,19,United Kingdom,155,1,270,0,0,0,0,0,155,227.97,0.006451613,0,0,2.5,225.47,0,4.84375,1.470774194,155,1
17112,197.57,2.765957447,47,United Kingdom,233,1,270,0,0,0,0,0,233,197.57,0.004291845,0,0,10.97,173.7,12.9,7.28125,0.847939914,233,1
17113,2092.16,4.760233918,171,United Kingdom,304,6,235,2,213.43,16.41769231,13,7.615384615,428,348.6933333,0.014018692,0.102014186,0,45,1243.44,803.72,9.5,6.882105263,2568,1
17114,268.54,2.191489362,47,United Kingdom,27,2,270,0,0,0,0,0,65,134.27,0.030769231,0,0,2.55,121.69,144.3,0.552147239,9.945925926,130,0
17115,1809.39,5.779069767,86,United Kingdom,279,4,252,4,114.6,22.92,5,3.2,465,452.3475,0.008602151,0.063336262,0,31.75,649.51,1128.13,5.705521472,6.485268817,1860,0
17116,389.78,8.340425532,47,United Kingdom,378,1,270,0,0,0,0,0,378,389.78,0.002645503,0,0,7.65,377.18,4.95,11.8125,1.031164021,378,1
17117,116.2,7.555555556,9,United Kingdom,18,1,270,0,0,0,0,0,18,116.2,0.055555556,0,0,0,73.35,42.85,0.5625,6.455555556,18,1
17118,157.02,15.4,10,United Kingdom,48,1,270,0,0,0,0,0,48,157.02,0.020833333,0,0,0,157.02,0,1.5,3.27125,48,1
17121,314.74,8.833333333,12,United Kingdom,133,1,270,0,0,0,0,0,133,314.74,0.007518797,0,0,0,187.54,127.2,4.15625,2.366466165,133,1
17122,432.18,12.52173913,23,United Kingdom,118,3,270,0,0,0,0,0,230,144.06,0.013043478,0,0,0,432.18,0,3.6875,3.662542373,690,0
17123,621.37,12.27272727,33,United Kingdom,170,2,270,0,0,0,0,0,303,310.685,0.00660066,0,0,0,574.47,46.9,5.3125,3.655117647,606,0
17126,1511.2,2.897106109,311,United Kingdom,30,6,93,1,9.95,9.95,1,1,195,251.8666667,0.030769231,0.006584172,0,10.75,1170.55,329.9,0.9375,50.37333333,1170,0
17127,1155.03,9.189189189,37,United Kingdom,159,5,270,0,0,0,0,0,465,231.006,0.010752688,0,0,20.1,900.93,234,4.96875,7.264339623,2325,1
17128,157.09,5.428571429,14,United Kingdom,65,1,270,0,0,0,0,0,65,157.09,0.015384615,0,0,0,107.79,49.3,2.03125,2.416769231,65,1
17129,31.85,2.5,2,United Kingdom,250,1,270,0,0,0,0,0,250,31.85,0.004,0,0,0,0,31.85,5.112474438,0.1274,250,1
17132,1220.91,13.56338028,71,United Kingdom,182,2,270,0,0,0,0,0,218,610.455,0.009174312,0,0,10.04,927.87,283,5.6875,6.708296703,436,1
17133,8079.85,174.6944444,36,United Kingdom,204,5,202,1,1650.24,235.7485714,7,155.4285714,359,1615.97,0.013927577,0.204241415,0,0,7873.12,206.73,6.375,39.60710784,1795,0
17134,212.1,3.538461538,13,United Kingdom,172,1,270,0,0,0,0,0,172,212.1,0.005813953,0,0,0,128.6,83.5,5.375,1.233139535,172,0
17135,1066.28,7.607142857,112,United Kingdom,20,5,123,1,10.92,10.92,1,26,309,213.256,0.01618123,0.010241212,0,8.58,950.45,107.25,0.625,53.314,1545,1
17136,231.68,18.28571429,14,United Kingdom,392,1,270,0,0,0,0,0,392,231.68,0.00255102,0,0,0,196.83,34.85,12.25,0.591020408,392,1
17137,1099.81,4.071856287,167,United Kingdom,146,6,270,0,0,0,0,0,408,183.3016667,0.014705882,0,0,20.19,974.06,105.56,4.5625,7.532945205,2448,1
17138,4417.27,7.90625,256,United Kingdom,6,7,270,0,0,0,0,0,403,631.0385714,0.017369727,0,0,216.7,2886.96,1313.61,0.1875,736.2116667,2821,1
17139,11530.22,11.97419355,465,United Kingdom,19,14,8,2,25.15,8.383333333,3,1,428,823.5871429,0.03271028,0.002181225,0,34.5,7187.62,4308.1,0.59375,606.8536842,5992,0
17141,727.58,2.611111111,162,United Kingdom,148,4,270,0,0,0,0,0,414,181.895,0.009661836,0,0,10,501.04,216.54,4.625,4.916081081,1656,1
17142,696.25,3.256756757,74,United Kingdom,134,3,270,0,0,0,0,0,414,232.0833333,0.007246377,0,0,0,432.5,263.75,4.1875,5.195895522,1242,0
17143,880.97,2.803571429,112,United Kingdom,147,2,270,0,0,0,0,0,245,440.485,0.008163265,0,0,0,517.42,363.55,4.59375,5.992993197,490,1
17145,3014.64,13.77956989,186,United Kingdom,243,4,195,3,106.27,17.71166667,6,4.666666667,389,753.66,0.010282776,0.035251307,0,0,2587.64,427,7.59375,12.40592593,1556,1
17146,5336.86,7.121527778,288,United Kingdom,89,11,160,3,64.25,10.70833333,6,2.666666667,406,485.1690909,0.027093596,0.012038914,0,164.04,2700.36,2472.46,2.78125,59.9647191,4466,0
17147,1764.06,7.892857143,84,United Kingdom,42,6,19,7,130.8,11.89090909,11,1.181818182,428,294.01,0.014018692,0.074147138,0,25.2,757.51,981.35,0.858895706,42.00142857,2568,0
17149,143.1,3,6,United Kingdom,181,1,270,0,0,0,0,0,181,143.1,0.005524862,0,0,0,0,143.1,3.701431493,0.790607735,181,1
17150,1357.95,4.315217391,92,United Kingdom,107,6,270,0,0,0,0,0,464,226.325,0.012931034,0,0,27.2,721,609.75,3.34375,12.6911215,2784,1
17151,231.9,10.5,4,United Kingdom,465,1,270,0,0,0,0,0,465,231.9,0.002150538,0,0,0,0,231.9,9.509202454,0.498709677,465,1
17152,327,30,2,United Kingdom,156,1,270,0,0,0,0,0,156,327,0.006410256,0,0,0,327,0,4.875,2.096153846,156,0
17155,640.76,14.05660377,53,United Kingdom,258,5,270,0,0,0,0,0,467,128.152,0.010706638,0,0,0,531.66,109.1,8.0625,2.483565891,2335,0
17156,572.07,9.390243902,41,United Kingdom,222,1,214,1,19.8,9.9,2,3,222,572.07,0.004504505,0.034611149,0,15.3,544.02,12.75,6.9375,2.576891892,222,1
17157,4832.9,15,128,United Kingdom,210,17,270,0,0,0,0,0,465,284.2882353,0.03655914,0,0,12.5,4456.74,363.66,6.5625,23.01380952,7905,0
17158,1109.12,8.438356164,73,United Kingdom,90,3,356,1,17.7,8.85,2,2,372,369.7066667,0.008064516,0.015958598,0,0,769.85,339.27,2.8125,12.32355556,1116,0
17159,560.71,8.172413793,29,United Kingdom,208,2,270,0,0,0,0,0,375,280.355,0.005333333,0,0,0,313.86,246.85,6.5,2.695721154,750,0
17160,6683.33,12.98122066,426,United Kingdom,104,11,386,1,7.8,1.95,4,1,466,607.5754545,0.02360515,0.001167083,0,35.4,6562.08,85.85,3.25,64.26278846,5126,0
17161,856.01,10.32692308,52,United Kingdom,174,1,270,0,0,0,0,0,174,856.01,0.005747126,0,0,0,713.56,142.45,5.4375,4.919597701,174,1
17162,636.16,10.30232558,43,United Kingdom,7,3,270,0,0,0,0,0,36,212.0533333,0.083333333,0,0,0,454.91,181.25,0.21875,90.88,108,0
17163,406.68,18.6,25,United Kingdom,176,2,270,0,0,0,0,0,406,203.34,0.004926108,0,0,20.4,386.28,0,5.5,2.310681818,812,1
17164,627.13,10.94871795,39,United Kingdom,3,1,270,0,0,0,0,0,3,627.13,0.333333333,0,0,0,575.28,51.85,0.09375,209.0433333,3,0
17165,1783.63,7.621359223,103,United Kingdom,14,6,405,2,10.69,3.563333333,3,1,459,297.2716667,0.013071895,0.005993395,0,17,1168.34,598.29,0.4375,127.4021429,2754,1
17167,867.11,5.430379747,79,United Kingdom,110,3,270,0,0,0,0,0,175,289.0366667,0.017142857,0,0,15,584.06,268.05,3.4375,7.882818182,525,1
17168,400.2,10.47619048,21,United Kingdom,229,1,270,0,0,0,0,0,229,400.2,0.004366812,0,0,0,212.75,187.45,7.15625,1.747598253,229,1
17169,313,5.6,25,United Kingdom,308,1,291,1,7.95,1.9875,4,1.25,308,313,0.003246753,0.025399361,0,0,235.5,77.5,9.625,1.016233766,308,0
17170,118.98,13.27272727,11,United Kingdom,104,2,132,1,59.7,59.7,1,6,119,59.49,0.016806723,0.501765003,0,0,178.68,-59.7,3.25,1.144038462,238,1
17171,384.59,9,25,United Kingdom,19,2,270,0,0,0,0,0,392,192.295,0.005102041,0,0,0,251.16,133.43,0.59375,20.24157895,784,1
17172,597.73,26.62962963,27,United Kingdom,161,2,157,2,41.08,13.69333333,3,5.333333333,457,298.865,0.004376368,0.068726683,0,30,467.43,100.3,5.03125,3.712608696,914,1
17175,519.08,12.2962963,27,United Kingdom,26,1,270,0,0,0,0,0,26,519.08,0.038461538,0,0,0,519.08,0,0.8125,19.96461538,26,0
17176,596.19,15.03703704,27,United Kingdom,257,2,270,0,0,0,0,0,407,298.095,0.004914005,0,0,0,576.29,19.9,8.03125,2.319805447,814,0
17177,119.5,1.379310345,29,United Kingdom,235,1,270,0,0,0,0,0,235,119.5,0.004255319,0,0,0,76.95,42.55,7.34375,0.508510638,235,1
17178,432.96,3.225806452,31,United Kingdom,461,1,270,0,0,0,0,0,461,432.96,0.002169197,0,0,4.2,181.31,247.45,9.427402863,0.939175705,461,1
17179,1038.47,4.418367347,98,United Kingdom,91,4,270,0,0,0,0,0,293,259.6175,0.013651877,0,0,35.4,1003.07,0,2.84375,11.41175824,1172,0
17180,1691.79,3.930722892,332,United Kingdom,46,8,46,2,6.45,1.6125,4,1,417,211.47375,0.019184652,0.00381253,0,26.27,1316.47,349.05,1.4375,36.77804348,3336,0
17181,225.45,34.71428571,7,United Kingdom,104,2,270,0,0,0,0,0,326,112.725,0.006134969,0,0,0,165.6,59.85,3.25,2.167788462,652,1
17182,321.3,9,6,United Kingdom,153,2,270,0,0,0,0,0,448,160.65,0.004464286,0,0,0,285.6,35.7,4.78125,2.1,896,1
17184,198.41,5.214285714,14,United Kingdom,299,2,270,0,0,0,0,0,460,99.205,0.004347826,0,0,0,86.88,111.53,6.114519427,0.663578595,920,1
17185,229.46,2.704545455,44,United Kingdom,322,3,270,0,0,0,0,0,328,76.48666667,0.009146341,0,0,0,229.46,0,10.0625,0.712608696,984,1
17187,263.76,21.69230769,13,United Kingdom,256,1,270,0,0,0,0,0,256,263.76,0.00390625,0,0,4.2,192.96,66.6,8,1.0303125,256,0
17188,3312.04,14.30597015,134,United Kingdom,46,9,32,4,231.1,23.11,10,3.4,461,368.0044444,0.019522777,0.069775727,0,11.35,2578.48,722.21,1.4375,72.00086957,4149,0
17189,796.45,4.917525773,97,United Kingdom,89,4,270,0,0,0,0,0,468,199.1125,0.008547009,0,0,81.85,539.56,175.04,2.78125,8.948876404,1872,1
17190,1279.99,12.14792899,169,United Kingdom,133,5,270,0,0,0,0,0,374,255.998,0.013368984,0,0,23.65,938.64,317.7,4.15625,9.623984962,1870,0
17191,3012.04,4.094339623,371,United Kingdom,10,12,258,1,25.5,25.5,1,2,468,251.0033333,0.025641026,0.008466023,0,182.7,1867.72,961.62,0.3125,301.204,5616,0
17192,75.28,2.25,20,United Kingdom,266,1,270,0,0,0,0,0,266,75.28,0.003759398,0,0,14.8,40.13,20.35,8.3125,0.283007519,266,1
17193,580.14,29.07692308,13,United Kingdom,116,2,465,1,30.6,30.6,1,36,468,290.07,0.004273504,0.052745889,0,0,452.64,127.5,3.625,5.001206897,936,0
17194,776.66,7.245614035,57,United Kingdom,91,2,270,0,0,0,0,0,260,388.33,0.007692308,0,0,8.05,612.17,156.44,2.84375,8.534725275,520,1
17195,562.98,15.67741935,31,United Kingdom,385,1,270,0,0,0,0,0,385,562.98,0.002597403,0,0,0,562.98,0,12.03125,1.462285714,385,1
17196,327.75,1.655913978,93,United Kingdom,158,1,270,0,0,0,0,0,158,327.75,0.006329114,0,0,16.25,265.75,45.75,4.9375,2.074367089,158,1
17198,521.66,3.142857143,77,United Kingdom,95,2,270,0,0,0,0,0,101,260.83,0.01980198,0,0,12.9,260.16,248.6,2.96875,5.491157895,202,1
17199,135.04,29,8,United Kingdom,312,1,270,0,0,0,0,0,312,135.04,0.003205128,0,0,0,135.04,0,9.75,0.432820513,312,1
17200,356.71,14.68,25,United Kingdom,117,4,270,0,0,0,0,0,382,89.1775,0.010471204,0,0,0,352.46,4.25,3.65625,3.048803419,1528,1
17201,827.22,5.443609023,133,United Kingdom,254,3,280,1,15.6,15.6,1,24,398,275.74,0.007537688,0.018858345,0,69.54,524.04,233.64,7.9375,3.256771654,1194,1
17202,160.65,6.875,8,United Kingdom,151,1,270,0,0,0,0,0,151,160.65,0.006622517,0,0,9.9,74.25,76.5,3.08793456,1.063907285,151,1
17203,2004.01,15.49557522,113,United Kingdom,118,4,270,0,0,0,0,0,118,501.0025,0.033898305,0,0,2.5,1905.41,96.1,3.6875,16.98313559,472,1
17204,3843.08,15.73015873,126,United Kingdom,104,5,85,2,97.05,16.175,6,3.833333333,278,768.616,0.017985612,0.025253182,0,0,2617.43,1225.65,3.25,36.95269231,1390,0
17205,615.27,60.45454545,22,United Kingdom,146,2,270,0,0,0,0,0,294,307.635,0.006802721,0,0,0,606.77,8.5,4.5625,4.214178082,588,1
17207,291.77,3.93220339,59,United Kingdom,382,1,270,0,0,0,0,0,382,291.77,0.002617801,0,0,37,172.57,82.2,11.9375,0.763795812,382,1
17208,111.15,4.391304348,23,United Kingdom,126,1,270,0,0,0,0,0,126,111.15,0.007936508,0,0,0,111.15,0,3.9375,0.882142857,126,1
17209,595.7,19.02631579,38,United Kingdom,379,3,270,0,0,0,0,0,467,198.5666667,0.006423983,0,0,12.6,551.6,31.5,11.84375,1.57176781,1401,1
17210,251.72,4.566037736,53,United Kingdom,123,1,270,0,0,0,0,0,123,251.72,0.008130081,0,0,0,251.72,0,3.84375,2.046504065,123,1
17211,2208.84,6.291866029,209,United Kingdom,83,8,148,1,27,27,1,4,456,276.105,0.01754386,0.012223611,0,78,1685.59,445.25,2.59375,26.61253012,3648,0
17212,567.56,23.2,25,United Kingdom,188,2,270,0,0,0,0,0,217,283.78,0.00921659,0,0,0,525.06,42.5,5.875,3.01893617,434,0
17213,2928.05,7.01734104,173,United Kingdom,46,9,31,6,97.07,6.471333333,15,1.333333333,455,325.3388889,0.01978022,0.033151756,0,33.85,2214.99,679.21,1.4375,63.65326087,4095,0
17214,453.1,2.52173913,46,United Kingdom,22,3,270,0,0,0,0,0,89,151.0333333,0.033707865,0,0,28.65,181.75,242.7,0.449897751,20.59545455,267,0
17215,186.15,9.454545455,11,United Kingdom,194,1,270,0,0,0,0,0,194,186.15,0.005154639,0,0,0,186.15,0,6.0625,0.959536082,194,1
17216,63.6,1.615384615,13,United Kingdom,284,1,270,0,0,0,0,0,284,63.6,0.003521127,0,0,2.1,42.9,18.6,8.875,0.223943662,284,1
17217,96.6,3.833333333,18,United Kingdom,349,1,270,0,0,0,0,0,349,96.6,0.00286533,0,0,8.1,84.75,3.75,10.90625,0.276790831,349,0
17218,2708.05,4.401898734,316,United Kingdom,64,12,270,0,0,0,0,0,413,225.6708333,0.02905569,0,0,64.4,1940.35,703.3,2,42.31328125,4956,0
17219,144.9,3.96,25,United Kingdom,147,1,270,0,0,0,0,0,147,144.9,0.006802721,0,0,0.84,116.91,27.15,4.59375,0.985714286,147,1
17220,1901.36,3.622710623,273,United Kingdom,43,9,270,0,0,0,0,0,419,211.2622222,0.021479714,0,0,28.75,1425.76,446.85,1.34375,44.21767442,3771,0
17221,642.14,6.870967742,62,United Kingdom,322,3,270,0,0,0,0,0,337,214.0466667,0.008902077,0,0,2.95,486.14,153.05,10.0625,1.994223602,1011,1
17222,1234.96,8.726190476,84,United Kingdom,207,5,270,0,0,0,0,0,428,246.992,0.011682243,0,0,54.6,886.71,293.65,6.46875,5.965990338,2140,1
17223,523.04,2.264705882,68,United Kingdom,40,3,270,0,0,0,0,0,105,174.3466667,0.028571429,0,0,17.1,225.29,280.65,0.81799591,13.076,315,1
17224,100.86,8.125,8,United Kingdom,231,1,270,0,0,0,0,0,231,100.86,0.004329004,0,0,13.95,39.01,47.9,4.72392638,0.436623377,231,1
17225,131.15,7.2,5,United Kingdom,312,1,270,0,0,0,0,0,312,131.15,0.003205128,0,0,0,17.4,113.75,6.380368098,0.420352564,312,1
17226,895.47,14.45762712,59,United Kingdom,39,3,270,0,0,0,0,0,395,298.49,0.007594937,0,0,8.25,794.67,92.55,1.21875,22.96076923,1185,1
17227,1081.86,13.4025974,77,United Kingdom,99,7,270,0,0,0,0,0,423,154.5514286,0.016548463,0,0,15.7,1066.16,0,3.09375,10.92787879,2961,0
17228,1393.32,7.233532934,167,United Kingdom,42,8,270,0,0,0,0,0,368,174.165,0.02173913,0,0,34.45,1283.27,75.6,1.3125,33.17428571,2944,0
17230,8956.05,16.75,212,United Kingdom,41,17,32,5,229.04,32.72,7,14.85714286,461,526.8264706,0.036876356,0.025573774,0,92.1,6623.21,2240.74,1.28125,218.4402439,7837,0
17231,4564.79,2.822139303,804,United Kingdom,28,18,91,7,75.17,6.264166667,12,1.25,462,253.5994444,0.038961039,0.016467351,0,269.85,2716.54,1578.4,0.875,163.0282143,8316,0
17233,369.98,5.060606061,33,United Kingdom,178,2,270,0,0,0,0,0,455,184.99,0.004395604,0,0,1.68,210.75,157.55,5.5625,2.078539326,910,1
17235,1354.82,10.67142857,70,United Kingdom,102,7,270,0,0,0,0,0,283,193.5457143,0.024734982,0,0,2.95,1126.83,225.04,3.1875,13.28254902,1981,1
17236,1458.5,6.351648352,91,United Kingdom,30,9,270,0,0,0,0,0,372,162.0555556,0.024193548,0,0,12.9,922.65,522.95,0.9375,48.61666667,3348,0
17237,679.44,5.15,60,United Kingdom,106,2,270,0,0,0,0,0,112,339.72,0.017857143,0,0,5.07,480.32,194.05,3.3125,6.409811321,224,1
17238,4348.03,2.875871688,717,United Kingdom,6,19,270,0,0,0,0,0,469,228.8436842,0.040511727,0,0,197.83,3270.5,879.7,0.1875,724.6716667,8911,0
17239,1174.15,15.08823529,34,United Kingdom,43,4,82,2,15.3,7.65,2,1,257,293.5375,0.015564202,0.013030703,0,0,1099.4,74.75,1.34375,27.30581395,1028,1
17240,130.6,15.42857143,7,United Kingdom,326,1,270,0,0,0,0,0,326,130.6,0.003067485,0,0,0,130.6,0,10.1875,0.400613497,326,1
17241,2736.64,5.052941176,170,United Kingdom,115,12,270,0,0,0,0,0,392,228.0533333,0.030612245,0,0,2.95,1855.34,878.35,3.59375,23.79686957,4704,1
17242,1754.24,19.27272727,44,United Kingdom,187,3,270,0,0,0,0,0,415,584.7466667,0.007228916,0,0,0,1754.24,0,5.84375,9.380962567,1245,0
17243,13564.88,6.585305106,803,United Kingdom,9,51,160,7,132.35,9.453571429,14,1.357142857,468,265.9780392,0.108974359,0.009756813,-5.95,361.38,9074.71,4134.74,0.28125,1507.208889,23868,0
17244,871.14,9.02247191,89,United Kingdom,113,4,270,0,0,0,0,0,464,217.785,0.00862069,0,0,47.25,600.44,223.45,3.53125,7.70920354,1856,1
17245,200.18,14.5,16,United Kingdom,419,1,270,0,0,0,0,0,419,200.18,0.002386635,0,0,3.3,196.88,0,13.09375,0.477756563,419,0
17246,38.92,6,6,United Kingdom,277,2,270,0,0,0,0,0,468,19.46,0.004273504,0,0,0,23.48,15.44,8.65625,0.140505415,936,1
17248,181.89,1.8,35,United Kingdom,212,1,270,0,0,0,0,0,212,181.89,0.004716981,0,0,44.35,64.56,72.98,4.335378323,0.857971698,212,0
17249,68.03,2.925925926,27,United Kingdom,159,1,270,0,0,0,0,0,159,68.03,0.006289308,0,0,0,68.03,0,4.96875,0.427861635,159,1
17251,790.28,4.6875,80,United Kingdom,93,3,113,1,8.7,4.35,2,1,455,263.4266667,0.006593407,0.011008756,0,40.6,627.63,122.05,2.90625,8.497634409,1365,1
17254,198.29,4.055555556,36,United Kingdom,131,1,270,0,0,0,0,0,131,198.29,0.007633588,0,0,0,190.34,7.95,4.09375,1.513664122,131,1
17255,598.48,2.95862069,145,United Kingdom,29,3,270,0,0,0,0,0,176,199.4933333,0.017045455,0,0,22.01,443.62,132.85,0.90625,20.63724138,528,1
17256,386.83,8.37037037,27,United Kingdom,42,4,270,0,0,0,0,0,330,96.7075,0.012121212,0,0,6.78,380.05,0,1.3125,9.210238095,1320,1
17257,189.78,13.35714286,14,United Kingdom,166,2,270,0,0,0,0,0,167,94.89,0.011976048,0,0,90.05,87.83,11.9,6.171003717,1.143253012,334,1
17258,417.3,3.418181818,55,United Kingdom,127,2,270,0,0,0,0,0,395,208.65,0.005063291,0,0,12.6,341.05,63.65,3.96875,3.285826772,790,1
17259,1239.11,3.632653061,196,United Kingdom,98,5,270,0,0,0,0,0,385,247.822,0.012987013,0,0,23.3,873.3,342.51,3.0625,12.64397959,1925,0
17260,120.95,3.833333333,6,United Kingdom,141,1,270,0,0,0,0,0,141,120.95,0.007092199,0,0,0,1.8,119.15,2.883435583,0.857801418,141,1
17261,221.59,2.209302326,43,United Kingdom,240,1,270,0,0,0,0,0,240,221.59,0.004166667,0,0,0,194.2,27.39,7.5,0.923291667,240,1
17262,1504.26,38,9,United Kingdom,96,7,270,0,0,0,0,0,455,214.8942857,0.015384615,0,0,0,824.76,679.5,3,15.669375,3185,0
17264,268.28,2.932432432,74,United Kingdom,154,1,270,0,0,0,0,0,154,268.28,0.006493506,0,0,0.85,208.58,58.85,4.8125,1.742077922,154,1
17266,205.14,1.956521739,46,United Kingdom,229,2,270,0,0,0,0,0,371,102.57,0.005390836,0,0,9.25,111.8,84.09,7.15625,0.89580786,742,0
17268,970.25,22.95833333,24,United Kingdom,176,7,270,0,0,0,0,0,462,138.6071429,0.015151515,0,0,45.9,586.6,337.75,5.5,5.512784091,3234,0
17269,491.81,2.512,125,United Kingdom,116,1,270,0,0,0,0,0,116,491.81,0.00862069,0,0,47.76,307.6,136.45,3.625,4.239741379,116,1
17270,601.45,8.75,48,United Kingdom,199,2,270,0,0,0,0,0,462,300.725,0.004329004,0,0,23.15,498.8,79.5,6.21875,3.022361809,924,1
17271,204.3,2.354166667,48,United Kingdom,466,1,270,0,0,0,0,0,466,204.3,0.002145923,0,0,42.65,116.6,45.05,14.5625,0.438412017,466,1
17273,141.12,11.08333333,12,United Kingdom,154,1,270,0,0,0,0,0,154,141.12,0.006493506,0,0,0,121.32,19.8,4.8125,0.916363636,154,1
17274,465.4,3.730769231,52,United Kingdom,126,1,270,0,0,0,0,0,126,465.4,0.007936508,0,0,59.35,285.6,120.45,3.9375,3.693650794,126,1
17275,114.1,3.086956522,23,United Kingdom,113,1,270,0,0,0,0,0,113,114.1,0.008849558,0,0,0,47.31,66.79,2.310838446,1.009734513,113,1
17276,444.19,3.290909091,55,United Kingdom,132,1,130,1,57.05,19.01666667,3,1.666666667,132,444.19,0.007575758,0.12843603,0,0,281.89,162.3,4.125,3.365075758,132,1
17277,717.02,6.961538462,52,United Kingdom,53,1,270,0,0,0,0,0,53,717.02,0.018867925,0,0,0,594.42,122.6,1.65625,13.52867925,53,0
17278,25.2,8,2,United Kingdom,295,1,270,0,0,0,0,0,295,25.2,0.003389831,0,0,0,10.2,15,6.032719836,0.085423729,295,0
17280,118.86,12.33333333,6,United Kingdom,168,1,270,0,0,0,0,0,168,118.86,0.005952381,0,0,0,118.86,0,5.25,0.7075,168,1
17281,797.85,49.16666667,6,United Kingdom,104,6,270,0,0,0,0,0,403,132.975,0.014888337,0,0,0,797.85,0,3.25,7.671634615,2418,1
17282,1346.98,5.525773196,194,United Kingdom,30,3,270,0,0,0,0,0,279,448.9933333,0.010752688,0,0,18.17,1005.57,323.24,0.9375,44.89933333,837,0
17283,188.46,11.93333333,15,United Kingdom,109,1,270,0,0,0,0,0,109,188.46,0.009174312,0,0,8.85,105.11,74.5,3.40625,1.728990826,109,1
17284,1627.23,6.023584906,212,United Kingdom,66,2,270,0,0,0,0,0,119,813.615,0.016806723,0,0,40.5,1366.73,220,2.0625,24.655,238,0
17285,400.44,3.069767442,43,United Kingdom,358,2,270,0,0,0,0,0,393,200.22,0.005089059,0,0,11.8,176.99,211.65,7.321063395,1.118547486,786,1
17286,237.81,5.456521739,46,United Kingdom,130,2,270,0,0,0,0,0,130,118.905,0.015384615,0,0,7.6,209.96,20.25,4.0625,1.829307692,260,1
17287,2984.25,4.117808219,365,United Kingdom,98,16,252,2,16.25,8.125,2,2,467,186.515625,0.034261242,0.005445254,0,43.95,1931.46,1008.84,3.0625,30.45153061,7472,0
17288,1341.32,5.190184049,163,United Kingdom,25,7,270,0,0,0,0,0,124,191.6171429,0.056451613,0,0,10.9,995.72,334.7,0.78125,53.6528,868,0
17289,1109.53,4.435582822,163,United Kingdom,106,6,167,1,1.25,1.25,1,1,371,184.9216667,0.016172507,0.001126603,0,121.3,772.98,215.25,3.3125,10.46726415,2226,0
17290,914.47,6.04040404,99,United Kingdom,112,6,270,0,0,0,0,0,456,152.4116667,0.013157895,0,0,45.84,600.77,267.86,3.5,8.164910714,2736,1
17291,550.8,72,1,United Kingdom,38,1,270,0,0,0,0,0,38,550.8,0.026315789,0,0,0,0,550.8,0.777096115,14.49473684,38,1
17292,271.75,8.733333333,15,United Kingdom,202,2,270,0,0,0,0,0,309,135.875,0.006472492,0,0,0,155.21,116.54,6.3125,1.34529703,618,1
17293,2365.92,10.41791045,134,United Kingdom,38,10,270,0,0,0,0,0,466,236.592,0.021459227,0,0,12.6,2100.72,252.6,1.1875,62.26105263,4660,0
17294,467.79,17.47058824,17,United Kingdom,399,2,270,0,0,0,0,0,399,233.895,0.005012531,0,0,0,348.6,119.19,12.46875,1.172406015,798,1
17296,338.13,6.545454545,33,United Kingdom,460,1,270,0,0,0,0,0,460,338.13,0.002173913,0,0,46.2,165.63,126.3,14.375,0.735065217,460,1
17298,434.9,11.56410256,39,United Kingdom,104,3,223,1,5.04,5.04,1,12,372,144.9666667,0.008064516,0.011588871,0,1.05,433.85,0,3.25,4.181730769,1116,0
17299,336.62,4.327586207,58,United Kingdom,169,2,270,0,0,0,0,0,211,168.31,0.009478673,0,0,21.7,309.97,4.95,5.28125,1.99183432,422,0
17300,393.64,10.61363636,44,United Kingdom,121,2,270,0,0,0,0,0,212,196.82,0.009433962,0,0,0,352.24,41.4,3.78125,3.25322314,424,1
17301,131.15,1.462962963,54,United Kingdom,354,1,270,0,0,0,0,0,354,131.15,0.002824859,0,0,0,131.15,0,11.0625,0.370480226,354,1
17302,182.85,9,11,United Kingdom,36,1,270,0,0,0,0,0,36,182.85,0.027777778,0,0,0,182.85,0,1.125,5.079166667,36,0
17303,250.04,2.716981132,53,United Kingdom,91,1,270,0,0,0,0,0,91,250.04,0.010989011,0,0,2.55,171.84,75.65,2.84375,2.747692308,91,1
17304,111.5,14.6,5,United Kingdom,264,1,270,0,0,0,0,0,264,111.5,0.003787879,0,0,0,103,8.5,8.25,0.422348485,264,1
17305,2135.46,111.7777778,9,United Kingdom,379,1,270,0,0,0,0,0,379,2135.46,0.002638522,0,0,0,1239.36,896.1,11.84375,5.634459103,379,1
17306,3176.32,246.6086957,23,United Kingdom,6,6,47,1,16.8,8.4,2,4,134,529.3866667,0.044776119,0.00528914,0,0,3176.32,0,0.1875,529.3866667,804,0
17307,3378.31,62.17307692,52,United Kingdom,125,11,95,4,621.58,155.395,4,108.5,419,307.1190909,0.026252983,0.183991404,0,0,3050.06,328.25,3.90625,27.02648,4609,1
17308,4511.76,735.4285714,7,United Kingdom,123,2,270,0,0,0,0,0,183,2255.88,0.010928962,0,0,0,4511.76,0,3.84375,36.68097561,366,1
17309,237.64,5.833333333,24,United Kingdom,111,2,270,0,0,0,0,0,403,118.82,0.004962779,0,0,6.15,142.25,89.24,3.46875,2.140900901,806,1
17310,1025.1,201,2,United Kingdom,117,2,270,0,0,0,0,0,265,512.55,0.00754717,0,0,0,1025.1,0,3.65625,8.761538462,530,1
17311,2662.27,21.57142857,98,United Kingdom,47,5,389,1,75.9,37.95,2,23,405,532.454,0.012345679,0.028509505,0,0,1969.62,692.65,1.46875,56.64404255,2025,1
17314,2563.19,9.162921348,178,United Kingdom,42,11,19,3,379.52,14.0562963,27,15.85185185,467,233.0172727,0.023554604,0.148065497,0,11.7,1740.54,810.95,1.3125,61.02833333,5137,0
17315,4527.5,4.824120603,398,United Kingdom,2,14,38,4,68.55,8.56875,8,2.625,169,323.3928571,0.082840237,0.015140806,0,113.6,2913.7,1500.2,0.0625,2263.75,2366,0
17316,124.45,1.257142857,35,United Kingdom,150,1,270,0,0,0,0,0,150,124.45,0.006666667,0,0,0,106.6,17.85,4.6875,0.829666667,150,1
17318,157.33,3.470588235,17,United Kingdom,455,1,270,0,0,0,0,0,455,157.33,0.002197802,0,0,8.85,101.13,47.35,14.21875,0.34578022,455,1
17319,29.1,4.666666667,3,United Kingdom,399,1,270,0,0,0,0,0,399,29.1,0.002506266,0,0,16.5,12.6,0,14.83271375,0.072932331,399,1
17320,1695.15,7.504950495,101,United Kingdom,98,4,270,0,0,0,0,0,417,423.7875,0.009592326,0,0,0,1157.94,537.21,3.0625,17.29744898,1668,0
17321,1008.05,2.476744186,172,United Kingdom,124,4,270,0,0,0,0,0,308,252.0125,0.012987013,0,0,57.85,537.6,412.6,3.875,8.129435484,1232,1
17322,900.64,3.466666667,180,United Kingdom,106,5,106,2,21.95,7.316666667,3,2.333333333,467,180.128,0.010706638,0.024371558,0,39.2,816.59,44.85,3.3125,8.496603774,2335,1
17323,782.81,4.676646707,167,United Kingdom,22,6,270,0,0,0,0,0,429,130.4683333,0.013986014,0,0,19.17,763.64,0,0.6875,35.58227273,2574,0
17324,1733.82,10.63157895,114,United Kingdom,62,10,187,1,153,153,1,36,451,173.382,0.022172949,0.088244454,0,6.7,1348.27,378.85,1.9375,27.96483871,4510,1
17325,609.57,11.92307692,39,United Kingdom,10,3,270,0,0,0,0,0,372,203.19,0.008064516,0,0,0,457.72,151.85,0.3125,60.957,1116,1
17326,312.35,1.581395349,86,United Kingdom,138,2,270,0,0,0,0,0,259,156.175,0.007722008,0,0,9.65,190.67,112.03,4.3125,2.263405797,518,1
17327,152.35,14.75,4,United Kingdom,140,2,270,0,0,0,0,0,293,76.175,0.006825939,0,0,0,6.3,146.05,2.862985685,1.088214286,586,1
17328,104.7,14.33333333,6,United Kingdom,403,1,270,0,0,0,0,0,403,104.7,0.00248139,0,0,0,98.75,5.95,12.59375,0.259801489,403,1
17329,718.78,4.08045977,87,United Kingdom,45,4,270,0,0,0,0,0,466,179.695,0.008583691,0,0,34.85,507.2,176.73,1.40625,15.97288889,1864,1
17330,59.9,1,2,United Kingdom,275,2,270,0,0,0,0,0,378,29.95,0.005291005,0,0,0,0,59.9,5.623721881,0.217818182,756,0
17332,827.77,8.180851064,94,United Kingdom,258,5,270,0,0,0,0,0,386,165.554,0.012953368,0,0,10.5,700.87,116.4,8.0625,3.208410853,1930,1
17334,634.73,17.65625,32,United Kingdom,32,3,31,1,0.42,0.42,1,1,137,211.5766667,0.02189781,0.000661699,0,0,568.08,66.65,1,19.8353125,411,1
17335,497.04,5.833333333,36,United Kingdom,114,2,270,0,0,0,0,0,415,248.52,0.004819277,0,0,0,285.09,211.95,3.5625,4.36,830,1
17336,81.12,48,1,United Kingdom,202,1,270,0,0,0,0,0,202,81.12,0.004950495,0,0,0,81.12,0,6.3125,0.401584158,202,1
17337,953.98,2.759183673,245,United Kingdom,40,1,40,1,35.4,35.4,1,12,40,953.98,0.025,0.037107696,0,20.63,710.2,223.15,1.25,23.8495,40,0
17338,7960.14,4.653333333,825,United Kingdom,21,12,301,1,74.25,37.125,2,5.5,369,663.345,0.032520325,0.009327725,0,131.51,6413.82,1414.81,0.65625,379.0542857,4428,0
17339,60,2.666666667,6,United Kingdom,95,2,201,1,59,59,1,20,239,30,0.008368201,0.983333333,0,0,60,0,2.96875,0.631578947,478,1
17340,11361.1,13.96,425,United Kingdom,84,9,110,7,263.95,14.66388889,18,2.833333333,393,1262.344444,0.022900763,0.023232786,0,133.4,8991.25,2236.45,2.625,135.2511905,3537,0
17341,1006.53,3.202020202,198,United Kingdom,97,3,270,0,0,0,0,0,270,335.51,0.011111111,0,0,52.31,748.18,206.04,3.03125,10.37659794,810,0
17342,1155.84,12.475,40,United Kingdom,110,4,104,3,71.7,14.34,5,4.4,400,288.96,0.01,0.062032807,0,30.6,456.84,668.4,2.249488753,10.50763636,1600,1
17343,1259.94,5.675,80,United Kingdom,85,6,270,0,0,0,0,0,466,209.99,0.012875536,0,0,34.65,747.59,477.7,2.65625,14.82282353,2796,1
17344,286.24,3.594594595,37,United Kingdom,459,1,459,1,13.5,13.5,1,2,459,286.24,0.002178649,0.04716322,0,3.8,180.29,102.15,14.34375,0.623616558,459,1
17345,946.64,11.56834532,139,United Kingdom,106,6,106,2,120.3,9.253846154,13,4.538461538,468,157.7733333,0.012820513,0.127081045,0,22.45,825.84,98.35,3.3125,8.930566038,2808,0
17346,2706.49,4.032064128,499,United Kingdom,29,14,270,0,0,0,0,0,331,193.3207143,0.042296073,0,0,21.75,2364.11,320.63,0.90625,93.32724138,4634,0
17348,1434.54,5.821969697,264,United Kingdom,28,5,270,0,0,0,0,0,370,286.908,0.013513514,0,0,30.49,1278.2,125.85,0.875,51.23357143,1850,1
17349,674.16,8.701298701,77,United Kingdom,110,4,270,0,0,0,0,0,361,168.54,0.011080332,0,0,21.45,611.46,41.25,3.4375,6.128727273,1444,0
17350,612.38,5.652777778,72,United Kingdom,124,3,270,0,0,0,0,0,406,204.1266667,0.007389163,0,0,0,443.54,168.84,3.875,4.938548387,1218,1
17351,1575.83,6.704545455,44,United Kingdom,3,10,270,0,0,0,0,0,459,157.583,0.021786492,0,0,29.75,93.4,1452.68,0.061349693,525.2766667,4590,0
17352,36.25,3,5,United Kingdom,426,1,270,0,0,0,0,0,426,36.25,0.002347418,0,0,0,30.3,5.95,13.3125,0.085093897,426,1
17353,1415.55,104,9,United Kingdom,222,2,144,3,86.45,28.81666667,3,10.66666667,354,707.775,0.005649718,0.061071668,0,0,1424.05,-8.5,6.9375,6.376351351,708,0
17354,1740.9,17.94117647,85,United Kingdom,158,3,270,0,0,0,0,0,158,580.3,0.018987342,0,0,0,1687.4,53.5,4.9375,11.01835443,474,1
17355,273.31,7.545454545,33,United Kingdom,116,1,270,0,0,0,0,0,116,273.31,0.00862069,0,0,1.25,235.51,36.55,3.625,2.35612069,116,1
17356,946.47,10.75581395,86,United Kingdom,42,5,270,0,0,0,0,0,419,189.294,0.011933174,0,0,14.75,931.72,0,1.3125,22.535,2095,1
17358,861.01,2.945205479,146,United Kingdom,33,5,270,0,0,0,0,0,383,172.202,0.01305483,0,0,15.15,650.77,195.09,1.03125,26.09121212,1915,1
17359,156.6,3.304347826,23,United Kingdom,378,1,270,0,0,0,0,0,378,156.6,0.002645503,0,0,0,98.4,58.2,11.8125,0.414285714,378,1
17360,602.32,2.80952381,105,United Kingdom,116,3,165,1,29.95,29.95,1,1,165,200.7733333,0.018181818,0.049724399,0,7.15,438.87,156.3,3.625,5.192413793,495,0
17361,428.59,8.103448276,29,United Kingdom,22,3,270,0,0,0,0,0,406,142.8633333,0.007389163,0,0,24,268.79,135.8,0.6875,19.48136364,1218,0
17362,848.31,3.512195122,123,United Kingdom,40,6,131,1,13.5,6.75,2,1,433,141.385,0.013856813,0.015913994,0,6.7,641.58,200.03,1.25,21.20775,2598,0
17363,920.46,14.25714286,35,United Kingdom,125,3,270,0,0,0,0,0,132,306.82,0.022727273,0,0,0,625.16,295.3,3.90625,7.36368,396,1
17364,8048.76,8.768729642,614,United Kingdom,19,18,53,2,27.4,6.85,4,5.5,462,447.1533333,0.038961039,0.003404251,0,220.2,6378.55,1450.01,0.59375,423.6189474,8316,0
17365,4140.64,9.695121951,410,United Kingdom,63,9,407,1,19.15,9.575,2,1.5,407,460.0711111,0.022113022,0.004624889,0,106.44,3623.6,410.6,1.96875,65.72444444,3663,0
17366,1075.59,3.810606061,132,United Kingdom,162,2,122,1,1.65,1.65,1,1,186,537.795,0.010752688,0.001534042,0,45.57,740.57,289.45,5.0625,6.639444444,372,1
17368,960.52,6.740740741,162,United Kingdom,61,8,48,2,612.9,34.05,18,39.77777778,454,120.065,0.017621145,0.638091867,0,25.85,760.27,174.4,1.90625,15.74622951,3632,0
17369,979.2,1152,1,United Kingdom,186,1,270,0,0,0,0,0,186,979.2,0.005376344,0,0,0,979.2,0,5.8125,5.264516129,186,1
17371,325.11,2.609375,64,United Kingdom,91,4,270,0,0,0,0,0,462,81.2775,0.008658009,0,0,21.44,177.38,126.29,2.84375,3.572637363,1848,1
17372,3456.08,2.704590818,501,United Kingdom,47,22,355,3,52.13,4.344166667,12,4.083333333,466,157.0945455,0.0472103,0.015083563,0,58.45,2313.46,1084.17,1.46875,73.53361702,10252,0
17373,665.83,8.215686275,51,United Kingdom,43,4,270,0,0,0,0,0,379,166.4575,0.01055409,0,0,0,582.13,83.7,1.34375,15.4844186,1516,0
17374,407.39,3.592592593,27,United Kingdom,11,2,123,1,15.9,15.9,1,2,125,203.695,0.016,0.03902894,0,0,148.99,258.4,0.224948875,37.03545455,250,0
17375,546.82,7.2,60,United Kingdom,42,3,270,0,0,0,0,0,162,182.2733333,0.018518519,0,0,7.15,406.52,133.15,1.3125,13.01952381,486,0
17376,356.29,4.386363636,44,United Kingdom,41,3,270,0,0,0,0,0,253,118.7633333,0.011857708,0,0,0,280.45,75.84,1.28125,8.69,759,1
17377,14405.97,4.071830986,1420,United Kingdom,5,64,88,12,455,23.94736842,19,2.526315789,468,225.0932813,0.136752137,0.031584128,0,216.22,11823.89,2365.86,0.15625,2881.194,29952,0
17378,0,0,2,United Kingdom,104,1,104,1,10.95,10.95,1,1,104,0,0.009615385,10.95,0,0,0,0,3.866171004,0,104,1
17380,643.75,22.81818182,11,United Kingdom,164,3,253,1,1.25,1.25,1,1,265,214.5833333,0.011320755,0.001941748,0,0,343.75,300,5.125,3.925304878,795,1
17381,25322.46,276.0408163,98,United Kingdom,8,19,270,0,0,0,0,0,278,1332.761053,0.068345324,0,0,0,22364.96,2957.5,0.25,3165.3075,5282,0
17382,836.88,27,16,United Kingdom,166,7,270,0,0,0,0,0,300,119.5542857,0.023333333,0,0,219.6,434.4,182.88,5.1875,5.041445783,2100,1
17383,110.7,6,2,United Kingdom,183,1,270,0,0,0,0,0,183,110.7,0.005464481,0,0,0,1.25,109.45,3.742331288,0.604918033,183,0
17384,171.15,6.6,5,United Kingdom,197,1,270,0,0,0,0,0,197,171.15,0.005076142,0,0,0,151.35,19.8,6.15625,0.868781726,197,0
17386,126.35,5.3,10,United Kingdom,115,1,270,0,0,0,0,0,115,126.35,0.008695652,0,0,0,126.35,0,3.59375,1.098695652,115,0
17388,1797.41,45.04878049,41,United Kingdom,18,8,270,0,0,0,0,0,460,224.67625,0.017391304,0,0,20.02,1760.44,16.95,0.5625,99.85611111,3680,0
17389,24179.66,40.67871486,249,United Kingdom,6,34,46,9,2206.45,245.1611111,9,36.77777778,466,711.1664706,0.072961373,0.091252317,0,0,14855.21,9324.45,0.1875,4029.943333,15844,0
17390,149.3,4.083333333,12,United Kingdom,151,1,270,0,0,0,0,0,151,149.3,0.006622517,0,0,0,98.3,51,4.71875,0.988741722,151,1
17392,579.92,6.492753623,69,United Kingdom,37,3,270,0,0,0,0,0,180,193.3066667,0.016666667,0,0,0,365.27,214.65,1.15625,15.67351351,540,1
17393,381.15,4.958333333,48,United Kingdom,141,2,270,0,0,0,0,0,218,190.575,0.009174312,0,0,37.55,240.45,103.15,4.40625,2.703191489,436,1
17395,97.5,22,3,United Kingdom,238,1,270,0,0,0,0,0,238,97.5,0.004201681,0,0,0,97.5,0,7.4375,0.409663866,238,1
17396,1243.8,11.44827586,29,United Kingdom,102,7,116,2,232.5,38.75,6,13.66666667,171,177.6857143,0.040935673,0.186927159,0,0,1212,31.8,3.1875,12.19411765,1197,0
17397,516.87,9.8,45,United Kingdom,146,1,270,0,0,0,0,0,146,516.87,0.006849315,0,0,0,386.52,130.35,4.5625,3.540205479,146,1
17400,2949.61,4.49,300,United Kingdom,83,4,270,0,0,0,0,0,452,737.4025,0.008849558,0,0,232.94,1596.33,1120.34,2.59375,35.53746988,1808,0
17401,114.85,2.833333333,12,United Kingdom,271,1,270,0,0,0,0,0,271,114.85,0.003690037,0,0,0,70.2,44.65,8.46875,0.423800738,271,1
17402,2539.43,5.973154362,149,United Kingdom,59,13,104,3,34.15,11.38333333,3,1,453,195.3407692,0.028697572,0.0134479,0,1.69,1721.54,816.2,1.84375,43.04118644,5889,0
17403,118.95,5.923076923,13,United Kingdom,181,1,270,0,0,0,0,0,181,118.95,0.005524862,0,0,0,76.25,42.7,5.65625,0.65718232,181,1
17404,25615.74,170.6627907,172,Sweden,0,13,5,4,1536.3,384.075,4,158.5,432,1970.441538,0.030092593,0.059974844,0,0,24736.3,879.44,0,25615.74,5616,0
17406,3874,7.366935484,248,United Kingdom,63,13,60,5,312.95,31.295,10,2,463,298,0.028077754,0.080782137,0,52.64,2796.26,1025.1,1.96875,61.49206349,6019,1
17407,552.9,18.52173913,23,United Kingdom,142,1,270,0,0,0,0,0,142,552.9,0.007042254,0,0,0,399.6,153.3,4.4375,3.893661972,142,1
17408,132.24,12.57142857,7,United Kingdom,230,2,230,1,151.2,151.2,1,72,244,66.12,0.008196721,1.143375681,0,17.7,101.79,12.75,7.1875,0.574956522,488,0
17409,7021.66,43.78021978,91,United Kingdom,152,8,270,0,0,0,0,0,459,877.7075,0.017429194,0,0,0,6416.11,605.55,4.75,46.19513158,3672,0
17411,537.59,6.547619048,42,United Kingdom,117,2,96,4,108.85,13.60625,8,3.375,467,268.795,0.004282655,0.202477725,0,27.9,496.19,13.5,3.65625,4.594786325,934,0
17412,3518.74,10.6142132,197,United Kingdom,33,12,242,3,32.54,5.423333333,6,4.5,467,293.2283333,0.025695931,0.009247628,0,57.9,2463.25,997.59,1.03125,106.6284848,5604,0
17413,560.14,30.2,10,United Kingdom,135,2,270,0,0,0,0,0,300,280.07,0.006666667,0,0,0,296.34,263.8,4.21875,4.149185185,600,1
17414,1471.52,277.0666667,15,United Kingdom,153,4,270,0,0,0,0,0,466,367.88,0.008583691,0,0,0,1471.52,0,4.78125,9.617777778,1864,0
17416,12497.84,13.60655738,427,United Kingdom,11,16,163,1,21.9,21.9,1,2,455,781.115,0.035164835,0.001752303,0,15,8323.09,4159.75,0.34375,1136.167273,7280,0
17417,164.18,4.75,16,United Kingdom,279,1,270,0,0,0,0,0,279,164.18,0.003584229,0,0,0,105.55,58.63,8.71875,0.588458781,279,1
17418,373.99,15.45833333,24,United Kingdom,54,2,270,0,0,0,0,0,117,186.995,0.017094017,0,0,15.3,345.94,12.75,1.6875,6.925740741,234,1
17419,3266.23,10.74375,160,United Kingdom,7,11,270,0,0,0,0,0,413,296.93,0.026634383,0,0,0,2440.38,825.85,0.21875,466.6042857,4543,0
17420,475.7,8,29,United Kingdom,104,4,105,2,9.9,4.95,2,1,131,118.925,0.030534351,0.020811436,0,0,409.35,66.35,3.25,4.574038462,524,0
17421,1059.41,13.9137931,58,United Kingdom,116,3,270,0,0,0,0,0,465,353.1366667,0.006451613,0,0,0,985.96,73.45,3.625,9.132844828,1395,1
17422,1754.42,11.53333333,120,United Kingdom,26,6,22,6,182.22,12.148,15,8,265,292.4033333,0.022641509,0.103863385,0,123.9,1380.07,250.45,0.8125,67.47769231,1590,0
17423,420.54,19.47058824,17,United Kingdom,124,1,270,0,0,0,0,0,124,420.54,0.008064516,0,0,0,420.54,0,3.875,3.391451613,124,0
17426,3777.99,10.91452991,234,United Kingdom,12,8,237,3,456.4,38.03333333,12,7.083333333,390,472.24875,0.020512821,0.120804978,0,0,3376.46,401.53,0.375,314.8325,3120,0
17428,17353.48,20.45436105,493,United Kingdom,8,24,12,3,477.25,36.71153846,13,7,468,723.0616667,0.051282051,0.027501688,0,58.32,13034.83,4260.33,0.25,2169.185,11232,0
17429,830.04,11.57894737,57,United Kingdom,126,2,144,1,2.5,2.5,1,2,160,415.02,0.0125,0.003011903,0,8.5,686.29,135.25,3.9375,6.587619048,320,0
17430,469.41,11.60714286,28,United Kingdom,95,3,270,0,0,0,0,0,210,156.47,0.014285714,0,0,0,374.21,95.2,2.96875,4.941157895,630,1
17431,403.3,6.790697674,43,United Kingdom,43,1,270,0,0,0,0,0,43,403.3,0.023255814,0,0,0,334.4,68.9,1.34375,9.379069767,43,1
17432,1363.23,3.544247788,226,United Kingdom,115,7,270,0,0,0,0,0,466,194.7471429,0.015021459,0,0,34.35,1035.83,293.05,3.59375,11.85417391,3262,1
17433,266.8,3.076923077,39,United Kingdom,115,1,270,0,0,0,0,0,115,266.8,0.008695652,0,0,6.85,195.3,64.65,3.59375,2.32,115,1
17435,331.35,13,15,United Kingdom,141,1,270,0,0,0,0,0,141,331.35,0.007092199,0,0,0,297.45,33.9,4.40625,2.35,141,1
17436,305.01,6.916666667,12,United Kingdom,138,3,298,2,12.75,3.1875,4,1.25,463,101.67,0.006479482,0.041801908,0,0,155.55,149.46,4.3125,2.210217391,1389,0
17437,369.68,5.442307692,52,United Kingdom,260,1,270,0,0,0,0,0,260,369.68,0.003846154,0,0,15.95,225.19,128.54,8.125,1.421846154,260,1
17438,1034.32,8.333333333,54,United Kingdom,174,4,270,0,0,0,0,0,371,258.58,0.010781671,0,0,0,538.84,495.48,5.4375,5.944367816,1484,0
17439,325.74,46.25,8,United Kingdom,386,1,270,0,0,0,0,0,386,325.74,0.002590674,0,0,0,223.74,102,12.0625,0.84388601,386,1
17440,137.16,36,1,United Kingdom,279,1,270,0,0,0,0,0,279,137.16,0.003584229,0,0,0,0,137.16,5.705521472,0.491612903,279,0
17441,293.35,11.66666667,21,United Kingdom,462,1,270,0,0,0,0,0,462,293.35,0.002164502,0,0,0,279.85,13.5,14.4375,0.63495671,462,1
17442,2718.67,10.41847826,184,United Kingdom,20,10,12,6,93.9,11.7375,8,2.875,392,271.867,0.025510204,0.034538947,0,0,2177.48,541.19,0.625,135.9335,3920,0
17446,68.1,20.4,5,United Kingdom,40,1,270,0,0,0,0,0,40,68.1,0.025,0,0,0,68.1,0,1.25,1.7025,40,0
17448,14375.01,10.22222222,1125,United Kingdom,259,41,284,7,73.66,4.910666667,15,1.933333333,375,350.61,0.109333333,0.00512417,0,425.66,12028.45,1920.9,8.09375,55.50196911,15375,1
17449,3371.54,4.125,432,United Kingdom,13,8,270,0,0,0,0,0,460,421.4425,0.017391304,0,0,121.25,2209.04,1041.25,0.40625,259.3492308,3680,0
17450,67821.52,113.0755814,172,United Kingdom,6,11,138,1,6325.08,702.7866667,9,306.6666667,168,6165.592727,0.06547619,0.093260664,0,574.72,48304.28,18942.52,0.1875,11303.58667,1848,0
17454,1313.21,5.903846154,104,United Kingdom,29,8,182,1,15.3,15.3,1,6,423,164.15125,0.01891253,0.01165084,0,15,988.85,309.36,0.90625,45.28310345,3384,0
17456,975.56,8.466666667,60,United Kingdom,95,2,270,0,0,0,0,0,186,487.78,0.010752688,0,0,11.7,795.06,168.8,2.96875,10.26905263,372,1
17457,4778.37,36.44262295,61,United Kingdom,39,11,147,4,185.8,23.225,8,7.5,462,434.3972727,0.023809524,0.038883552,0,0,3662.38,1115.99,1.21875,122.5223077,5082,0
17458,213.08,3.5,32,United Kingdom,112,1,270,0,0,0,0,0,112,213.08,0.008928571,0,0,0,197.83,15.25,3.5,1.9025,112,1
17460,1688.27,6.2,125,United Kingdom,48,13,327,3,51.07,5.674444444,9,1.222222222,416,129.8669231,0.03125,0.030249901,0,15.23,1234.65,438.39,1.5,35.17229167,5408,0
17462,463.41,11.07142857,14,United Kingdom,14,1,270,0,0,0,0,0,14,463.41,0.071428571,0,0,0,463.41,0,0.4375,33.10071429,14,1
17463,1345.91,4.055555556,198,United Kingdom,43,3,286,1,4.95,4.95,1,1,319,448.6366667,0.009404389,0.003677809,0,55.45,942.46,348,1.34375,31.30023256,957,0
17464,526.58,10.25,32,United Kingdom,252,2,349,1,90.6,45.3,2,30,349,263.29,0.005730659,0.172053629,0,12.5,497.39,16.69,7.875,2.089603175,698,0
17465,2533.64,10.20833333,144,United Kingdom,156,7,406,2,9.15,4.575,2,3.5,466,361.9485714,0.015021459,0.003611405,0,65.5,1832.43,635.71,4.875,16.24128205,3262,1
17467,102.6,5,4,United Kingdom,125,1,270,0,0,0,0,0,125,102.6,0.008,0,0,0,42.9,59.7,2.556237219,0.8208,125,1
17468,57.8,22.66666667,3,United Kingdom,105,1,270,0,0,0,0,0,105,57.8,0.00952381,0,0,0,57.8,0,3.28125,0.55047619,105,1
17469,3115.28,8.016042781,187,United Kingdom,130,12,232,4,65,8.125,8,2.25,453,259.6066667,0.026490066,0.020864898,0,19.55,2239.03,856.7,4.0625,23.96369231,5436,0
17470,1679.8,13.27272727,88,United Kingdom,98,7,270,0,0,0,0,0,238,239.9714286,0.029411765,0,0,20.04,1328.21,331.55,3.0625,17.14081633,1666,0
17471,321.65,8.052631579,19,United Kingdom,205,1,270,0,0,0,0,0,205,321.65,0.004878049,0,0,0,321.65,0,6.40625,1.56902439,205,1
17472,663.08,2.343558282,163,United Kingdom,18,3,270,0,0,0,0,0,358,221.0266667,0.008379888,0,0,2.95,540.48,119.65,0.5625,36.83777778,1074,0
17473,592.15,7.628571429,35,United Kingdom,139,2,131,1,14.85,14.85,1,3,186,296.075,0.010752688,0.025078105,0,12.6,406.3,173.25,4.34375,4.260071942,372,1
17474,1047,33.33333333,6,United Kingdom,330,1,270,0,0,0,0,0,330,1047,0.003030303,0,0,0,133.8,913.2,6.748466258,3.172727273,330,1
17476,446.51,6.470588235,34,United Kingdom,126,2,123,2,43.35,14.45,3,1.333333333,468,223.255,0.004273504,0.097086291,0,27,218.11,201.4,3.9375,3.543730159,936,1
17477,1079,4.489361702,47,United Kingdom,343,2,359,3,65.3,21.76666667,3,4.666666667,378,539.5,0.005291005,0.060518999,0,0,266.22,812.78,7.014314928,3.145772595,756,1
17478,1272.8,12.9,40,United Kingdom,138,2,270,0,0,0,0,0,363,636.4,0.005509642,0,0,0,955.68,317.12,4.3125,9.223188406,726,1
17479,389.26,14.77777778,18,United Kingdom,363,1,270,0,0,0,0,0,363,389.26,0.002754821,0,0,25.2,364.06,0,11.34375,1.072341598,363,1
17480,370.41,10.125,24,United Kingdom,175,1,270,0,0,0,0,0,175,370.41,0.005714286,0,0,0,270.86,99.55,5.46875,2.116628571,175,1
17482,775.64,4.528301887,53,United Kingdom,217,2,270,0,0,0,0,0,308,387.82,0.006493506,0,0,28.25,352.14,395.25,4.437627812,3.57437788,616,1
17483,177.69,10.57142857,7,United Kingdom,145,1,270,0,0,0,0,0,145,177.69,0.006896552,0,0,0,113.94,63.75,4.53125,1.225448276,145,0
17484,209.57,24.21428571,14,United Kingdom,306,2,270,0,0,0,0,0,354,104.785,0.005649718,0,0,0,166.22,43.35,9.5625,0.684869281,708,1
17487,160.55,4.625,8,United Kingdom,458,1,270,0,0,0,0,0,458,160.55,0.002183406,0,0,0,140.6,19.95,14.3125,0.350545852,458,1
17488,336.5,7.555555556,18,United Kingdom,371,1,270,0,0,0,0,0,371,336.5,0.002695418,0,0,0,266.15,70.35,11.59375,0.907008086,371,1
17490,658.18,9.925,40,United Kingdom,118,2,270,0,0,0,0,0,300,329.09,0.006666667,0,0,0,539.78,118.4,3.6875,5.57779661,600,0
17491,2727.72,22.92592593,81,United Kingdom,56,9,270,0,0,0,0,0,321,303.08,0.028037383,0,0,31.45,2434.17,262.1,1.75,48.70928571,2889,0
17492,747.85,10.92592593,27,United Kingdom,208,2,270,0,0,0,0,0,248,373.925,0.008064516,0,0,0,348.4,399.45,4.253578732,3.595432692,496,0
17493,100.91,7.75,8,United Kingdom,115,1,270,0,0,0,0,0,115,100.91,0.008695652,0,0,0,74.16,26.75,3.59375,0.877478261,115,1
17494,54.7,8.666666667,3,United Kingdom,232,1,270,0,0,0,0,0,232,54.7,0.004310345,0,0,0,34.8,19.9,7.25,0.235775862,232,1
17495,261.51,4.961538462,26,United Kingdom,121,1,115,1,47.65,9.53,5,1.8,121,261.51,0.008264463,0.182211005,0,0,195.41,66.1,3.78125,2.161239669,121,1
17496,1385.89,9.067567568,74,United Kingdom,89,4,312,1,27,13.5,2,2,424,346.4725,0.009433962,0.019482066,0,0,1114.79,271.1,2.78125,15.57179775,1696,1
17497,287.25,8.428571429,7,United Kingdom,120,2,270,0,0,0,0,0,341,143.625,0.005865103,0,0,0,153,134.25,3.75,2.39375,682,1
17499,1296.84,14.75342466,73,United Kingdom,20,2,277,1,44.55,22.275,2,4.5,292,648.42,0.006849315,0.034352734,0,0,848.99,447.85,0.625,64.842,584,1
17504,7280.57,16.5936255,251,United Kingdom,19,11,270,0,0,0,0,0,400,661.87,0.0275,0,0,20.1,6015.47,1245,0.59375,383.1878947,4400,0
17505,1289.64,13.72,50,United Kingdom,281,3,270,0,0,0,0,0,335,429.88,0.008955224,0,0,0,1024.62,265.02,8.78125,4.589466192,1005,0
17507,340.56,4.933333333,45,United Kingdom,39,1,270,0,0,0,0,0,39,340.56,0.025641026,0,0,0,291.01,49.55,1.21875,8.732307692,39,0
17508,4546.78,12.4137931,232,Greece,11,8,358,1,32.45,32.45,1,11,463,568.3475,0.017278618,0.007136919,0,150.99,3377.84,1017.95,0.34375,413.3436364,3704,1
17510,206.08,13.86666667,15,United Kingdom,151,1,270,0,0,0,0,0,151,206.08,0.006622517,0,0,0,206.08,0,4.71875,1.364768212,151,1
17511,98535.13,53.15335463,1252,United Kingdom,20,35,20,14,892.22,6.708421053,133,1.77443609,468,2815.289429,0.074786325,0.009054842,-6.75,9.5,80239.22,18293.16,0.625,4926.7565,16380,0
17512,3158.49,26.18548387,124,United Kingdom,21,11,24,2,35.55,17.775,2,6.5,459,287.1354545,0.023965142,0.011255378,0,15.3,2943.09,200.1,0.65625,150.4042857,5049,0
17513,645.6,15.5,12,United Kingdom,139,2,270,0,0,0,0,0,209,322.8,0.009569378,0,0,0,309,336.6,2.842535787,4.644604317,418,0
17514,313.35,3.465116279,43,United Kingdom,399,1,270,0,0,0,0,0,399,313.35,0.002506266,0,0,26.25,237.71,49.39,12.46875,0.785338346,399,0
17515,1194.97,3.06504065,123,United Kingdom,48,6,270,0,0,0,0,0,280,199.1616667,0.021428571,0,0,0,474.99,719.98,0.981595092,24.89520833,1680,0
17516,507.25,2.697478992,119,United Kingdom,16,3,270,0,0,0,0,0,109,169.0833333,0.027522936,0,0,0,444.7,62.55,0.5,31.703125,327,0
17517,153.94,9.272727273,11,United Kingdom,39,1,270,0,0,0,0,0,39,153.94,0.025641026,0,0,0,128.44,25.5,1.21875,3.947179487,39,1
17518,329.42,3.467532468,77,United Kingdom,156,2,270,0,0,0,0,0,351,164.71,0.005698006,0,0,2.1,261.32,66,4.875,2.111666667,702,1
17519,3260.5,15.42553191,141,United Kingdom,98,10,91,1,4.95,4.95,1,3,469,326.05,0.021321962,0.001518172,0,51.6,2655.2,553.7,3.0625,33.27040816,4690,0
17521,554.85,8.696969697,33,United Kingdom,124,2,270,0,0,0,0,0,165,277.425,0.012121212,0,0,30.6,439.8,84.45,3.875,4.474596774,330,0
17524,508.9,6.444444444,45,United Kingdom,91,3,168,1,30.24,15.12,2,36,168,169.6333333,0.017857143,0.059422283,0,0,465.35,43.55,2.84375,5.592307692,504,1
17525,1161.9,13,26,United Kingdom,90,3,270,0,0,0,0,0,159,387.3,0.018867925,0,0,0,907.5,254.4,2.8125,12.91,477,1
17526,3601.14,15.0952381,84,United Kingdom,21,11,91,1,15,15,1,4,452,327.3763636,0.024336283,0.004165348,0,46.08,894.06,2661,0.429447853,171.4828571,4972,0
17529,1240.25,9.634146341,82,United Kingdom,340,2,270,0,0,0,0,0,428,620.125,0.004672897,0,0,0,786,454.25,10.625,3.647794118,856,1
17530,1064.36,2.791855204,221,United Kingdom,27,4,312,1,0.95,0.95,1,1,463,266.09,0.008639309,0.000892555,0,26.9,806.06,231.4,0.84375,39.42074074,1852,0
17531,897.77,6.5,50,United Kingdom,258,2,242,5,72.35,12.05833333,6,1.833333333,348,448.885,0.005747126,0.080588569,0,0,647.92,249.85,8.0625,3.479728682,696,0
17532,65.34,7.5,4,United Kingdom,116,1,270,0,0,0,0,0,116,65.34,0.00862069,0,0,0,65.34,0,3.625,0.563275862,116,1
17533,34.8,24,1,United Kingdom,165,1,270,0,0,0,0,0,165,34.8,0.006060606,0,0,0,34.8,0,5.15625,0.210909091,165,1
17534,1445.47,9.120481928,83,United Kingdom,181,4,270,0,0,0,0,0,382,361.3675,0.010471204,0,0,0,1197.57,247.9,5.65625,7.986022099,1528,1
17535,164.4,10.46153846,13,United Kingdom,10,1,270,0,0,0,0,0,10,164.4,0.1,0,0,15,149.4,0,0.3125,16.44,10,1
17536,288.33,15,13,United Kingdom,151,2,270,0,0,0,0,0,413,144.165,0.004842615,0,0,17.7,227.2,43.43,4.71875,1.909470199,826,0
17537,620.75,6.15,60,United Kingdom,33,1,270,0,0,0,0,0,33,620.75,0.03030303,0,0,59.1,451.75,109.9,1.03125,18.81060606,33,1
17539,997.34,4.8,145,United Kingdom,358,3,357,2,164.5,82.25,2,5.5,457,332.4466667,0.006564551,0.164938737,0,15.65,863.59,118.1,11.1875,2.785865922,1371,1
17540,1280.5,9.744680851,47,United Kingdom,46,5,270,0,0,0,0,0,330,256.1,0.015151515,0,0,0,1237,43.5,1.4375,27.83695652,1650,1
17541,119.86,1.419354839,31,United Kingdom,240,1,270,0,0,0,0,0,240,119.86,0.004166667,0,0,0,45.38,74.48,4.90797546,0.499416667,240,1
17542,340.85,5.046875,64,United Kingdom,0,3,270,0,0,0,0,0,372,113.6166667,0.008064516,0,0,31.15,235.9,73.8,0,340.85,1116,1
17543,120.05,4.769230769,13,United Kingdom,280,1,270,0,0,0,0,0,280,120.05,0.003571429,0,0,0,98.05,22,8.75,0.42875,280,1
17544,944.82,4.659090909,88,United Kingdom,120,3,270,0,0,0,0,0,120,314.94,0.025,0,0,46.65,565.02,333.15,3.75,7.8735,360,1
17545,767.54,2.899159664,119,United Kingdom,120,3,270,0,0,0,0,0,308,255.8466667,0.00974026,0,0,124.22,320.27,323.05,2.45398773,6.396166667,924,0
17547,692.35,5.916666667,36,United Kingdom,106,2,102,2,35.5,7.1,5,2,395,346.175,0.005063291,0.051274644,0,0,461.75,230.6,3.3125,6.531603774,790,1
17548,486.48,8.444444444,36,United Kingdom,108,3,104,1,141.48,20.21142857,7,18.85714286,126,162.16,0.023809524,0.290823878,0,0,486.48,0,3.375,4.504444444,378,0
17550,1898.38,2.777027027,296,United Kingdom,127,6,323,1,341.1,20.06470588,17,3.529411765,400,316.3966667,0.015,0.179679516,0,87.67,985.02,825.69,3.96875,14.94787402,2400,0
17551,290.34,3.641025641,39,United Kingdom,89,1,270,0,0,0,0,0,89,290.34,0.011235955,0,0,13.95,215.19,61.2,2.78125,3.262247191,89,1
17552,2129.24,12.28828829,111,United Kingdom,102,10,304,2,25.64,6.41,4,3,358,212.924,0.027932961,0.012041855,0,0,1794.12,335.12,3.1875,20.87490196,3580,1
17553,2270,310,4,United Kingdom,203,3,270,0,0,0,0,0,341,756.6666667,0.008797654,0,0,0,2270,0,6.34375,11.18226601,1023,0
17555,760.88,2.629807692,208,United Kingdom,65,4,270,0,0,0,0,0,316,190.22,0.012658228,0,0,25.95,633.73,101.2,2.03125,11.70584615,1264,1
17556,142.77,10.375,8,United Kingdom,109,1,270,0,0,0,0,0,109,142.77,0.009174312,0,0,0,124.92,17.85,3.40625,1.309816514,109,0
17557,34,4,1,United Kingdom,463,1,270,0,0,0,0,0,463,34,0.002159827,0,0,0,0,34,9.468302658,0.073434125,463,0
17558,259.17,1.928571429,28,United Kingdom,123,1,270,0,0,0,0,0,123,259.17,0.008130081,0,0,1.25,43.27,214.65,2.515337423,2.107073171,123,1
17559,167.62,22.5,12,United Kingdom,243,1,270,0,0,0,0,0,243,167.62,0.004115226,0,0,0,167.62,0,7.59375,0.689794239,243,1
17560,1213.45875,32.67647059,34,United Kingdom,32,6,270,0,0,0,0,0,391,202.243125,0.015345269,0,0,0,1213.45875,0,1,37.92058594,2346,0
17561,537.9,1.623287671,146,United Kingdom,121,3,270,0,0,0,0,0,463,179.3,0.006479482,0,0,55.55,335.45,146.9,3.78125,4.445454545,1389,1
17563,313.78,6.705882353,34,United Kingdom,308,2,323,2,78.6,15.72,5,5.6,342,156.89,0.005847953,0.250493977,0,0,286.05,27.73,9.625,1.018766234,684,1
17565,131.83,2.233333333,30,United Kingdom,317,1,270,0,0,0,0,0,317,131.83,0.003154574,0,0,0,95.78,36.05,9.90625,0.415867508,317,1
17567,1974.88,9.607142857,112,United Kingdom,12,4,4,1,9.9,9.9,1,2,172,493.72,0.023255814,0.005012963,0,0,1742.73,232.15,0.375,164.5733333,688,0
17568,374.45,4.435483871,62,United Kingdom,363,1,270,0,0,0,0,0,363,374.45,0.002754821,0,0,18.32,332.33,23.8,11.34375,1.0315427,363,1
17569,344.14,5.482758621,29,United Kingdom,62,1,270,0,0,0,0,0,62,344.14,0.016129032,0,0,35.6,216.19,92.35,1.9375,5.550645161,62,1
17571,563.54,3.676767677,99,United Kingdom,8,3,270,0,0,0,0,0,273,187.8466667,0.010989011,0,0,28.35,424.45,110.74,0.25,70.4425,819,0
17572,496.26,10.66666667,24,United Kingdom,103,7,270,0,0,0,0,0,455,70.89428571,0.015384615,0,0,0,496.26,0,3.21875,4.818058252,3185,0
17575,171.7,14.4,5,United Kingdom,397,1,270,0,0,0,0,0,397,171.7,0.002518892,0,0,0,51,120.7,8.118609407,0.432493703,397,1
17576,5829.41,5.408127208,566,United Kingdom,12,28,55,2,31.75,15.875,2,5.5,466,208.1932143,0.060085837,0.00544652,0,202.25,3412.61,2214.55,0.375,485.7841667,13048,0
17577,348.75,8.523809524,21,United Kingdom,375,2,270,0,0,0,0,0,399,174.375,0.005012531,0,0,0,277.45,71.3,11.71875,0.93,798,1
17578,878.99,5.953125,64,United Kingdom,204,6,256,2,24.88,6.22,4,2.5,260,146.4983333,0.023076923,0.028305214,0,25.7,614.91,238.38,6.375,4.30877451,1560,0
17579,304.38,2.659090909,44,United Kingdom,308,1,270,0,0,0,0,0,308,304.38,0.003246753,0,0,12.12,135.46,156.8,6.298568507,0.988246753,308,0
17580,490.37,2.347826087,92,United Kingdom,42,4,270,0,0,0,0,0,152,122.5925,0.026315789,0,0,18.95,402.57,68.85,1.3125,11.67547619,608,0
17581,8851.56,9.304435484,496,United Kingdom,11,24,61,5,139.35,6.635714286,21,1.714285714,467,368.815,0.051391863,0.015742988,0,19.5,7088.91,1743.15,0.34375,804.6872727,11208,0
17582,1254.68,5.085106383,94,United Kingdom,176,4,303,1,17,17,1,2,354,313.67,0.011299435,0.013549272,0,13.1,642.53,599.05,5.5,7.128863636,1416,0
17583,135.95,7.857142857,7,United Kingdom,290,1,270,0,0,0,0,0,290,135.95,0.003448276,0,0,0,118.95,17,9.0625,0.468793103,290,1
17584,4067.12,22.53932584,89,United Kingdom,198,4,270,0,0,0,0,0,414,1016.78,0.009661836,0,0,10.2,2347.07,1709.85,6.1875,20.5410101,1656,0
17585,1365.84,7.014705882,204,United Kingdom,68,4,270,0,0,0,0,0,208,341.46,0.019230769,0,0,40.11,967.53,358.2,2.125,20.08588235,832,0
17586,167.4,8.5,8,United Kingdom,349,1,270,0,0,0,0,0,349,167.4,0.00286533,0,0,15.3,138.6,13.5,10.90625,0.47965616,349,1
17587,173.76,1.609756098,41,United Kingdom,358,1,270,0,0,0,0,0,358,173.76,0.002793296,0,0,8,94.17,71.59,11.1875,0.485363128,358,1
17588,1661.45,13.28846154,52,United Kingdom,126,4,257,2,37.9,9.475,4,3,368,415.3625,0.010869565,0.0228114,0,52.35,789.11,819.99,2.576687117,13.18611111,1472,0
17589,11258.3,6.602649007,1057,United Kingdom,115,14,180,3,145.05,14.505,10,5.2,372,804.1642857,0.037634409,0.012883828,0,189.2,8915.87,2153.23,3.59375,97.89826087,5208,0
17591,970.11,2.813953488,129,United Kingdom,28,4,47,1,10.95,10.95,1,1,421,242.5275,0.009501188,0.01128738,0,8,502.41,459.7,0.875,34.64678571,1684,0
17592,0,0,26,United Kingdom,469,1,469,1,148.3,11.40769231,13,2.923076923,469,0,0.002132196,148.3,0,0,0,0,17.43494424,0,469,1
17593,4795.34,12.46086957,230,United Kingdom,83,7,257,3,36.02,4.5025,8,1.75,465,685.0485714,0.015053763,0.007511459,0,85.8,3020.05,1689.49,2.59375,57.77518072,3255,0
17594,1504.7,15.14814815,54,United Kingdom,179,2,270,0,0,0,0,0,335,752.35,0.005970149,0,0,0,1357.8,146.9,5.59375,8.406145251,670,0
17596,2062.39,11.19148936,282,United Kingdom,99,7,357,1,13.35,6.675,2,3.5,454,294.6271429,0.015418502,0.006473073,0,82.17,1786.15,194.07,3.09375,20.83222222,3178,0
17597,1380.92,13.02531646,79,United Kingdom,149,4,139,2,58.8,9.8,6,1.666666667,313,345.23,0.012779553,0.042580309,0,0,1134.47,246.45,4.65625,9.267919463,1252,0
17598,409.98,12.6,10,United Kingdom,111,1,270,0,0,0,0,0,111,409.98,0.009009009,0,0,0,161.58,248.4,2.26993865,3.693513514,111,1
17599,44.55,1.8,5,United Kingdom,208,1,195,2,7.5,3.75,2,1,208,44.55,0.004807692,0.168350168,0,0,11.25,33.3,4.253578732,0.214182692,208,1
17601,296.65,3.080645161,62,United Kingdom,110,1,270,0,0,0,0,0,110,296.65,0.009090909,0,0,0,222.55,74.1,3.4375,2.696818182,110,0
17602,3005.56,5.487124464,466,United Kingdom,54,9,194,2,61.5,12.3,5,1.2,349,333.9511111,0.025787966,0.020462077,0,129.77,2564.21,311.58,1.6875,55.65851852,3141,0
17603,1280.21,5.39,100,United Kingdom,348,3,402,3,113.45,22.69,5,5,460,426.7366667,0.006521739,0.088618274,0,90.1,815.96,374.15,10.875,3.678764368,1380,1
17604,769.26,2.901162791,172,United Kingdom,42,5,270,0,0,0,0,0,412,153.852,0.012135922,0,0,55.6,579.01,134.65,1.3125,18.31571429,2060,0
17605,160.75,5.461538462,13,United Kingdom,320,1,270,0,0,0,0,0,320,160.75,0.003125,0,0,0,92.75,68,10,0.50234375,320,1
17606,87.3,7,6,United Kingdom,467,1,270,0,0,0,0,0,467,87.3,0.002141328,0,0,12.6,74.7,0,14.59375,0.186937901,467,1
17607,333.81,12.22727273,22,United Kingdom,106,1,270,0,0,0,0,0,106,333.81,0.009433962,0,0,15.3,253.51,65,3.3125,3.149150943,106,1
17608,296.07,2.902912621,103,United Kingdom,179,2,270,0,0,0,0,0,337,148.035,0.005934718,0,0,35.96,255.16,4.95,5.59375,1.654022346,674,1
17609,1170.48,2.902985075,268,United Kingdom,32,8,32,3,135.35,45.11666667,3,25.66666667,339,146.31,0.02359882,0.11563632,0,76.41,914.77,179.3,1,36.5775,2712,1
17610,1410.29,5.165680473,169,United Kingdom,270,5,308,3,101.65,6.776666667,15,1.333333333,463,282.058,0.010799136,0.072077374,-7.95,38.75,1071.69,307.8,8.4375,5.223296296,2315,1
17611,5643.7,4.615942029,828,United Kingdom,1,17,257,2,101.25,50.625,2,7.5,468,331.9823529,0.036324786,0.017940358,0,165.31,4167.42,1310.97,0.03125,5643.7,7956,0
17612,3467.47,7.590163934,244,United Kingdom,28,13,24,11,184.4,8.780952381,21,1.857142857,453,266.7284615,0.028697572,0.053179984,0,0,2411.96,1055.51,0.875,123.8382143,5889,0
17613,897.51,9.053571429,56,United Kingdom,19,2,270,0,0,0,0,0,36,448.755,0.055555556,0,0,30.3,754.62,112.59,0.59375,47.23736842,72,0
17615,384.7,5.395348837,43,United Kingdom,118,3,214,1,7.5,7.5,1,6,215,128.2333333,0.013953488,0.019495711,0,0,270.1,114.6,3.6875,3.260169492,645,0
17616,489.6,96,2,United Kingdom,98,2,270,0,0,0,0,0,182,244.8,0.010989011,0,0,0,489.6,0,3.0625,4.995918367,364,0
17617,227.14,11,20,United Kingdom,289,1,301,1,158.05,79.025,2,14.5,289,227.14,0.003460208,0.695826363,0,0,310.29,-83.15,9.03125,0.785951557,289,1
17618,3325.04,4.816023739,337,United Kingdom,92,9,225,2,25.3,5.06,5,1,415,369.4488889,0.021686747,0.007608931,0,37.9,2134.89,1152.25,2.875,36.14173913,3735,0
17619,214.37,1.675675676,74,United Kingdom,42,1,270,0,0,0,0,0,42,214.37,0.023809524,0,0,0,183.62,30.75,1.3125,5.104047619,42,1
17621,2595,15.96428571,56,United Kingdom,42,5,116,1,102,102,1,12,162,519,0.030864198,0.039306358,0,0,1528.7,1066.3,1.3125,61.78571429,810,1
17622,1125.17,9.41025641,39,United Kingdom,328,2,327,1,5.04,5.04,1,12,328,562.585,0.006097561,0.004479323,0,0,575.28,549.89,10.25,3.430396341,656,1
17623,1838.72,3.316770186,161,United Kingdom,139,6,270,0,0,0,0,0,455,306.4533333,0.013186813,0,0,28.2,815.52,995,2.842535787,13.22820144,2730,0
17624,725.15,8.595744681,47,United Kingdom,167,2,270,0,0,0,0,0,450,362.575,0.004444444,0,0,18.75,592.6,113.8,5.21875,4.342215569,900,0
17625,3958.5,6.167108753,377,United Kingdom,176,4,270,0,0,0,0,0,455,989.625,0.008791209,0,0,69.72,3351.28,537.5,5.5,22.49147727,1820,0
17626,254,11.22222222,18,United Kingdom,333,1,270,0,0,0,0,0,333,254,0.003003003,0,0,0,234.1,19.9,10.40625,0.762762763,333,1
17627,285.11,61.18181818,11,United Kingdom,209,1,459,1,11.25,11.25,1,3,209,285.11,0.004784689,0.039458455,0,62.4,155.41,67.3,6.53125,1.364162679,209,1
17629,850.05,8.466666667,45,United Kingdom,90,3,63,1,30,30,1,8,151,283.35,0.01986755,0.035292042,0,0,773.55,76.5,2.8125,9.445,453,0
17631,470.16,8.566666667,30,United Kingdom,105,4,270,0,0,0,0,0,460,117.54,0.008695652,0,0,29.6,347.6,92.96,3.28125,4.477714286,1840,0
17633,665.05,7.65625,32,United Kingdom,110,3,89,1,67.5,67.5,1,10,119,221.6833333,0.025210084,0.101496128,0,0,422.6,242.45,3.4375,6.045909091,357,0
17634,1237.31,2.322580645,124,United Kingdom,7,2,270,0,0,0,0,0,68,618.655,0.029411765,0,0,0,569.41,667.9,0.143149284,176.7585714,136,0
17635,1256.83,10.17333333,75,United Kingdom,154,3,308,1,8.75,8.75,1,7,321,418.9433333,0.009345794,0.00696196,0,53.1,954.58,249.15,4.8125,8.161233766,963,1
17638,842.4,144,3,United Kingdom,377,2,270,0,0,0,0,0,452,421.2,0.004424779,0,0,0,0,842.4,7.709611452,2.234482759,904,1
17639,615.17,7.291139241,79,United Kingdom,6,6,270,0,0,0,0,0,214,102.5283333,0.028037383,0,0,11.3,460.19,143.68,0.1875,102.5283333,1284,1
17640,2485.93,22.55555556,63,United Kingdom,109,5,312,2,61.35,30.675,2,10.5,357,497.186,0.014005602,0.024678893,0,0,2044.03,441.9,3.40625,22.80669725,1785,1
17642,1112.2,14.72058824,68,United Kingdom,159,3,270,0,0,0,0,0,464,370.7333333,0.006465517,0,0,22.7,984.9,104.6,4.96875,6.994968553,1392,0
17643,439.7,7.290322581,31,United Kingdom,103,2,270,0,0,0,0,0,235,219.85,0.008510638,0,0,0,336.25,103.45,3.21875,4.268932039,470,1
17644,3085.61,9.477272727,176,United Kingdom,125,9,52,3,47.35,7.891666667,6,1.333333333,392,342.8455556,0.022959184,0.015345426,0,25.5,2322.1,738.01,3.90625,24.68488,3528,0
17646,3431.62,6.46961326,181,United Kingdom,12,11,1,4,55.63,6.181111111,9,1,454,311.9654545,0.024229075,0.016211002,0,0,1640.04,1791.58,0.245398773,285.9683333,4994,0
17647,198.6,10.4,5,United Kingdom,399,2,270,0,0,0,0,0,399,99.3,0.005012531,0,0,61.2,32.7,104.7,8.159509202,0.497744361,798,0
17648,418.87,13.73529412,34,United Kingdom,115,1,270,0,0,0,0,0,115,418.87,0.008695652,0,0,0,344.37,74.5,3.59375,3.642347826,115,0
17649,680.7,6.625,48,United Kingdom,200,2,200,1,29.7,14.85,2,3,202,340.35,0.00990099,0.043631556,0,0,466.5,214.2,6.25,3.4035,404,0
17651,1748.38,9.584158416,101,United Kingdom,229,6,220,1,10.14,10.14,1,6,257,291.3966667,0.023346304,0.005799655,0,32.2,1256.8,459.38,7.15625,7.634847162,1542,0
17652,222.3,7.538461538,13,United Kingdom,11,1,270,0,0,0,0,0,11,222.3,0.090909091,0,0,0,222.3,0,0.34375,20.20909091,11,0
17654,117.55,1.863636364,22,United Kingdom,7,1,270,0,0,0,0,0,7,117.55,0.142857143,0,0,0,80.65,36.9,0.21875,16.79285714,7,1
17655,1566.94,12.03571429,56,United Kingdom,15,5,88,1,67.2,33.6,2,80,147,313.388,0.034013605,0.042886135,0,0,1020.84,546.1,0.46875,104.4626667,735,0
17657,126,8.571428571,7,United Kingdom,160,1,270,0,0,0,0,0,160,126,0.00625,0,0,0,126,0,5,0.7875,160,1
17659,1056.53,5.844827586,58,United Kingdom,29,5,115,1,5.95,5.95,1,1,116,211.306,0.043103448,0.005631643,0,35.4,700.88,320.25,0.90625,36.43206897,580,0
17660,163.47,3.136363636,44,United Kingdom,467,1,270,0,0,0,0,0,467,163.47,0.002141328,0,0,14.5,99.92,49.05,14.59375,0.350042827,467,0
17662,412.92,12.26666667,15,United Kingdom,392,2,270,0,0,0,0,0,453,206.46,0.004415011,0,0,0,285.5,127.42,12.25,1.053367347,906,1
17663,3664.16,9.292134831,178,United Kingdom,17,11,209,4,80.15,11.45,7,3.571428571,376,333.1054545,0.029255319,0.021874045,0,20.1,2735.66,908.4,0.53125,215.5388235,4136,0
17664,561.59,12.27027027,37,United Kingdom,204,2,270,0,0,0,0,0,350,280.795,0.005714286,0,0,0,521.29,40.3,6.375,2.752892157,700,0
17665,563.1,36.31578947,19,United Kingdom,223,1,270,0,0,0,0,0,223,563.1,0.004484305,0,0,0,563.1,0,6.96875,2.525112108,223,1
17666,1319.64,36.76923077,26,United Kingdom,208,3,270,0,0,0,0,0,258,439.88,0.011627907,0,0,0,1212.54,107.1,6.5,6.344423077,774,1
17667,2764.716923,9.555555556,171,United Kingdom,29,5,148,3,66.9,22.3,3,3.333333333,385,552.9433846,0.012987013,0.024197776,0,40.5,1996.69,727.5269231,0.90625,95.33506631,1925,0
17669,2735.63,20.90789474,76,United Kingdom,192,3,270,0,0,0,0,0,347,911.8766667,0.008645533,0,0,0,2600.94,134.69,6,14.24807292,1041,0
17671,830.63,10.38461538,39,United Kingdom,95,2,270,0,0,0,0,0,106,415.315,0.018867925,0,0,0,712.48,118.15,2.96875,8.743473684,212,0
17672,3637.91,12.45985401,137,United Kingdom,39,5,7,1,25.5,25.5,1,3,371,727.582,0.013477089,0.007009519,0,0,2342.15,1295.76,1.21875,93.27974359,1855,1
17673,2970.98,6.80239521,334,United Kingdom,50,8,361,1,10.35,10.35,1,3,360,371.3725,0.022222222,0.003483699,0,27.65,2613.63,329.7,1.5625,59.4196,2880,0
17674,300.66,31.72727273,11,United Kingdom,99,1,270,0,0,0,0,0,99,300.66,0.01010101,0,0,0,300.66,0,3.09375,3.036969697,99,1
17675,21204.46,17.12110092,545,United Kingdom,0,46,7,12,407.33,17.71,23,4.956521739,459,460.9665217,0.100217865,0.019209638,0,30,17827.31,3347.15,0,21204.46,21114,0
17676,1339.25,10.38888889,90,United Kingdom,96,5,237,2,38.91,9.7275,4,16.25,350,267.85,0.014285714,0.029053575,0,0,1284.7,54.55,3,13.95052083,1750,0
17677,20725.68,26.75211864,472,United Kingdom,32,30,22,26,698.5,20.54411765,34,4.382352941,454,690.856,0.066079295,0.033702151,0,15,18273.98,2436.7,1,647.6775,13620,0
17678,281.7,12.30769231,13,United Kingdom,333,1,298,1,19.95,19.95,1,1,333,281.7,0.003003003,0.070820021,0,0,187.8,93.9,10.40625,0.845945946,333,0
17679,1174.45,9.133333333,75,United Kingdom,252,5,326,4,411.05,17.12708333,24,14.20833333,466,234.89,0.010729614,0.349993614,0,0,1174.45,0,7.875,4.660515873,2330,1
17680,278.1,5.8,10,United Kingdom,113,2,236,1,34.95,34.95,1,1,241,139.05,0.008298755,0.125674218,0,0,105.75,172.35,2.310838446,2.461061947,482,0
17681,529.6,23.6,15,United Kingdom,327,5,458,1,201.6,201.6,1,96,424,105.92,0.011792453,0.380664653,0,-201.6,561.2,170,10.21875,1.619571865,2120,1
17682,1982.45,9.366666667,120,United Kingdom,98,6,270,0,0,0,0,0,372,330.4083333,0.016129032,0,0,0,1873.3,109.15,3.0625,20.22908163,2232,0
17683,819.01,16.97826087,46,United Kingdom,116,3,270,0,0,0,0,0,284,273.0033333,0.01056338,0,0,0,779.31,39.7,3.625,7.060431034,852,1
17685,3470.34,19.71052632,114,United Kingdom,38,9,148,2,15,7.5,2,6,396,385.5933333,0.022727273,0.004322343,0,0,3230.14,240.2,1.1875,91.32473684,3564,0
17686,4149.96,8.156398104,211,United Kingdom,33,3,270,0,0,0,0,0,264,1383.32,0.011363636,0,0,15.6,2424.19,1710.17,1.03125,125.7563636,792,0
17687,432.68,8.076923077,26,United Kingdom,151,1,270,0,0,0,0,0,151,432.68,0.006622517,0,0,0,322.13,110.55,4.71875,2.865430464,151,1
17688,286.5,5.4,20,United Kingdom,124,1,105,1,17.7,17.7,1,6,124,286.5,0.008064516,0.061780105,0,0,168,118.5,3.875,2.310483871,124,1
17689,317.08,13.63636364,22,United Kingdom,118,2,270,0,0,0,0,0,204,158.54,0.009803922,0,0,0,317.08,0,3.6875,2.687118644,408,1
17690,3807.65,9.37704918,183,United Kingdom,57,10,270,0,0,0,0,0,404,380.765,0.024752475,0,0,0,2497.75,1309.9,1.78125,66.80087719,4040,0
17691,627.35,6.886363636,44,United Kingdom,88,4,273,1,10.2,10.2,1,12,277,156.8375,0.014440433,0.016258867,0,32.7,418.85,175.8,2.75,7.128977273,1108,1
17692,2667.56,13.95945946,148,United Kingdom,36,10,257,1,5.9,5.9,1,2,271,266.756,0.036900369,0.002211759,0,0,2616.81,50.75,1.125,74.09888889,2710,0
17694,1412.85,19.83333333,66,United Kingdom,242,2,270,0,0,0,0,0,293,706.425,0.006825939,0,0,62.4,1288.05,62.4,7.5625,5.83822314,586,0
17695,955.2,37.92592593,27,United Kingdom,124,3,119,1,25.5,25.5,1,6,411,318.4,0.00729927,0.02669598,0,0,921.3,33.9,3.875,7.703225806,1233,0
17696,5668.73,14.7885906,298,United Kingdom,7,22,67,16,218.99,8.7596,25,4.68,459,257.6695455,0.047930283,0.038631228,0,167.7,5005.73,495.3,0.21875,809.8185714,10098,0
17699,442,10.94736842,19,United Kingdom,207,2,270,0,0,0,0,0,292,221,0.006849315,0,0,0,383.8,58.2,6.46875,2.1352657,584,1
17700,4724.59,9.755813953,258,United Kingdom,11,11,95,2,23.35,5.8375,4,1.25,469,429.5081818,0.023454158,0.004942228,0,206.95,3509.69,1007.95,0.34375,429.5081818,5159,0
17702,1192.07,8.772727273,88,United Kingdom,113,2,95,2,127.6,14.17777778,9,3.111111111,131,596.035,0.015267176,0.107040694,0,30.6,1070.22,91.25,3.53125,10.54929204,262,0
17703,296.1,13.34782609,23,United Kingdom,148,1,270,0,0,0,0,0,148,296.1,0.006756757,0,0,0,296.1,0,4.625,2.000675676,148,0
17705,396.68,15.77777778,27,United Kingdom,32,3,270,0,0,0,0,0,307,132.2266667,0.009771987,0,0,17,328.68,51,1,12.39625,921,0
17706,9857.55,9.79350348,431,United Kingdom,20,18,111,7,798.96,33.29,24,5.458333333,420,547.6416667,0.042857143,0.081050565,0,75,6990.85,2791.7,0.625,492.8775,7560,0
17707,536.35,20.82608696,23,United Kingdom,66,7,364,1,4.25,4.25,1,1,463,76.62142857,0.01511879,0.00792393,0,27.9,512.7,-4.25,2.0625,8.126515152,3241,0
17708,727.7,5.140625,64,United Kingdom,55,3,270,0,0,0,0,0,154,242.5666667,0.019480519,0,0,0,582.5,145.2,1.71875,13.23090909,462,0
17709,533.56,8.424242424,33,United Kingdom,200,4,270,0,0,0,0,0,333,133.39,0.012012012,0,0,15.3,353.11,165.15,6.25,2.6678,1332,0
17710,293.5,7.9,20,United Kingdom,154,1,270,0,0,0,0,0,154,293.5,0.006493506,0,0,24.9,141.6,127,4.8125,1.905844156,154,1
17711,220.53,8.230769231,13,United Kingdom,20,1,270,0,0,0,0,0,20,220.53,0.05,0,0,0,205.23,15.3,0.625,11.0265,20,1
17713,1198.09,13.01315789,76,United Kingdom,112,4,270,0,0,0,0,0,279,299.5225,0.014336918,0,0,27.9,1017.54,152.65,3.5,10.69723214,1116,1
17714,1376.58,6.941176471,85,United Kingdom,51,5,116,4,33.6,8.4,4,4.5,244,275.316,0.020491803,0.024408316,0,106.2,584.16,686.22,1.042944785,26.99176471,1220,1
17715,163.2,192,1,United Kingdom,323,1,270,0,0,0,0,0,323,163.2,0.003095975,0,0,0,163.2,0,10.09375,0.505263158,323,0
17716,10165.53,15.83333333,360,United Kingdom,127,13,294,2,135.45,33.8625,4,11.75,467,781.9638462,0.027837259,0.013324441,0,12.6,8428.75,1724.18,3.96875,80.04354331,6071,0
17717,376.92,13.23076923,26,United Kingdom,151,1,270,0,0,0,0,0,151,376.92,0.006622517,0,0,0,261.62,115.3,4.71875,2.49615894,151,1
17718,247.63,8.611111111,18,United Kingdom,375,1,356,1,52.2,52.2,1,36,375,247.63,0.002666667,0.210798369,0,0,217.67,29.96,11.71875,0.660346667,375,0
17720,1519.12,12,86,United Kingdom,98,7,104,2,53.85,17.95,3,1.666666667,309,217.0171429,0.022653722,0.035448154,0,17.7,1220.02,281.4,3.0625,15.50122449,2163,0
17721,307.21,9.727272727,11,United Kingdom,389,1,270,0,0,0,0,0,389,307.21,0.002570694,0,0,83.55,72,151.66,7.955010225,0.789742931,389,1
17722,2796.36,15.30215827,139,United Kingdom,55,3,47,2,43.4,8.68,5,4.6,106,932.12,0.028301887,0.015520176,0,10,2301.56,484.8,1.71875,50.84290909,318,0
17723,102,60,2,United Kingdom,106,1,270,0,0,0,0,0,106,102,0.009433962,0,0,0,102,0,3.3125,0.962264151,106,0
17726,1089.56,6.8,65,United Kingdom,125,7,158,1,2.5,2.5,1,2,412,155.6514286,0.016990291,0.002294504,0,0,774.18,315.38,3.90625,8.71648,2884,1
17728,1345.45,8.207317073,82,United Kingdom,134,2,174,1,17.3,5.766666667,3,1.333333333,183,672.725,0.010928962,0.012858152,0,0,1079.3,266.15,4.1875,10.04067164,366,1
17729,438.65,10.73913043,23,United Kingdom,326,1,270,0,0,0,0,0,326,438.65,0.003067485,0,0,15.3,350.6,72.75,10.1875,1.345552147,326,1
17730,3560.49,16.27464789,142,United Kingdom,5,10,49,2,13.05,6.525,2,6.5,320,356.049,0.03125,0.003665226,0,27.9,3088.29,444.3,0.15625,712.098,3200,0
17731,468.88,6.6875,32,United Kingdom,352,2,270,0,0,0,0,0,399,234.44,0.005012531,0,0,69.6,283.58,115.7,11,1.332045455,798,0
17732,2144.17,8.416,125,United Kingdom,103,8,140,2,22.25,7.416666667,3,2,218,268.02125,0.036697248,0.010376976,0,30,1564.22,549.95,3.21875,20.81718447,1744,1
17734,741.69,7.418604651,43,United Kingdom,256,3,270,0,0,0,0,0,372,247.23,0.008064516,0,0,45.3,511.44,184.95,8,2.897226563,1116,0
17735,5493.98,11.07142857,294,United Kingdom,18,10,127,3,82.35,16.47,5,5.8,227,549.398,0.044052863,0.014989134,0,42.18,4801.2,650.6,0.5625,305.2211111,2270,0
17738,3061.93,11.61714286,175,United Kingdom,12,10,334,1,22.5,22.5,1,6,361,306.193,0.027700831,0.007348306,0,15.3,2590.43,456.2,0.375,255.1608333,3610,0
17739,5614.68,14.86206897,116,United Kingdom,63,13,236,1,7.15,3.575,2,1.5,463,431.8984615,0.028077754,0.001273447,0,0,3285.17,2329.51,1.96875,89.12190476,6019,0
17740,426.9,24.66666667,9,United Kingdom,119,6,270,0,0,0,0,0,427,71.15,0.014051522,0,0,22.5,404.4,0,3.71875,3.587394958,2562,1
17741,101.1,19,6,United Kingdom,137,2,270,0,0,0,0,0,291,50.55,0.006872852,0,0,0,101.1,0,4.28125,0.737956204,582,1
17742,2045.94,7.65060241,83,United Kingdom,63,10,270,0,0,0,0,0,468,204.594,0.021367521,0,0,35.4,790.14,1220.4,1.288343558,32.4752381,4680,0
17743,208.85,16.6,5,United Kingdom,178,1,172,1,20.35,10.175,2,6.5,178,208.85,0.005617978,0.097438353,0,0,208.85,0,5.5625,1.173314607,178,1
17744,1335.14,26.70769231,65,United Kingdom,53,4,270,0,0,0,0,0,111,333.785,0.036036036,0,0,20.2,1159.54,155.4,1.65625,25.19132075,444,0
17745,600.34,5.857142857,28,United Kingdom,208,2,270,0,0,0,0,0,286,300.17,0.006993007,0,0,0,222.41,377.93,4.253578732,2.88625,572,1
17746,774.63,19.78125,32,United Kingdom,201,3,273,2,19.3,9.65,2,13,340,258.21,0.008823529,0.024915121,0,0,722.08,52.55,6.28125,3.853880597,1020,0
17748,358.15,6.529411765,17,United Kingdom,257,1,270,0,0,0,0,0,257,358.15,0.003891051,0,0,0,186.8,171.35,8.03125,1.393579767,257,1
17749,351.66,5.727272727,22,United Kingdom,276,1,270,0,0,0,0,0,276,351.66,0.003623188,0,0,0,172.87,178.79,5.644171779,1.274130435,276,0
17751,157.86,4.59375,32,United Kingdom,151,1,270,0,0,0,0,0,151,157.86,0.006622517,0,0,2.5,134.11,21.25,4.71875,1.045430464,151,1
17752,80.64,192,1,United Kingdom,89,1,270,0,0,0,0,0,89,80.64,0.011235955,0,0,0,80.64,0,2.78125,0.906067416,89,1
17753,379.56,1.742857143,70,United Kingdom,194,4,209,1,2.5,2.5,1,2,432,94.89,0.009259259,0.006586574,0,29.8,175.86,173.9,6.0625,1.956494845,1728,1
17754,2750.77,18.48175182,137,United Kingdom,105,8,216,2,35.8,11.93333333,3,6,458,343.84625,0.017467249,0.013014538,0,160.47,2296.6,293.7,3.28125,26.19780952,3664,0
17756,728.75,4.75,84,United Kingdom,106,3,270,0,0,0,0,0,124,242.9166667,0.024193548,0,0,3.75,597.1,127.9,3.3125,6.875,372,1
17757,4698.42,3.204316547,695,United Kingdom,11,35,119,3,59.81,14.9525,4,13.75,425,134.2405714,0.082352941,0.012729811,0,25.2,3439.77,1233.45,0.34375,427.1290909,14875,0
17758,1555.83,9.233870968,124,United Kingdom,158,4,270,0,0,0,0,0,298,388.9575,0.013422819,0,0,90.23,1082.43,383.17,4.9375,9.847025316,1192,0
17759,441.92,6.23255814,43,United Kingdom,123,2,270,0,0,0,0,0,314,220.96,0.006369427,0,0,0,289.77,152.15,3.84375,3.592845528,628,0
17760,624.09,8.769230769,52,United Kingdom,103,5,358,1,7.25,7.25,1,1,380,124.818,0.013157895,0.011616914,0,5,508.44,110.65,3.21875,6.059126214,1900,1
17762,129.75,7.588235294,17,United Kingdom,186,1,270,0,0,0,0,0,186,129.75,0.005376344,0,0,5.9,119.6,4.25,5.8125,0.697580645,186,1
17763,36.15,0.789473684,19,United Kingdom,383,3,376,1,35,5.833333333,6,2.333333333,389,12.05,0.007712082,0.968188105,0,0,29.8,6.35,11.96875,0.094386423,1167,0
17764,741.02,4.141025641,78,United Kingdom,132,3,270,0,0,0,0,0,466,247.0066667,0.006437768,0,0,14.2,466.77,260.05,4.125,5.613787879,1398,0
17765,156.37,2.08,25,United Kingdom,179,1,270,0,0,0,0,0,179,156.37,0.005586592,0,0,0,95.22,61.15,5.59375,0.873575419,179,0
17766,299.61,7.045454545,22,United Kingdom,111,2,270,0,0,0,0,0,111,149.805,0.018018018,0,0,18.93,219.08,61.6,3.46875,2.699189189,222,1
17767,141.85,3.888888889,18,United Kingdom,140,1,270,0,0,0,0,0,140,141.85,0.007142857,0,0,0,124.85,17,4.375,1.013214286,140,1
17768,1205.88,14.30588235,85,United Kingdom,117,4,117,1,4.95,4.95,1,1,468,301.47,0.008547009,0.004104886,0,14.3,1092.43,99.15,3.65625,10.30666667,1872,0
17769,3901.64,4.592875318,393,United Kingdom,9,9,296,2,71.07,7.896666667,9,4.888888889,420,433.5155556,0.021428571,0.018215417,0,17.7,2739.73,1144.21,0.28125,433.5155556,3780,0
17770,864.77,9.392857143,28,United Kingdom,6,2,270,0,0,0,0,0,12,432.385,0.166666667,0,0,0,222.82,641.95,0.122699387,144.1283333,24,0
17771,257.4,5.297297297,37,United Kingdom,53,3,270,0,0,0,0,0,319,85.8,0.009404389,0,0,19.9,170.55,66.95,1.65625,4.856603774,957,1
17772,187.3,1.260869565,46,United Kingdom,123,1,270,0,0,0,0,0,123,187.3,0.008130081,0,0,13.25,113.25,60.8,3.84375,1.522764228,123,1
17773,575.37,4.618181818,55,United Kingdom,244,2,270,0,0,0,0,0,420,287.685,0.004761905,0,0,53.1,306.72,215.55,7.625,2.35807377,840,1
17774,2275.6,4.307407407,270,United Kingdom,35,6,364,1,3.49,3.49,1,1,399,379.2666667,0.015037594,0.001533661,0,101.4,1416.8,757.4,1.09375,65.01714286,2394,0
17776,322.55,3.3625,80,United Kingdom,117,2,452,1,6.75,6.75,1,1,453,161.275,0.004415011,0.020926988,0,16.55,224.85,81.15,3.65625,2.756837607,906,1
17778,197.7,21.4,10,United Kingdom,392,1,270,0,0,0,0,0,392,197.7,0.00255102,0,0,35.4,154.8,7.5,12.25,0.504336735,392,1
17780,346.56,1.974683544,79,United Kingdom,397,3,270,0,0,0,0,0,415,115.52,0.007228916,0,0,25.3,205.53,115.73,12.40625,0.872947103,1245,1
17782,679.02,18.55172414,29,United Kingdom,113,2,270,0,0,0,0,0,113,339.51,0.017699115,0,0,0,679.02,0,3.53125,6.009026549,226,1
17783,93.49,3.5,24,United Kingdom,243,1,270,0,0,0,0,0,243,93.49,0.004115226,0,0,7.9,56.04,29.55,7.59375,0.38473251,243,0
17784,112.86,3.130434783,23,United Kingdom,280,1,270,0,0,0,0,0,280,112.86,0.003571429,0,0,5.9,86.72,20.24,8.75,0.403071429,280,1
17785,271.44,4.210526316,38,United Kingdom,175,2,270,0,0,0,0,0,295,135.72,0.006779661,0,0,0,220.99,50.45,5.46875,1.551085714,590,1
17786,103.35,2.08,25,United Kingdom,47,1,270,0,0,0,0,0,47,103.35,0.021276596,0,0,0,73.45,29.9,1.46875,2.19893617,47,1
17787,1668.52,7.336283186,113,United Kingdom,35,3,270,0,0,0,0,0,101,556.1733333,0.02970297,0,0,0,1355.07,313.45,1.09375,47.672,303,0
17789,397.15,6.862068966,29,United Kingdom,11,2,270,0,0,0,0,0,391,198.575,0.00511509,0,0,2.95,291.2,103,0.34375,36.10454545,782,1
17790,1331.46,5.310810811,148,United Kingdom,32,12,270,0,0,0,0,0,274,110.955,0.04379562,0,0,1.52,1167.64,162.3,1,41.608125,3288,0
17792,368.35,2.865384615,52,United Kingdom,197,2,270,0,0,0,0,0,208,184.175,0.009615385,0,0,3.77,238.63,125.95,6.15625,1.869796954,416,1
17794,147.3,6.571428571,7,United Kingdom,417,2,270,0,0,0,0,0,419,73.65,0.00477327,0,0,0,120.3,27,13.03125,0.35323741,838,1
17796,1160.49,1.653266332,199,United Kingdom,44,6,270,0,0,0,0,0,151,193.415,0.039735099,0,0,0,696.69,463.8,1.375,26.37477273,906,1
17797,1191.44,3.675,160,United Kingdom,125,5,270,0,0,0,0,0,454,238.288,0.011013216,0,0,18.85,937.79,234.8,3.90625,9.53152,2270,0
17798,172.17,3.090909091,44,United Kingdom,312,1,270,0,0,0,0,0,312,172.17,0.003205128,0,0,0,145.87,26.3,9.75,0.551826923,312,1
17799,4358.08,3.847305389,668,United Kingdom,0,15,49,3,125.15,17.87857143,7,2.142857143,456,290.5386667,0.032894737,0.028716774,0,86.7,3424.78,846.6,0,4358.08,6840,0
17800,239.7,8.789473684,19,United Kingdom,3,2,270,0,0,0,0,0,64,119.85,0.03125,0,0,7.8,196.45,35.45,0.09375,79.9,128,0
17801,767.48,9.963414634,82,United Kingdom,181,3,279,1,2.55,2.55,1,3,422,255.8266667,0.007109005,0.003322562,0,31.85,716.18,19.45,5.65625,4.240220994,1266,1
17802,3657.3,4.916666667,408,United Kingdom,102,8,120,5,104.08,8.673333333,12,1.833333333,456,457.1625,0.01754386,0.028458152,0,69.95,2794.4,792.95,3.1875,35.85588235,3648,0
17803,184.66,3.62962963,27,United Kingdom,122,1,270,0,0,0,0,0,122,184.66,0.008196721,0,0,0,171.91,12.75,3.8125,1.513606557,122,1
17804,383.78,2.131868132,91,United Kingdom,106,3,270,0,0,0,0,0,469,127.9266667,0.006396588,0,0,28.9,254.54,100.34,3.3125,3.620566038,1407,1
17805,414.72,648,1,United Kingdom,340,1,270,0,0,0,0,0,340,414.72,0.002941176,0,0,0,414.72,0,10.625,1.219764706,340,1
17807,437.87,2.943820225,89,United Kingdom,125,3,270,0,0,0,0,0,434,145.9566667,0.006912442,0,0,37.15,312.22,88.5,3.90625,3.50296,1302,1
17808,262.64,4.333333333,33,United Kingdom,279,4,270,0,0,0,0,0,311,65.66,0.012861736,0,0,4.25,152.94,105.45,8.71875,0.941362007,1244,1
17809,6531.43,25.53703704,54,United Kingdom,32,12,158,1,4.25,4.25,1,1,467,544.2858333,0.025695931,0.0006507,0,0,2042.2,4489.23,0.654396728,204.1071875,5604,0
17810,343.21,2.166666667,54,United Kingdom,399,2,270,0,0,0,0,0,414,171.605,0.004830918,0,0,10.6,206.42,126.19,12.46875,0.860175439,828,1
17811,4768.49,4.077429984,607,United Kingdom,0,19,112,1,1.25,1.25,1,1,176,250.9731579,0.107954545,0.000262137,0,93.02,3253.02,1422.45,0,4768.49,3344,0
17812,405.48,2.847058824,85,United Kingdom,98,4,270,0,0,0,0,0,260,101.37,0.015384615,0,0,14.05,322.68,68.75,3.0625,4.13755102,1040,1
17814,1609.37,10.03496503,143,United Kingdom,105,2,270,0,0,0,0,0,152,804.685,0.013157895,0,0,16.5,1405.32,187.55,3.28125,15.32733333,304,1
17815,591.96,47.07692308,13,United Kingdom,123,1,270,0,0,0,0,0,123,591.96,0.008130081,0,0,0,591.96,0,3.84375,4.812682927,123,1
17816,75.76,1.736842105,38,United Kingdom,95,3,270,0,0,0,0,0,454,25.25333333,0.00660793,0,0,3.3,72.46,0,2.96875,0.797473684,1362,0
17817,663.47,2.672413793,116,United Kingdom,7,5,145,1,6.7,3.35,2,1,152,132.694,0.032894737,0.010098422,0,53.55,321.47,288.45,0.21875,94.78142857,760,1
17818,124.78,2.047619048,42,United Kingdom,468,1,270,0,0,0,0,0,468,124.78,0.002136752,0,0,24.6,96.43,3.75,14.625,0.266623932,468,1
17819,4108.5,16.13043478,69,United Kingdom,27,8,27,1,43.8,43.8,1,4,456,513.5625,0.01754386,0.010660825,0,1.25,1399.65,2707.6,0.552147239,152.1666667,3648,0
17820,163.66,2.454545455,44,United Kingdom,104,1,89,1,16.95,5.65,3,1,104,163.66,0.009615385,0.103568373,0,0,117.16,46.5,3.25,1.573653846,104,1
17821,334.62,27,6,United Kingdom,136,1,270,0,0,0,0,0,136,334.62,0.007352941,0,0,0,334.62,0,4.25,2.460441176,136,1
17822,2154.08,8.166666667,168,United Kingdom,150,5,270,0,0,0,0,0,291,430.816,0.017182131,0,0,227.75,1022.24,904.09,4.6875,14.36053333,1455,1
17823,449.25,2.52,100,United Kingdom,151,2,270,0,0,0,0,0,151,224.625,0.013245033,0,0,6.88,287.37,155,4.71875,2.975165563,302,1
17825,701.96,19.11111111,27,United Kingdom,329,4,270,0,0,0,0,0,456,175.49,0.00877193,0,0,0,649.71,52.25,10.28125,2.133617021,1824,1
17826,133.34,2.545454545,33,United Kingdom,104,1,270,0,0,0,0,0,104,133.34,0.009615385,0,0,5.9,119.49,7.95,3.25,1.282115385,104,1
17827,1653.05,6.078651685,178,United Kingdom,95,4,315,1,6.75,6.75,1,1,352,413.2625,0.011363636,0.004083361,0,21.15,1293.6,338.3,2.96875,17.40052632,1408,0
17829,4680.42,17.0755814,172,United Arab Emirates,29,5,144,1,76.32,76.32,1,72,385,936.084,0.012987013,0.016306229,0,12.6,4415.32,252.5,0.90625,161.3937931,1925,1
17830,188.5,4.363636364,11,United Kingdom,19,1,270,0,0,0,0,0,19,188.5,0.052631579,0,0,0,87.2,101.3,0.388548057,9.921052632,19,0
17833,338.46,4.612903226,31,United Kingdom,453,1,270,0,0,0,0,0,453,338.46,0.002207506,0,0,17.65,174.66,146.15,14.15625,0.747152318,453,1
17834,689.67,11.01724138,58,United Kingdom,145,2,270,0,0,0,0,0,175,344.835,0.011428571,0,0,7.65,522.42,159.6,4.53125,4.756344828,350,1
17838,4522.09,12.50934579,214,United Kingdom,22,11,356,1,16.75,8.375,2,2.5,361,411.0990909,0.030470914,0.00370404,0,2.1,3378.49,1141.5,0.6875,205.5495455,3971,1
17840,175.9,2.56,50,United Kingdom,174,1,270,0,0,0,0,0,174,175.9,0.005747126,0,0,0,160,15.9,5.4375,1.01091954,174,1
17841,33399.7,2.8136419,5747,United Kingdom,0,114,7,41,685.42,8.358780488,82,3.012195122,467,292.9798246,0.244111349,0.020521741,-5.49,1011.67,21281.43,11112.09,0,33399.7,53238,0
17842,430.69,4.944444444,18,United Kingdom,332,1,270,0,0,0,0,0,332,430.69,0.003012048,0,0,0,225.84,204.85,10.375,1.297259036,332,1
17843,312.65,3.766666667,60,United Kingdom,33,2,270,0,0,0,0,0,142,156.325,0.014084507,0,0,50.25,181,81.4,1.03125,9.474242424,284,1
17845,596.09,4.14893617,47,United Kingdom,285,4,270,0,0,0,0,0,306,149.0225,0.013071895,0,0,16.9,262.74,316.45,5.828220859,2.09154386,1224,1
17847,125.74,3.5,8,United Kingdom,246,2,270,0,0,0,0,0,375,62.87,0.005333333,0,0,13.97,12.5,99.27,5.030674847,0.511138211,750,1
17848,2838.42,8.608,125,United Kingdom,40,24,463,1,12.75,12.75,1,1,463,118.2675,0.051835853,0.004491936,0,0,1192.57,1645.85,0.81799591,70.9605,11112,0
17849,803.06,3.692307692,39,United Kingdom,36,6,270,0,0,0,0,0,365,133.8433333,0.016438356,0,0,0,207.63,595.43,0.736196319,22.30722222,2190,0
17850,50407.77,8.264449723,2526,United Kingdom,102,155,32,4,801.1,29.67037037,27,6.518518519,465,325.2114194,0.333333333,0.015892391,0,0,33658.32,16749.45,3.1875,494.1938235,72075,1
17851,1552.35,4.021551724,232,United Kingdom,152,6,270,0,0,0,0,0,466,258.725,0.012875536,0,0,113.25,987.25,451.85,4.75,10.21282895,2796,1
17852,543.47,3.797619048,84,United Kingdom,119,3,270,0,0,0,0,0,461,181.1566667,0.006507592,0,0,148.1,325.42,69.95,3.71875,4.56697479,1383,1
17853,1596.29,5.952380952,105,United Kingdom,137,3,270,0,0,0,0,0,466,532.0966667,0.006437768,0,0,20.45,919.05,656.79,4.28125,11.65175182,1398,1
17854,757.24,5.077669903,103,United Kingdom,193,4,270,0,0,0,0,0,462,189.31,0.008658009,0,0,53.45,596.59,107.2,6.03125,3.923523316,1848,0
17855,208.97,11.58823529,17,United Kingdom,103,1,270,0,0,0,0,0,103,208.97,0.009708738,0,0,0,199.02,9.95,3.21875,2.028834951,103,1
17856,482.81,69.4,5,United Kingdom,12,1,270,0,0,0,0,0,12,482.81,0.083333333,0,0,0,470.06,12.75,0.375,40.23416667,12,0
17857,2595.54,333.8,10,United Kingdom,26,4,270,0,0,0,0,0,372,648.885,0.010752688,0,0,0,2595.54,0,0.8125,99.82846154,1488,0
17858,9410.99,22.33490566,212,United Kingdom,35,22,132,1,60,60,1,2,463,427.7722727,0.047516199,0.006375525,0,120.95,3849.47,5440.57,0.715746421,268.8854286,10186,0
17859,141.92,4.434782609,23,United Kingdom,35,1,270,0,0,0,0,0,35,141.92,0.028571429,0,0,2.51,99.81,39.6,1.09375,4.054857143,35,1
17860,717.39,4.296296296,162,United Kingdom,99,4,270,0,0,0,0,0,458,179.3475,0.008733624,0,0,30.2,449.94,237.25,3.09375,7.246363636,1832,1
17861,3210.77,7.561253561,351,United Kingdom,50,11,376,3,21.5,5.375,4,1,460,291.8881818,0.023913043,0.006696213,0,67.15,2298.69,844.93,1.5625,64.2154,5060,0
17862,1254.89,4.444444444,99,United Kingdom,54,4,270,0,0,0,0,0,293,313.7225,0.013651877,0,0,9.06,892.63,353.2,1.6875,23.2387037,1172,1
17863,3091.18,17.67741935,155,United Kingdom,41,8,270,0,0,0,0,0,383,386.3975,0.020887728,0,0,17.7,2656.98,416.5,1.28125,75.39463415,3064,0
17864,522.57,8.98630137,73,United Kingdom,6,3,270,0,0,0,0,0,158,174.19,0.018987342,0,0,5.9,516.67,0,0.1875,87.095,474,1
17865,17669.61,11.0052356,764,United Kingdom,19,30,12,11,447.61,15.43482759,29,3.793103448,469,588.987,0.063965885,0.025332195,0,147.75,13756.86,3765,0.59375,929.9794737,14070,0
17866,805.3,21.23529412,17,United Kingdom,215,2,270,0,0,0,0,0,455,402.65,0.004395604,0,0,231,505.1,69.2,6.71875,3.745581395,910,0
17867,264.45,1.195121951,82,United Kingdom,19,9,19,4,163.9,7.804761905,21,1.523809524,467,29.38333333,0.019271949,0.619776895,0,4.15,136.45,123.85,0.59375,13.91842105,4203,0
17868,227.15,4.722222222,18,United Kingdom,116,1,270,0,0,0,0,0,116,227.15,0.00862069,0,0,29.5,139.85,57.8,3.625,1.958189655,116,1
17869,599.78,7.982142857,56,United Kingdom,98,3,270,0,0,0,0,0,277,199.9266667,0.010830325,0,0,5.1,319.64,275.04,3.0625,6.120204082,831,0
17870,1213.8,158.6666667,3,United Kingdom,97,2,270,0,0,0,0,0,112,606.9,0.017857143,0,0,0,1213.8,0,3.03125,12.51340206,224,0
17871,913.05,6.616438356,73,United Kingdom,127,4,270,0,0,0,0,0,423,228.2625,0.009456265,0,0,18.25,692.6,202.2,3.96875,7.189370079,1692,0
17872,235.87,11.73333333,15,United Kingdom,112,1,270,0,0,0,0,0,112,235.87,0.008928571,0,0,0,187.07,48.8,3.5,2.105982143,112,1
17873,4915.58,20.12582781,151,United Kingdom,11,15,202,1,191.52,27.36,7,72,453,327.7053333,0.033112583,0.038961832,0,1.95,4479,434.63,0.34375,446.8709091,6795,0
17875,167.1,3.769230769,26,United Kingdom,418,1,270,0,0,0,0,0,418,167.1,0.002392344,0,0,0,113.1,54,13.0625,0.399760766,418,1
17876,3424.02,489.5,4,United Kingdom,130,3,270,0,0,0,0,0,405,1141.34,0.007407407,0,0,0,3424.02,0,4.0625,26.33861538,1215,1
17878,999.48,10.94642857,56,United Kingdom,125,2,270,0,0,0,0,0,125,499.74,0.016,0,0,12.75,822.38,164.35,3.90625,7.99584,250,1
17880,824.92,10.35555556,45,United Kingdom,95,3,270,0,0,0,0,0,460,274.9733333,0.006521739,0,0,0,750.22,74.7,2.96875,8.683368421,1380,1
17881,133.35,4,8,United Kingdom,34,1,270,0,0,0,0,0,34,133.35,0.029411765,0,0,0,104.6,28.75,1.0625,3.922058824,34,1
17882,291.56,2.452830189,53,United Kingdom,109,2,270,0,0,0,0,0,109,145.78,0.018348624,0,0,0,220.36,71.2,3.40625,2.674862385,218,1
17883,308.18,3.125,32,United Kingdom,269,3,382,1,15.9,15.9,1,2,382,102.7266667,0.007853403,0.051593225,0,2.55,155.98,149.65,8.40625,1.145650558,1146,0
17884,2544.94,6.307692308,390,United Kingdom,42,19,186,3,44,6.285714286,7,1.857142857,465,133.9442105,0.040860215,0.017289209,0,61.15,2229.94,253.85,1.3125,60.59380952,8835,1
17886,693.32,3.707692308,65,United Kingdom,167,3,456,1,9.95,9.95,1,1,320,231.1066667,0.009375,0.014351238,0,52.5,227.49,413.33,3.415132924,4.151616766,960,0
17888,908.66,4.158273381,139,United Kingdom,48,19,279,3,294.86,10.53071429,28,5.071428571,448,47.82421053,0.042410714,0.324499813,0,29.03,780.48,99.15,1.5,18.93041667,8512,0
17889,644.4,3.439252336,107,United Kingdom,52,6,270,0,0,0,0,0,349,107.4,0.017191977,0,0,61.25,410.51,172.64,1.625,12.39230769,2094,0
17890,586.89,4.417582418,91,United Kingdom,53,2,270,0,0,0,0,0,91,293.445,0.021978022,0,0,35.5,462.84,88.55,1.65625,11.07339623,182,1
17894,1996.48,2.244444444,360,United Kingdom,15,16,112,2,55.72,6.965,8,5.5,199,124.78,0.08040201,0.02790912,0,28.7,1517.74,450.04,0.46875,133.0986667,3184,1
17897,1896.4,3.540909091,220,United Kingdom,97,8,104,1,25.5,25.5,1,6,306,237.05,0.026143791,0.01344653,0,21.05,937.4,937.95,1.983640082,19.55051546,2448,0
17898,147.12,2.772727273,22,United Kingdom,183,2,270,0,0,0,0,0,297,73.56,0.006734007,0,0,0,63.82,83.3,3.742331288,0.803934426,594,0
17901,149.7,4.666666667,3,United Kingdom,252,2,270,0,0,0,0,0,252,74.85,0.007936508,0,0,0,30,119.7,5.153374233,0.594047619,504,0
17902,216.4,21.91666667,24,United Kingdom,277,1,270,0,0,0,0,0,277,216.4,0.003610108,0,0,0,208.9,7.5,8.65625,0.781227437,277,1
17903,381.09,3.155555556,45,United Kingdom,124,1,270,0,0,0,0,0,124,381.09,0.008064516,0,0,0,298.04,83.05,3.875,3.073306452,124,1
17905,1752.98,7.407142857,140,United Kingdom,82,11,406,1,9.3,9.3,1,2,410,159.3618182,0.026829268,0.005305252,0,48.72,1162.36,541.9,2.5625,21.37780488,4510,0
17907,291.76,80.46153846,13,United Kingdom,371,1,270,0,0,0,0,0,371,291.76,0.002695418,0,0,0,277.52,14.24,11.59375,0.786415094,371,1
17908,1088.82,3.047393365,211,United Kingdom,104,5,329,2,53.65,17.88333333,3,9,456,217.764,0.010964912,0.049273525,0,78.42,605.7,404.7,3.25,10.46942308,2280,1
17909,110.05,4.375,8,United Kingdom,467,1,270,0,0,0,0,0,467,110.05,0.002141328,0,0,10,44.9,55.15,9.550102249,0.235653105,467,1
17910,261.7,4.653846154,26,United Kingdom,456,1,270,0,0,0,0,0,456,261.7,0.002192982,0,0,30,182.25,49.45,14.25,0.573903509,456,1
17912,356.2,4.078431373,51,United Kingdom,40,6,89,1,15.4,7.7,2,1,105,59.36666667,0.057142857,0.043234138,0,3.38,229.57,123.25,1.25,8.905,630,1
17913,3234.49,3.48630137,438,United Kingdom,86,13,270,0,0,0,0,0,466,248.8069231,0.027896996,0,0,102.35,2258.13,874.01,2.6875,37.61034884,6058,1
17915,225.78,6.344827586,29,United Kingdom,281,1,270,0,0,0,0,0,281,225.78,0.003558719,0,0,4.2,146.73,74.85,8.78125,0.803487544,281,1
17916,43.87,4.736842105,19,United Kingdom,359,2,270,0,0,0,0,0,463,21.935,0.004319654,0,0,7.5,36.37,0,11.21875,0.122200557,926,1
17917,107.16,1.964285714,28,United Kingdom,93,1,270,0,0,0,0,0,93,107.16,0.010752688,0,0,8.4,88.86,9.9,2.90625,1.152258065,93,0
17918,388.44,9,39,United Kingdom,231,3,270,0,0,0,0,0,235,129.48,0.012765957,0,0,0,283.09,105.35,7.21875,1.681558442,705,1
17919,536.28,40.94117647,17,United Kingdom,169,1,270,0,0,0,0,0,169,536.28,0.00591716,0,0,0,536.28,0,5.28125,3.173254438,169,1
17920,20278.64,9.493919551,1069,United Kingdom,45,40,275,2,6.55,2.183333333,3,1,464,506.966,0.086206897,0.000323,0,214.93,17599.66,2464.05,1.40625,450.6364444,18560,0
17921,1533.98,2.513636364,220,United Kingdom,109,6,109,2,40.15,20.075,2,6.5,242,255.6633333,0.024793388,0.026173744,0,33.7,1047.13,453.15,3.40625,14.07321101,1452,0
17922,170.4,6.125,8,United Kingdom,273,1,270,0,0,0,0,0,273,170.4,0.003663004,0,0,21,83.1,66.3,8.53125,0.624175824,273,1
17923,497,46.66666667,3,United Kingdom,12,3,270,0,0,0,0,0,274,165.6666667,0.010948905,0,0,0,497,0,0.375,41.41666667,822,1
17924,751.7,16.33333333,9,United Kingdom,32,3,28,3,45.7,11.425,4,2.25,145,250.5666667,0.020689655,0.06079553,0,0,334.8,416.9,0.654396728,23.490625,435,0
17925,244.08,72,1,United Kingdom,103,1,270,0,0,0,0,0,103,244.08,0.009708738,0,0,0,244.08,0,3.21875,2.369708738,103,1
17926,638.2,11.56521739,23,United Kingdom,174,3,270,0,0,0,0,0,309,212.7333333,0.009708738,0,0,0,452.7,185.5,5.4375,3.667816092,927,0
17927,294,10.8,10,United Kingdom,452,1,270,0,0,0,0,0,452,294,0.002212389,0,0,0,294,0,14.125,0.650442478,452,1
17928,128.7,20.5,4,United Kingdom,301,1,270,0,0,0,0,0,301,128.7,0.003322259,0,0,0,128.7,0,9.40625,0.427574751,301,0
17929,2435.3,30.16666667,12,United Kingdom,39,9,270,0,0,0,0,0,461,270.5888889,0.019522777,0,0,0,1057.3,1378,0.797546012,62.44358974,4149,0
17930,2502.44,42.66666667,51,United Kingdom,124,8,109,2,32.3,10.76666667,3,8.333333333,376,312.805,0.021276596,0.012907402,0,23.4,2326.44,152.6,3.875,20.18096774,3008,0
17931,2862.55,5.318493151,292,United Kingdom,128,12,245,4,131.33,21.88833333,6,19.5,391,238.5458333,0.030690537,0.045878675,0,33.65,2186.72,642.18,4,22.36367188,4692,0
17933,105.99,4.384615385,13,United Kingdom,362,1,270,0,0,0,0,0,362,105.99,0.002762431,0,0,80.1,18.4,7.49,13.45724907,0.292790055,362,1
17934,344.9,7.5,20,United Kingdom,137,1,270,0,0,0,0,0,137,344.9,0.00729927,0,0,0,327.9,17,4.28125,2.517518248,137,1
17935,509.75,4.054054054,37,United Kingdom,131,5,151,1,30.6,15.3,2,6,465,101.95,0.010752688,0.060029426,0,0,322.35,187.4,4.09375,3.891221374,2325,0
17937,2693.88,45.27272727,22,United Kingdom,29,3,270,0,0,0,0,0,92,897.96,0.032608696,0,0,0,1657.56,1036.32,0.90625,92.89241379,276,0
17938,144.29,1.827586207,29,United Kingdom,150,1,270,0,0,0,0,0,150,144.29,0.006666667,0,0,2.95,67.89,73.45,3.067484663,0.961933333,150,1
17940,27464.28,3540.869565,23,United Kingdom,7,7,270,0,0,0,0,0,467,3923.468571,0.014989293,0,0,0,27464.28,0,0.21875,3923.468571,3269,0
17941,1128.72,171.2,5,United Kingdom,321,3,270,0,0,0,0,0,432,376.24,0.006944444,0,0,0,1128.72,0,10.03125,3.516261682,1296,0
17944,74.99,3.36,25,United Kingdom,153,1,270,0,0,0,0,0,153,74.99,0.006535948,0,0,0,67.04,7.95,4.78125,0.490130719,153,1
17945,359.5,3.422535211,71,United Kingdom,427,3,270,0,0,0,0,0,427,119.8333333,0.007025761,0,0,10.1,244.35,105.05,13.34375,0.841920375,1281,1
17949,49419.42,284.5544554,101,United Kingdom,4,78,214,7,4549.68,413.6072727,11,290.9090909,468,633.5823077,0.166666667,0.092062594,0,0,31561.02,17858.4,0.125,12354.855,36504,0
17950,937.18,3.395522388,134,United Kingdom,95,6,95,1,10.08,10.08,1,24,434,156.1966667,0.013824885,0.010755671,0,55.65,505.98,375.55,2.96875,9.865052632,2604,1
17951,723.84,21,18,United Kingdom,88,3,84,1,17.7,17.7,1,6,134,241.28,0.02238806,0.024452918,0,0,589.44,134.4,2.75,8.225454545,402,1
17952,788.46,4.867346939,98,United Kingdom,108,4,270,0,0,0,0,0,272,197.115,0.014705882,0,0,10.85,662.26,115.35,3.375,7.300555556,1088,1
17953,148.67,3.842105263,19,United Kingdom,270,1,270,0,0,0,0,0,270,148.67,0.003703704,0,0,1.95,69.99,76.73,5.521472393,0.55062963,270,1
17954,2199.07,4.486486486,444,United Kingdom,0,12,0,7,104.64,8.72,12,4.333333333,460,183.2558333,0.026086957,0.047583751,0,201.65,1761.17,236.25,0,2199.07,5520,0
17955,392.6,136,3,United Kingdom,386,2,270,0,0,0,0,0,395,196.3,0.005063291,0,0,0,392.6,0,12.0625,1.017098446,790,0
17958,465.42,6.896551724,29,United Kingdom,458,1,270,0,0,0,0,0,458,465.42,0.002183406,0,0,11.8,206.37,247.25,9.36605317,1.016200873,458,0
17959,140.75,24.5,2,United Kingdom,322,1,270,0,0,0,0,0,322,140.75,0.00310559,0,0,0,100.8,39.95,10.0625,0.437111801,322,1
17960,61.3,1.727272727,11,United Kingdom,253,2,270,0,0,0,0,0,372,30.65,0.005376344,0,0,0,27.8,33.5,5.173824131,0.24229249,744,0
17961,2169.88,2.271966527,478,United Kingdom,3,70,258,2,16.45,8.225,2,1.5,468,30.99828571,0.14957265,0.007581064,0,131.1,1265.14,773.64,0.09375,723.2933333,32760,0
17962,549.1,3.353333333,150,United Kingdom,279,3,279,1,14.4,7.2,2,1,425,183.0333333,0.007058824,0.026224731,0,23.09,401.91,124.1,8.71875,1.968100358,1275,0
17963,643.16,3.128440367,109,United Kingdom,201,4,270,0,0,0,0,0,419,160.79,0.009546539,0,0,8.4,426.96,207.8,6.28125,3.199800995,1676,1
17964,261.76,5.571428571,35,United Kingdom,102,1,270,0,0,0,0,0,102,261.76,0.009803922,0,0,2.55,123.71,135.5,2.085889571,2.56627451,102,0
17965,5334.19,5.482371795,624,United Kingdom,14,20,118,4,123.2,13.68888889,9,2.888888889,455,266.7095,0.043956044,0.02309629,0,248.01,3910.63,1175.55,0.4375,381.0135714,9100,0
17966,865.49,29.93333333,45,United Kingdom,322,5,270,0,0,0,0,0,420,173.098,0.011904762,0,0,14.87,850.62,0,10.0625,2.687857143,2100,0
17967,223.42,1.819672131,61,United Kingdom,102,2,270,0,0,0,0,0,146,111.71,0.01369863,0,0,2.55,152.72,68.15,3.1875,2.190392157,292,1
17968,590.44,2.75,128,United Kingdom,104,4,270,0,0,0,0,0,242,147.61,0.016528926,0,0,20.35,522.49,47.6,3.25,5.677307692,968,1
17969,2132.54,4.537735849,212,United Kingdom,91,19,232,7,118.75,7.916666667,15,2.066666667,463,112.2389474,0.041036717,0.05568477,0,70.65,988.04,1073.85,1.860940695,23.43450549,8797,0
17971,161.94,2.952380952,21,United Kingdom,278,1,270,0,0,0,0,0,278,161.94,0.003597122,0,0,0,134.3,27.64,8.6875,0.582517986,278,1
17974,1035.1,3.515306122,196,United Kingdom,111,3,270,0,0,0,0,0,137,345.0333333,0.02189781,0,0,21.25,833.15,180.7,3.46875,9.325225225,411,0
17975,4073.96,4.321428571,280,United Kingdom,2,16,134,1,5.95,5.95,1,1,221,254.6225,0.07239819,0.001460495,0,6.7,2412.61,1654.65,0.0625,2036.98,3536,0
17976,321.79,1.631578947,57,United Kingdom,102,1,270,0,0,0,0,0,102,321.79,0.009803922,0,0,29.15,119.34,173.3,2.085889571,3.154803922,102,1
17977,1165.41,18.54117647,85,United Kingdom,130,1,116,1,57.9,28.95,2,15,130,1165.41,0.007692308,0.049682086,0,40.8,1066.56,58.05,4.0625,8.964692308,130,1
17978,1159.99,19.35820896,67,United Kingdom,95,4,270,0,0,0,0,0,461,289.9975,0.00867679,0,0,2.1,904.04,253.85,2.96875,12.21042105,1844,1
17980,496.47,7.043478261,46,United Kingdom,89,2,270,0,0,0,0,0,123,248.235,0.016260163,0,0,0,462.47,34,2.78125,5.578314607,246,0
17981,239.12,15.29411765,17,United Kingdom,141,1,270,0,0,0,0,0,141,239.12,0.007092199,0,0,0,221.22,17.9,4.40625,1.695886525,141,1
17982,138.18,9,13,United Kingdom,411,1,270,0,0,0,0,0,411,138.18,0.00243309,0,0,10.2,127.98,0,12.84375,0.33620438,411,1
17983,171.71,4.5,24,United Kingdom,125,1,270,0,0,0,0,0,125,171.71,0.008,0,0,1.25,160.51,9.95,3.90625,1.37368,125,1
17984,996.01,4.352331606,193,United Kingdom,122,4,270,0,0,0,0,0,469,249.0025,0.008528785,0,0,42.61,712.1,241.3,3.8125,8.164016393,1876,0
17987,691.35,3.792207792,154,United Kingdom,106,4,106,1,75.52,25.17333333,3,45.33333333,281,172.8375,0.014234875,0.109235554,0,30.25,589.5,71.6,3.3125,6.522169811,1124,0
17988,349.56,1.5625,96,United Kingdom,57,7,270,0,0,0,0,0,462,49.93714286,0.015151515,0,0,55.15,161.56,132.85,1.78125,6.132631579,3234,0
17989,207.33,10.34482759,29,United Kingdom,109,1,270,0,0,0,0,0,109,207.33,0.009174312,0,0,11.8,195.53,0,3.40625,1.902110092,109,1
17990,1207.73,11.58536585,41,United Kingdom,83,5,249,1,5.04,5.04,1,12,462,241.546,0.010822511,0.004173118,0,0,1105.73,102,2.59375,14.55096386,2310,0
17991,205.3,2.09375,32,United Kingdom,322,1,270,0,0,0,0,0,322,205.3,0.00310559,0,0,1.65,80.57,123.08,6.584867076,0.63757764,322,0
17992,252.88,2.5,52,United Kingdom,119,1,270,0,0,0,0,0,119,252.88,0.008403361,0,0,42.85,179.48,30.55,3.71875,2.125042017,119,1
17993,225.99,1.8,60,United Kingdom,347,1,270,0,0,0,0,0,347,225.99,0.002881844,0,0,20.41,147.33,58.25,10.84375,0.651268012,347,1
17994,1890.89,6.854014599,274,United Kingdom,3,9,3,2,25.45,8.483333333,3,1.666666667,351,210.0988889,0.025641026,0.013459271,0,29.12,1540.18,321.59,0.09375,630.2966667,3159,0
17995,495.48,9.068965517,29,United Kingdom,12,3,270,0,0,0,0,0,117,165.16,0.025641026,0,0,0,225.18,270.3,0.245398773,41.29,351,1
17996,469.73,7.984848485,66,United Kingdom,110,3,270,0,0,0,0,0,277,156.5766667,0.010830325,0,0,16.05,321.18,132.5,3.4375,4.270272727,831,1
17998,601.74,9,59,United Kingdom,110,3,110,1,37.5,37.5,1,30,468,200.58,0.006410256,0.062319274,0,3.8,459.19,138.75,3.4375,5.470363636,1404,1
17999,338.41,1.987654321,81,United Kingdom,96,2,270,0,0,0,0,0,108,169.205,0.018518519,0,0,4.17,203.14,131.1,3,3.525104167,216,1
18000,124.25,18.16666667,6,United Kingdom,294,1,270,0,0,0,0,0,294,124.25,0.003401361,0,0,0,116.3,7.95,9.1875,0.422619048,294,1
18001,509.01,6.826666667,75,United Kingdom,180,4,270,0,0,0,0,0,467,127.2525,0.00856531,0,0,5.05,431.96,72,5.625,2.827833333,1868,1
18002,237.62,1.346153846,52,United Kingdom,106,4,270,0,0,0,0,0,462,59.405,0.008658009,0,0,10.15,107.32,120.15,2.167689162,2.241698113,1848,1
18003,353.51,12.91304348,23,United Kingdom,106,1,270,0,0,0,0,0,106,353.51,0.009433962,0,0,1.9,339.71,11.9,3.3125,3.335,106,1
18004,157.92,2.027027027,37,United Kingdom,92,1,270,0,0,0,0,0,92,157.92,0.010869565,0,0,12.25,94.17,51.5,2.875,1.716521739,92,1
18006,524.83,4.268292683,41,United Kingdom,112,3,270,0,0,0,0,0,453,174.9433333,0.006622517,0,0,0,273.61,251.22,3.5,4.685982143,1359,1
18007,215.22,4.92,50,United Kingdom,123,1,270,0,0,0,0,0,123,215.22,0.008130081,0,0,0,189.77,25.45,3.84375,1.749756098,123,1
18008,17773.7,83.53164557,79,United Kingdom,49,15,270,0,0,0,0,0,433,1184.913333,0.034642032,0,0,44.4,15273.15,2456.15,1.53125,362.7285714,6495,0
18009,1823.19,3.324675325,154,United Kingdom,272,7,167,5,73.65,12.275,6,2.333333333,383,260.4557143,0.018276762,0.040396229,0,84.46,466.32,1272.41,5.562372188,6.702904412,2681,0
18011,410.79,1.984126984,63,United Kingdom,103,2,270,0,0,0,0,0,297,205.395,0.006734007,0,0,26.9,112.09,271.8,2.106339468,3.988252427,594,1
18012,115.3,4.846153846,13,United Kingdom,453,1,270,0,0,0,0,0,453,115.3,0.002207506,0,0,6.3,41.4,67.6,9.263803681,0.254525386,453,1
18016,795.75,3.465116279,86,United Kingdom,45,4,270,0,0,0,0,0,411,198.9375,0.00973236,0,0,0,537,258.75,1.40625,17.68333333,1644,0
18017,330,100,2,United Kingdom,40,2,270,0,0,0,0,0,161,165,0.01242236,0,0,0,330,0,1.25,8.25,322,0
18018,34.55,0.578947368,19,United Kingdom,129,2,150,1,141.3,35.325,4,30,151,17.275,0.013245033,4.089725036,0,0,25.25,9.3,4.03125,0.267829457,302,0
18020,129.28,3.071428571,14,United Kingdom,274,1,274,1,61.2,30.6,2,12,274,129.28,0.003649635,0.473391089,0,54.2,25.29,49.79,10.18587361,0.471824818,274,1
18021,216.41,5.25,32,United Kingdom,240,2,270,0,0,0,0,0,242,108.205,0.008264463,0,0,13.89,143.48,59.04,7.5,0.901708333,484,1
18022,893.9,2.326923077,260,United Kingdom,115,4,270,0,0,0,0,0,276,223.475,0.014492754,0,0,41.08,684.77,168.05,3.59375,7.773043478,1104,1
18025,1177.72,9.401785714,112,United Kingdom,110,6,270,0,0,0,0,0,349,196.2866667,0.017191977,0,0,8.75,940.94,228.03,3.4375,10.70654545,2094,1
18026,2074.07,31.17647059,17,United Kingdom,231,2,270,0,0,0,0,0,235,1037.035,0.008510638,0,0,0,964.17,1109.9,4.72392638,8.978658009,470,1
18028,192.05,33.25,4,United Kingdom,313,1,270,0,0,0,0,0,313,192.05,0.003194888,0,0,106.2,85.85,0,11.63568773,0.613578275,313,1
18029,433.77,14.05555556,18,United Kingdom,372,1,270,0,0,0,0,0,372,433.77,0.002688172,0,0,0,237.39,196.38,11.625,1.166048387,372,1
18031,451.3,4.73015873,63,United Kingdom,109,1,270,0,0,0,0,0,109,451.3,0.009174312,0,0,0,346.8,104.5,3.40625,4.140366972,109,1
18032,73.5,8.4,5,United Kingdom,64,1,270,0,0,0,0,0,64,73.5,0.015625,0,0,0,73.5,0,2,1.1484375,64,1
18034,334.67,3.796116505,103,United Kingdom,106,1,270,0,0,0,0,0,106,334.67,0.009433962,0,0,3.4,312.87,18.4,3.3125,3.157264151,106,1
18035,546.34,68.75,8,United Kingdom,115,2,270,0,0,0,0,0,115,273.17,0.017391304,0,0,0,546.34,0,3.59375,4.750782609,230,1
18036,1142.37,2.193965517,232,United Kingdom,115,8,270,0,0,0,0,0,452,142.79625,0.017699115,0,0,26.52,783.11,332.74,3.59375,9.933652174,3616,0
18037,136.95,1.181818182,22,United Kingdom,52,11,270,0,0,0,0,0,468,12.45,0.023504274,0,0,0,36.2,100.75,1.063394683,2.633653846,5148,0
18038,141.48,2.962962963,27,United Kingdom,286,1,270,0,0,0,0,0,286,141.48,0.003496503,0,0,3.24,102.85,35.39,8.9375,0.494685315,286,1
18039,548.22,3.512658228,158,United Kingdom,104,4,270,0,0,0,0,0,371,137.055,0.010781671,0,0,34.95,425.97,87.3,3.25,5.271346154,1484,1
18041,5495.34,8.676311031,553,United Kingdom,11,25,67,2,82.73,27.57666667,3,99,425,219.8136,0.058823529,0.015054574,0,72.4,4874.59,548.35,0.34375,499.5763636,10625,0
18042,116.1,4,9,United Kingdom,272,1,270,0,0,0,0,0,272,116.1,0.003676471,0,0,22.5,48.9,44.7,8.5,0.426838235,272,1
18043,287.91,2.532258065,62,United Kingdom,97,1,270,0,0,0,0,0,97,287.91,0.010309278,0,0,0,201.86,86.05,3.03125,2.96814433,97,0
18044,1563.38,8.06741573,89,United Kingdom,14,10,270,0,0,0,0,0,290,156.338,0.034482759,0,0,0,709.67,853.71,0.286298569,111.67,2900,0
18046,189.63,1.692307692,26,United Kingdom,380,1,270,0,0,0,0,0,380,189.63,0.002631579,0,0,13.15,56.09,120.39,7.770961145,0.499026316,380,1
18047,326.09,1.56626506,83,United Kingdom,111,2,270,0,0,0,0,0,111,163.045,0.018018018,0,0,3.3,177.89,144.9,3.46875,2.937747748,222,1
18048,222.64,2.480769231,52,United Kingdom,223,1,270,0,0,0,0,0,223,222.64,0.004484305,0,0,0,177.64,45,6.96875,0.99838565,223,0
18049,500.5,4.651162791,86,United Kingdom,167,2,270,0,0,0,0,0,320,250.25,0.00625,0,0,21.26,409.75,69.49,5.21875,2.997005988,640,1
18050,412.06,10.86956522,23,United Kingdom,89,2,270,0,0,0,0,0,123,206.03,0.016260163,0,0,0,360.96,51.1,2.78125,4.62988764,246,1
18051,2275.98,28.56896552,58,United Kingdom,364,7,402,1,6.3,2.1,3,1.333333333,461,325.14,0.015184382,0.002768038,0,0,2162.18,113.8,11.375,6.252692308,3227,1
18052,10877.18,1110.375,16,United Kingdom,295,1,270,0,0,0,0,0,295,10877.18,0.003389831,0,0,0,9871.18,1006,9.21875,36.87179661,295,1
18053,230.7,7.214285714,14,United Kingdom,256,2,214,2,40.35,20.175,2,3,258,115.35,0.007751938,0.174902471,0,0,226.35,4.35,8,0.901171875,516,1
18054,176.5,8.727272727,11,United Kingdom,123,1,270,0,0,0,0,0,123,176.5,0.008130081,0,0,0,158.65,17.85,3.84375,1.43495935,123,1
18055,5743.28,6.371134021,291,United Kingdom,21,9,20,1,32.05,10.68333333,3,1.666666667,143,638.1422222,0.062937063,0.005580435,0,224.07,3121.75,2397.46,0.65625,273.4895238,1287,0
18056,539.75,10.67741935,31,United Kingdom,18,2,326,1,14.85,14.85,1,3,349,269.875,0.005730659,0.027512737,0,0,469.8,69.95,0.5625,29.98611111,698,1
18057,1168.14,7.099236641,131,United Kingdom,123,3,270,0,0,0,0,0,421,389.38,0.007125891,0,0,49.45,688.49,430.2,3.84375,9.497073171,1263,1
18058,603.9,23.53846154,13,United Kingdom,271,2,270,0,0,0,0,0,398,301.95,0.005025126,0,0,10.2,593.7,0,8.46875,2.228413284,796,1
18060,1185.46,12.02666667,75,United Kingdom,138,2,270,0,0,0,0,0,295,592.73,0.006779661,0,0,0,836.31,349.15,4.3125,8.590289855,590,1
18061,4773.23,33.35555556,90,United Kingdom,21,21,257,1,8.5,8.5,1,1,466,227.2966667,0.045064378,0.001780765,0,0,3725.14,1048.09,0.65625,227.2966667,9786,0
18062,972.65,17.28571429,35,United Kingdom,68,4,110,3,109.3,36.43333333,3,4.666666667,328,243.1625,0.012195122,0.112373413,0,0,867.8,104.85,2.125,14.30367647,1312,0
18063,186.6,16,3,United Kingdom,121,2,270,0,0,0,0,0,363,93.3,0.005509642,0,0,0,186.6,0,3.78125,1.54214876,726,1
18064,3613.98,36.90163934,61,United Kingdom,176,9,294,4,53.85,13.4625,4,12.5,406,401.5533333,0.022167488,0.01490047,0,0,2812.68,801.3,5.5,20.53397727,3654,0
18065,4174.1,7.059090909,220,United Kingdom,18,17,88,3,29.75,7.4375,4,1.75,460,245.5352941,0.036956522,0.007127285,0,226.05,2633.05,1315,0.5625,231.8944444,7820,0
18066,1122.4,9.930232558,43,United Kingdom,117,2,270,0,0,0,0,0,146,561.2,0.01369863,0,0,0,794.4,328,3.65625,9.593162393,292,1
18068,101.7,6,1,United Kingdom,19,1,270,0,0,0,0,0,19,101.7,0.052631579,0,0,0,0,101.7,0.388548057,5.352631579,19,1
18069,2721.94,3.459044369,586,United Kingdom,57,7,57,1,4.95,4.95,1,1,379,388.8485714,0.018469657,0.001818556,0,157.64,2119.26,445.04,1.78125,47.75333333,2653,0
18070,307.75,8.5,10,United Kingdom,399,1,461,1,6.35,6.35,1,1,399,307.75,0.002506266,0.020633631,0,0,153.5,154.25,8.159509202,0.771303258,399,1
18071,998.9633333,9.62295082,61,United Kingdom,96,5,270,0,0,0,0,0,465,199.7926667,0.010752688,0,0,32.7,798.7333333,167.53,3,10.40586806,2325,0
18074,1019.44,8.395348837,43,United Kingdom,104,2,270,0,0,0,0,0,236,509.72,0.008474576,0,0,0,646.5,372.94,3.25,9.802307692,472,1
18075,3875.89,8.84,250,United Kingdom,14,14,46,9,163.15,7.093478261,23,2.47826087,229,276.8492857,0.061135371,0.042093558,0,18.8,3065.21,791.88,0.4375,276.8492857,3206,0
18076,151.49,20.5,8,United Kingdom,110,1,270,0,0,0,0,0,110,151.49,0.009090909,0,0,0,151.49,0,3.4375,1.377181818,110,1
18077,2205.84,8.96373057,193,United Kingdom,49,10,270,0,0,0,0,0,463,220.584,0.021598272,0,0,11.8,2066.14,127.9,1.53125,45.01714286,4630,0
18078,389.4,5.113636364,44,United Kingdom,155,2,270,0,0,0,0,0,358,194.7,0.005586592,0,0,72.19,227.71,89.5,4.84375,2.512258065,716,0
18079,590.78,106.3846154,13,United Kingdom,222,1,270,0,0,0,0,0,222,590.78,0.004504505,0,0,2.1,588.68,0,6.9375,2.661171171,222,0
18083,463.53,6.7,40,United Kingdom,128,1,270,0,0,0,0,0,128,463.53,0.0078125,0,0,0,324.03,139.5,4,3.621328125,128,1
18084,85.55,1.888888889,9,United Kingdom,113,2,31,2,619.2,206.4,3,142,119,42.775,0.016806723,7.237872589,0,0,32.45,53.1,2.310838446,0.757079646,238,0
18085,1341.85,8.177419355,62,United Kingdom,60,4,270,0,0,0,0,0,359,335.4625,0.011142061,0,0,0,1304.2,37.65,1.875,22.36416667,1436,1
18086,101.34,15.14285714,7,United Kingdom,4,1,270,0,0,0,0,0,4,101.34,0.25,0,0,19.5,81.84,0,0.125,25.335,4,1
18087,13808.42,85.73333333,90,United Kingdom,21,16,32,2,100.3,33.43333333,3,19.33333333,469,863.02625,0.034115139,0.007263684,0,0,8126.66,5681.76,0.65625,657.5438095,7504,1
18089,428.45,9.5,10,United Kingdom,177,1,270,0,0,0,0,0,177,428.45,0.005649718,0,0,0,152.8,275.65,3.619631902,2.420621469,177,1
18090,321.9,5.685185185,54,United Kingdom,152,1,270,0,0,0,0,0,152,321.9,0.006578947,0,0,0,308,13.9,4.75,2.117763158,152,1
18091,360.85,21.56,25,United Kingdom,323,1,270,0,0,0,0,0,323,360.85,0.003095975,0,0,0,335,25.85,10.09375,1.117182663,323,1
18092,8733.55,72.94520548,73,United Kingdom,60,11,448,1,3.75,3.75,1,1,466,793.9590909,0.02360515,0.000429379,0,0,7751.95,981.6,1.875,145.5591667,5126,0
18093,3440.61,55,50,United Kingdom,28,6,24,1,23.1,11.55,2,5.5,349,573.435,0.017191977,0.006713926,0,0,3295.66,144.95,0.875,122.8789286,2094,0
18094,3810.04,24.33766234,77,United Kingdom,22,7,364,2,68.9,13.78,5,7.2,432,544.2914286,0.016203704,0.0180838,0,0,2421.24,1388.8,0.6875,173.1836364,3024,0
18095,2303.09,33.8125,48,United Kingdom,43,5,270,0,0,0,0,0,329,460.618,0.015197568,0,0,0,1967.24,335.85,1.34375,53.56023256,1645,1
18096,789.1,3.067357513,193,United Kingdom,172,3,270,0,0,0,0,0,243,263.0333333,0.012345679,0,0,78.75,470.67,239.68,5.375,4.587790698,729,1
18097,2616.5,23.17647059,68,United Kingdom,70,7,109,2,6.2,3.1,2,2,453,373.7857143,0.015452539,0.002369578,0,0,2285.1,331.4,2.1875,37.37857143,3171,0
18098,527.94,2.5,86,United Kingdom,126,1,270,0,0,0,0,0,126,527.94,0.007936508,0,0,25.7,339.44,162.8,3.9375,4.19,126,1
18100,451.56,14.66666667,30,United Kingdom,280,1,270,0,0,0,0,0,280,451.56,0.003571429,0,0,0,417.31,34.25,8.75,1.612714286,280,1
18101,399.61,2.31884058,69,United Kingdom,104,3,270,0,0,0,0,0,404,133.2033333,0.007425743,0,0,90.65,194.21,114.75,3.25,3.842403846,1212,0
18102,358517.43,197.6990596,638,United Kingdom,12,92,230,2,2578.4,644.6,4,178,469,3896.928587,0.196162047,0.00719184,0,1909.09,153081.75,203526.59,0.245398773,29876.4525,43148,0
18103,105.8,2.3,10,United Kingdom,279,1,270,0,0,0,0,0,279,105.8,0.003584229,0,0,2.1,21.9,81.8,5.705521472,0.37921147,279,1
18106,1441.06,2.64921466,191,United Kingdom,60,6,270,0,0,0,0,0,424,240.1766667,0.014150943,0,0,10.99,775.45,654.62,1.875,24.01766667,2544,1
18107,165.88,1.710526316,38,United Kingdom,172,1,270,0,0,0,0,0,172,165.88,0.005813953,0,0,2.95,82.39,80.54,5.375,0.964418605,172,1
18108,577.81,5.9,30,United Kingdom,327,2,270,0,0,0,0,0,468,288.905,0.004273504,0,0,52.2,266.85,258.76,10.21875,1.767003058,936,0
18109,2729.91,3.033557047,298,United Kingdom,34,18,69,3,34.45,4.921428571,7,1.142857143,257,151.6616667,0.070038911,0.012619464,0,26.45,1124.21,1579.25,0.695296524,80.29147059,4626,0
18110,193.48,2.771428571,35,United Kingdom,141,1,270,0,0,0,0,0,141,193.48,0.007092199,0,0,8.69,168.89,15.9,4.40625,1.372198582,141,1
18111,398.9,7.6,30,United Kingdom,319,1,313,1,6.95,2.316666667,3,1.333333333,319,398.9,0.003134796,0.017422913,0,0,246.32,152.58,9.96875,1.250470219,319,1
18112,420.67,5.222222222,36,United Kingdom,148,2,270,0,0,0,0,0,282,210.335,0.007092199,0,0,0,283.32,137.35,4.625,2.842364865,564,0
18113,76.32,72,1,United Kingdom,99,1,270,0,0,0,0,0,99,76.32,0.01010101,0,0,0,76.32,0,3.09375,0.770909091,99,1
18114,220.1,1.964285714,28,United Kingdom,20,1,270,0,0,0,0,0,20,220.1,0.05,0,0,1.95,71.7,146.45,0.408997955,11.005,20,1
18115,9.7,1,3,United Kingdom,428,1,270,0,0,0,0,0,428,9.7,0.002336449,0,0,0,3.75,5.95,8.752556237,0.022663551,428,1
18116,1551.1,1.974160207,387,United Kingdom,25,9,270,0,0,0,0,0,141,172.3444444,0.063829787,0,0,46.21,1114.79,390.1,0.78125,62.044,1269,0
18118,2365.32,2.082630691,593,United Kingdom,1,10,32,3,37,12.33333333,3,1.333333333,111,236.532,0.09009009,0.015642704,0,19.2,1775.02,571.1,0.03125,2365.32,1110,0
18119,180.7,4.275862069,29,United Kingdom,98,1,270,0,0,0,0,0,98,180.7,0.010204082,0,0,0,144.1,36.6,3.0625,1.843877551,98,1
18123,92.2,1.545454545,22,United Kingdom,244,1,270,0,0,0,0,0,244,92.2,0.004098361,0,0,6.75,33.95,51.5,4.989775051,0.377868852,244,0
18124,102.65,2.35,20,United Kingdom,202,1,270,0,0,0,0,0,202,102.65,0.004950495,0,0,0,76.6,26.05,6.3125,0.508168317,202,1
18125,719.32,4.098360656,122,United Kingdom,25,2,25,1,1.65,1.65,1,1,46,359.66,0.043478261,0.002293833,0,5.9,613.97,99.45,0.78125,28.7728,92,0
18127,209.05,3,21,United Kingdom,133,1,270,0,0,0,0,0,133,209.05,0.007518797,0,0,0,95.45,113.6,2.719836401,1.571804511,133,0
18128,399.29,5.142857143,42,United Kingdom,267,1,270,0,0,0,0,0,267,399.29,0.003745318,0,0,15,319.09,65.2,8.34375,1.495468165,267,1
18131,222.96,138,4,United Kingdom,362,1,270,0,0,0,0,0,362,222.96,0.002762431,0,0,0,222.96,0,11.3125,0.615911602,362,1
18132,220.13,3.419354839,62,United Kingdom,234,1,270,0,0,0,0,0,234,220.13,0.004273504,0,0,2.55,193.23,24.35,7.3125,0.940726496,234,1
18134,445,4.571428571,28,United Kingdom,328,2,270,0,0,0,0,0,425,222.5,0.004705882,0,0,32.7,228.9,183.4,10.25,1.356707317,850,1
18135,547.31,20,20,United Kingdom,123,5,246,3,20.4,6.8,3,1.333333333,364,109.462,0.013736264,0.037273209,0,0,444.16,103.15,3.84375,4.449674797,1820,0
18136,1058.87,8.780821918,73,United Kingdom,50,3,133,3,77.15,15.43,5,3.4,181,352.9566667,0.016574586,0.072860691,0,0,830.77,228.1,1.5625,21.1774,543,0
18137,145.99,2.034482759,29,United Kingdom,281,2,270,0,0,0,0,0,281,72.995,0.007117438,0,0,11.55,71.89,62.55,8.78125,0.519537367,562,1
18138,152.65,4.75,8,United Kingdom,25,1,270,0,0,0,0,0,25,152.65,0.04,0,0,42.9,40.8,68.95,0.511247444,6.106,25,1
18140,536.41,7.314814815,54,West Indies,204,1,270,0,0,0,0,0,204,536.41,0.004901961,0,0,26.69,397.29,112.43,6.375,2.629460784,204,1
18141,838.57,9.545454545,44,United Kingdom,132,2,91,2,43.9,21.95,2,6.5,319,419.285,0.006269592,0.052351026,0,0,786.12,52.45,4.125,6.35280303,638,1
18144,2664.25,22.98039216,51,United Kingdom,49,10,270,0,0,0,0,0,453,266.425,0.022075055,0,0,196.8,1907.7,559.75,1.53125,54.37244898,4530,0
18145,3339.5,13.57142857,224,United Kingdom,43,8,211,1,17.7,17.7,1,6,462,417.4375,0.017316017,0.005300195,0,30,3157.25,152.25,1.34375,77.6627907,3696,0
18148,112.85,6.3,10,United Kingdom,377,1,270,0,0,0,0,0,377,112.85,0.00265252,0,0,17.7,77.3,17.85,11.78125,0.29933687,377,1
18149,1169.66,7.869047619,84,United Kingdom,4,5,270,0,0,0,0,0,366,233.932,0.013661202,0,0,12.25,1008.81,148.6,0.125,292.415,1830,0
18151,1513.14,8.558139535,86,United Kingdom,20,5,364,1,25.5,25.5,1,6,376,302.628,0.013297872,0.016852373,0,15,1108.44,389.7,0.625,75.657,1880,0
18152,426.69,7.5,10,United Kingdom,376,1,270,0,0,0,0,0,376,426.69,0.002659574,0,0,0,205.54,221.15,7.689161554,1.13481383,376,1
18153,246.22,11.76470588,17,United Kingdom,389,1,270,0,0,0,0,0,389,246.22,0.002570694,0,0,0,246.22,0,12.15625,0.632956298,389,1
18154,533.41,14.26923077,26,United Kingdom,119,3,270,0,0,0,0,0,221,177.8033333,0.013574661,0,0,0,504.66,28.75,3.71875,4.482436975,663,1
18155,113.93,11.375,8,United Kingdom,22,1,270,0,0,0,0,0,22,113.93,0.045454545,0,0,0,96.08,17.85,0.6875,5.178636364,22,0
18156,186.88,1.36,50,United Kingdom,100,1,270,0,0,0,0,0,100,186.88,0.01,0,0,0,150.63,36.25,3.125,1.8688,100,1
18157,213.9,5.8,25,United Kingdom,301,1,270,0,0,0,0,0,301,213.9,0.003322259,0,0,4.25,139.61,70.04,9.40625,0.710631229,301,1
18159,530.15,6.043478261,23,United Kingdom,31,1,270,0,0,0,0,0,31,530.15,0.032258065,0,0,168.6,70.8,290.75,0.63394683,17.1016129,31,1
18160,365.82,8.653846154,26,United Kingdom,116,1,270,0,0,0,0,0,116,365.82,0.00862069,0,0,0,324.07,41.75,3.625,3.15362069,116,0
18161,485.94,12.89285714,28,United Kingdom,50,2,270,0,0,0,0,0,109,242.97,0.018348624,0,0,0,383.54,102.4,1.5625,9.7188,218,0
18162,371.51,7.217391304,46,United Kingdom,462,1,270,0,0,0,0,0,462,371.51,0.002164502,0,0,34.2,324.41,12.9,14.4375,0.804134199,462,1
18163,639.34,11.31578947,38,United Kingdom,314,1,291,1,89.5,17.9,5,4.4,314,639.34,0.003184713,0.139988113,0,0,480.74,158.6,9.8125,2.03611465,314,1
18166,175.5,9,10,United Kingdom,354,1,270,0,0,0,0,0,354,175.5,0.002824859,0,0,0,175.5,0,11.0625,0.495762712,354,1
18168,2838.05,5.306962025,316,United Kingdom,32,13,90,5,71.8,3.988888889,18,1.277777778,466,218.3115385,0.027896996,0.025299061,0,15.9,2335.15,487,1,88.6890625,6058,0
18170,1897.69,8.806818182,88,United Kingdom,104,6,270,0,0,0,0,0,430,316.2816667,0.013953488,0,0,0,1243.96,653.73,3.25,18.24701923,2580,0
18171,1446.45,11.1509434,53,United Kingdom,64,5,270,0,0,0,0,0,434,289.29,0.011520737,0,0,0,796.4,650.05,2,22.60078125,2170,0
18172,11766.19,13.87921348,356,United Kingdom,20,34,24,7,117.75,10.70454545,11,2,459,346.0644118,0.074074074,0.010007488,0,0,8034.34,3731.85,0.625,588.3095,15606,0
18173,1443,41.92857143,28,United Kingdom,5,2,270,0,0,0,0,0,343,721.5,0.005830904,0,0,0,1310,133,0.15625,288.6,686,0
18174,58.5,30,1,United Kingdom,334,1,270,0,0,0,0,0,334,58.5,0.002994012,0,0,0,58.5,0,10.4375,0.175149701,334,1
18175,176.1,10,7,United Kingdom,406,1,270,0,0,0,0,0,406,176.1,0.002463054,0,0,0,137.1,39,12.6875,0.433743842,406,1
18176,448.65,8.454545455,33,United Kingdom,88,1,84,1,27.7,9.233333333,3,1.333333333,88,448.65,0.011363636,0.061740778,0,0,381,67.65,2.75,5.098295455,88,1
18177,875.45,20.34615385,26,United Kingdom,291,3,270,0,0,0,0,0,454,291.8166667,0.00660793,0,0,44.35,652.9,178.2,9.09375,3.008419244,1362,0
18178,5115.03,10.85862069,290,United Kingdom,39,9,158,2,31.85,15.925,2,2.5,389,568.3366667,0.023136247,0.006226747,0,0,4561.82,553.21,1.21875,131.1546154,3501,0
18179,1377.28,15.37037037,54,United Kingdom,56,4,270,0,0,0,0,0,393,344.32,0.010178117,0,0,0,1195.33,181.95,1.75,24.59428571,1572,0
18181,799.76,2.690647482,139,United Kingdom,130,4,291,2,21.73,10.865,2,1.5,465,199.94,0.008602151,0.027170651,0,8.35,571.16,220.25,4.0625,6.152,1860,1
18182,291.13,16.7,10,United Kingdom,193,1,270,0,0,0,0,0,193,291.13,0.005181347,0,0,0,235.63,55.5,6.03125,1.508445596,193,1
18183,312.8,6.315789474,19,United Kingdom,5,1,270,0,0,0,0,0,5,312.8,0.2,0,0,0,199.5,113.3,0.15625,62.56,5,0
18186,329.58,30.72727273,11,United Kingdom,453,1,270,0,0,0,0,0,453,329.58,0.002207506,0,0,0,222.18,107.4,14.15625,0.727549669,453,1
18187,682.19,5.62962963,54,United Kingdom,362,1,353,2,42.7,7.116666667,6,1,362,682.19,0.002762431,0.062592533,0,0,414.3,267.89,11.3125,1.884502762,362,1
18188,1691.3,11.15189873,79,United Kingdom,20,4,327,1,14.85,14.85,1,3,354,422.825,0.011299435,0.008780228,0,0,1563.7,127.6,0.625,84.565,1416,1
18189,312.24,14.15789474,19,United Kingdom,356,1,349,1,1.25,1.25,1,1,356,312.24,0.002808989,0.004003331,0,0,312.24,0,11.125,0.877078652,356,0
18190,622.67,12.18918919,37,United Kingdom,61,4,55,1,9.95,9.95,1,1,448,155.6675,0.008928571,0.015979572,0,35.4,512.48,74.79,1.90625,10.20770492,1792,0
18191,321.6,24,8,United Kingdom,207,1,270,0,0,0,0,0,207,321.6,0.004830918,0,0,0,270.6,51,6.46875,1.553623188,207,0
18193,942.74,14.52727273,55,United Kingdom,111,2,96,1,20.85,20.85,1,3,172,471.37,0.011627907,0.022116384,0,0,731.19,211.55,3.46875,8.493153153,344,0
18194,3188.2,54.38095238,21,United Kingdom,168,5,270,0,0,0,0,0,410,637.64,0.012195122,0,0,0,2712.7,475.5,5.25,18.97738095,2050,1
18195,101.16,12,5,United Kingdom,117,1,270,0,0,0,0,0,117,101.16,0.008547009,0,0,0,101.16,0,3.65625,0.864615385,117,1
18196,1219.42,3.934579439,214,United Kingdom,20,3,270,0,0,0,0,0,362,406.4733333,0.008287293,0,0,16.65,993.07,209.7,0.625,60.971,1086,1
18197,221.4,14.72727273,11,United Kingdom,306,1,244,1,8.7,4.35,2,2,306,221.4,0.003267974,0.039295393,0,0,221.4,0,9.5625,0.723529412,306,1
18198,906.67,19,37,United Kingdom,18,3,12,1,0.65,0.65,1,1,66,302.2233333,0.045454545,0.000716909,0,0,862.97,43.7,0.5625,50.37055556,198,0
18199,342.2,4.666666667,21,United Kingdom,414,1,406,1,2.55,2.55,1,1,414,342.2,0.002415459,0.007451783,0,30.45,164.05,147.7,12.9375,0.826570048,414,1
18201,447.53,7.074074074,27,United Kingdom,453,1,270,0,0,0,0,0,453,447.53,0.002207506,0,0,0,271.53,176,14.15625,0.987924945,453,1
18202,485.73,8.565217391,23,United Kingdom,41,1,270,0,0,0,0,0,41,485.73,0.024390244,0,0,0,406.33,79.4,1.28125,11.84707317,41,0
18203,322.1,1.692307692,39,United Kingdom,112,3,270,0,0,0,0,0,461,107.3666667,0.006507592,0,0,2.8,73.3,246,2.290388548,2.875892857,1383,0
18206,314.66,12.94736842,19,United Kingdom,283,1,270,0,0,0,0,0,283,314.66,0.003533569,0,0,0,314.66,0,8.84375,1.111872792,283,1
18207,505.12,8.823529412,34,United Kingdom,229,1,224,2,39.35,13.11666667,3,8.333333333,229,505.12,0.004366812,0.077902281,0,0,446.82,58.3,7.15625,2.205764192,229,1
18208,360.08,4.823529412,17,United Kingdom,296,1,270,0,0,0,0,0,296,360.08,0.003378378,0,0,0,105.3,254.78,6.053169734,1.216486486,296,1
18210,147.45,10.1,10,United Kingdom,113,1,270,0,0,0,0,0,113,147.45,0.008849558,0,0,0,113.7,33.75,3.53125,1.304867257,113,0
18211,137.9,7,8,United Kingdom,9,1,270,0,0,0,0,0,9,137.9,0.111111111,0,0,0,116.4,21.5,0.28125,15.32222222,9,0
18212,514.37,3.434782609,46,United Kingdom,56,2,270,0,0,0,0,0,407,257.185,0.004914005,0,0,0,325.22,189.15,1.75,9.185178571,814,1
18214,1480.99,12.74193548,62,United Kingdom,261,4,279,1,299.35,74.8375,4,49.75,284,370.2475,0.014084507,0.202128306,0,0,1357.74,123.25,8.15625,5.674291188,1136,1
18215,1924.65,13.14285714,77,United Kingdom,167,4,131,1,8.5,8.5,1,1,353,481.1625,0.011331445,0.004416387,0,0,1562.63,362.02,5.21875,11.5248503,1412,1
18217,281.05,16.84615385,13,United Kingdom,244,2,244,2,42.24,10.56,4,7.5,256,140.525,0.0078125,0.150293542,0,0,281.05,0,7.625,1.151844262,512,1
18218,769.14,24.3030303,33,United Kingdom,12,3,270,0,0,0,0,0,390,256.38,0.007692308,0,0,0,681.04,88.1,0.375,64.095,1170,0
18219,1761.8,8.203703704,108,United Kingdom,26,10,220,1,5.5,2.75,2,1,462,176.18,0.021645022,0.003121807,0,0,1347.45,414.35,0.8125,67.76153846,4620,0
18220,1473.92,34.85714286,28,United Kingdom,124,5,158,4,142.56,28.512,5,17.6,455,294.784,0.010989011,0.096721667,0,0,1245.42,228.5,3.875,11.88645161,2275,0
18221,337.03,8.47826087,23,United Kingdom,120,1,115,1,46.3,15.43333333,3,4.666666667,120,337.03,0.008333333,0.137376495,0,0,310.78,26.25,3.75,2.808583333,120,0
18223,8800.9,9.776523702,443,United Kingdom,9,17,9,17,390.25,6.846491228,57,2.614035088,466,517.7,0.036480687,0.044342056,0,0,7248.96,1551.94,0.28125,977.8777778,7922,0
18225,7723.41,12.74183976,337,United Kingdom,35,16,102,4,255.25,25.525,10,3.1,465,482.713125,0.034408602,0.033048873,0,23.95,6218.52,1480.94,1.09375,220.6688571,7440,0
18226,6970.53,14.803125,320,United Kingdom,68,16,61,10,97.6,7.507692308,13,3.538461538,375,435.658125,0.042666667,0.014001805,0,12.6,5082.28,1875.65,2.125,102.5077941,6000,0
18227,0,0,2,United Kingdom,214,1,208,1,295,295,1,1,214,0,0.004672897,295,0,0,0,0,7.955390335,0,214,0
18229,4246.51,14.45762712,59,United Kingdom,25,12,270,0,0,0,0,0,466,353.8758333,0.025751073,0,0,0,2200.86,2045.65,0.78125,169.8604,5592,0
18230,1864.68,11.89189189,74,United Kingdom,32,3,89,2,81,40.5,2,6,256,621.56,0.01171875,0.043439089,0,37.8,1294.38,532.5,1,58.27125,768,0
18231,5034.7,8.274725275,273,United Kingdom,19,24,18,2,32.8,8.2,4,3.75,429,209.7791667,0.055944056,0.006514787,0,14.75,3437.56,1582.39,0.59375,264.9842105,10296,0
18233,440,4,1,United Kingdom,56,1,270,0,0,0,0,0,56,440,0.017857143,0,0,0,0,440,1.145194274,7.857142857,56,1
18234,179.6,2.666666667,30,United Kingdom,282,1,270,0,0,0,0,0,282,179.6,0.003546099,0,0,0,137.1,42.5,8.8125,0.636879433,282,1
18236,913.11,5.979591837,49,United Kingdom,119,6,270,0,0,0,0,0,333,152.185,0.018018018,0,0,0,595.78,317.33,3.71875,7.673193277,1998,0
18238,270.92,8.142857143,14,United Kingdom,245,1,270,0,0,0,0,0,245,270.92,0.004081633,0,0,0,241.52,29.4,7.65625,1.105795918,245,1
18239,1069.17,8.75,60,United Kingdom,43,4,270,0,0,0,0,0,153,267.2925,0.026143791,0,0,27.9,763.42,277.85,1.34375,24.8644186,612,0
18241,896,7.464285714,56,United Kingdom,146,4,154,1,17.9,17.9,1,2,348,224,0.011494253,0.019977679,0,0,814.3,81.7,4.5625,6.136986301,1392,0
18242,1372.72,16.19354839,62,United Kingdom,175,4,270,0,0,0,0,0,428,343.18,0.009345794,0,0,15,1264.72,93,5.46875,7.844114286,1712,0
18243,515.78,8.5,26,United Kingdom,144,1,270,0,0,0,0,0,144,515.78,0.006944444,0,0,0,388.13,127.65,4.5,3.581805556,144,1
18244,568.64,45.05263158,19,United Kingdom,161,2,270,0,0,0,0,0,233,284.32,0.008583691,0,0,0,568.64,0,5.03125,3.531925466,466,1
18245,4474.08,11.39067055,343,United Kingdom,43,15,35,3,88.75,17.75,5,4,371,298.272,0.040431267,0.01983648,0,85.8,3672.78,715.5,1.34375,104.0483721,5565,0
18246,162.72,48,1,United Kingdom,340,1,270,0,0,0,0,0,340,162.72,0.002941176,0,0,0,162.72,0,10.625,0.478588235,340,0
18247,721.43,6.489361702,47,United Kingdom,145,3,140,3,118.3,11.83,10,3,361,240.4766667,0.008310249,0.163979873,0,0,461.75,259.68,4.53125,4.97537931,1083,1
18250,342.92,9,22,United Kingdom,40,1,31,1,6.35,6.35,1,1,40,342.92,0.025,0.018517438,0,0,249.47,93.45,1.25,8.573,40,1
18251,21964.14,345.8152174,92,United Kingdom,175,8,270,0,0,0,0,0,448,2745.5175,0.017857143,0,0,1283.04,18952.3,1728.8,5.46875,125.5093714,3584,1
18252,938.92,16.87804878,41,United Kingdom,279,5,461,1,76.5,76.5,1,6,451,187.784,0.011086475,0.08147659,0,81.6,468.57,388.75,8.71875,3.365304659,2255,0
18253,317.88,18.28571429,7,United Kingdom,373,1,270,0,0,0,0,0,373,317.88,0.002680965,0,0,0,183.06,134.82,11.65625,0.852225201,373,1
18254,267.9,11.75,16,United Kingdom,311,1,270,0,0,0,0,0,311,267.9,0.003215434,0,0,0,267.9,0,9.71875,0.861414791,311,1
18255,199.85,9.769230769,13,United Kingdom,186,1,270,0,0,0,0,0,186,199.85,0.005376344,0,0,0,199.85,0,5.8125,1.074462366,186,1
18256,60.6,7.857142857,14,United Kingdom,118,1,85,1,50.1,12.525,4,17.5,118,60.6,0.008474576,0.826732673,0,0,60.6,0,3.6875,0.513559322,118,1
18257,2565.22,7.900552486,181,United Kingdom,21,6,21,3,46.1,5.7625,8,2.625,389,427.5366667,0.015424165,0.017971168,0,15.3,2014.74,535.18,0.65625,122.1533333,2334,0
18258,2040.97,37.22641509,53,United Kingdom,194,6,270,2,18.7,6.233333333,3,2.666666667,303,340.1616667,0.01980198,0.00916231,0,0,1779.47,261.5,6.0625,10.52046392,1818,1
18259,1979.6,13.52,50,United Kingdom,96,5,270,0,0,0,0,0,462,395.92,0.010822511,0,0,0,1920.1,59.5,3,20.62083333,2310,1
18260,8460.37,12.57142857,364,United Kingdom,0,20,52,8,180.21,11.263125,16,2.0625,454,423.0185,0.044052863,0.021300487,0,12.6,6272.65,2175.12,0,8460.37,9080,0
18262,428.06,12.75862069,29,United Kingdom,123,2,270,0,0,0,0,0,333,214.03,0.006006006,0,0,0,416.16,11.9,3.84375,3.480162602,666,0
18264,603.25,6.694444444,36,United Kingdom,229,1,270,0,0,0,0,0,229,603.25,0.004366812,0,0,0,376.1,227.15,7.15625,2.634279476,229,1
18266,251.1,9.857142857,14,United Kingdom,164,1,270,0,0,0,0,0,164,251.1,0.006097561,0,0,0,251.1,0,5.125,1.531097561,164,1
18267,252.87,6.55,20,United Kingdom,403,1,390,1,16.5,5.5,3,1.333333333,403,252.87,0.00248139,0.065250919,0,0,211.47,41.4,12.59375,0.627468983,403,1
18268,1451.22,10.17391304,69,United Kingdom,321,5,411,1,13.51,4.503333333,3,2.333333333,459,290.244,0.010893246,0.009309409,0,135.5,1005.84,309.88,10.03125,4.520934579,2295,0
18269,138.9,8.75,8,United Kingdom,96,1,88,1,29.7,29.7,1,6,96,138.9,0.010416667,0.213822894,0,0,138.9,0,3,1.446875,96,1
18270,161.4,18,6,United Kingdom,163,1,270,0,0,0,0,0,163,161.4,0.006134969,0,0,0,161.4,0,5.09375,0.990184049,163,0
18271,680.85,15.19047619,21,United Kingdom,340,2,270,0,0,0,0,0,462,340.425,0.004329004,0,0,147,389.05,144.8,10.625,2.0025,924,1
18272,1282.55,13.33870968,62,United Kingdom,278,3,159,1,24.85,12.425,2,1.5,375,427.5166667,0.008,0.019375463,0,12.6,1111.75,158.2,8.6875,4.613489209,1125,0
18273,153,60,1,United Kingdom,321,1,270,0,0,0,0,0,321,153,0.003115265,0,0,0,153,0,10.03125,0.476635514,321,0
18275,741.85,21.94736842,19,United Kingdom,308,2,270,0,0,0,0,0,461,370.925,0.004338395,0,0,21.25,138,582.6,6.298568507,2.408603896,922,1
18276,1297.31,12.71084337,83,United Kingdom,123,5,116,2,23.35,7.783333333,3,1.666666667,459,259.462,0.010893246,0.017998782,0,0,1068.01,229.3,3.84375,10.54723577,2295,1
18277,1048.97,6.389830508,59,United Kingdom,127,4,49,2,20.7,6.9,3,1.333333333,225,262.2425,0.017777778,0.019733643,0,14.85,740.01,294.11,3.96875,8.259606299,900,1
18278,240.3,4.933333333,15,United Kingdom,135,1,270,0,0,0,0,0,135,240.3,0.007407407,0,0,0,192.6,47.7,4.21875,1.78,135,1
18279,231.34,48.46153846,13,United Kingdom,249,1,270,0,0,0,0,0,249,231.34,0.004016064,0,0,0,231.34,0,7.78125,0.929076305,249,1
18280,472.45,6,32,United Kingdom,8,2,110,1,15.7,7.85,2,1,124,236.225,0.016129032,0.03323103,0,0,357.85,114.6,0.25,59.05625,248,1
18281,120.32,9.2,10,United Kingdom,308,1,270,0,0,0,0,0,308,120.32,0.003246753,0,0,0,107.62,12.7,9.625,0.390649351,308,0
18283,934.07,1.461095101,347,United Kingdom,15,9,270,0,0,0,0,0,388,103.7855556,0.023195876,0,0,4.6,766.27,163.2,0.46875,62.27133333,3492,0
18284,411.68,18.25925926,27,United Kingdom,162,1,270,0,0,0,0,0,162,411.68,0.00617284,0,0,0,411.68,0,5.0625,2.541234568,162,1
18285,377,13.09090909,11,United Kingdom,391,1,270,0,0,0,0,0,391,377,0.002557545,0,0,0,255.6,121.4,12.21875,0.964194373,391,1
18286,1138.43,8.565217391,69,United Kingdom,207,2,263,1,108,36,3,5.333333333,454,569.215,0.004405286,0.094867493,0,23.4,752.49,362.54,6.46875,5.499661836,908,1
18287,2290.61,16.75294118,85,United Kingdom,113,4,468,1,5.1,5.1,1,2,302,572.6525,0.013245033,0.002226481,0,0,2178.31,112.3,3.53125,20.27088496,1208,0
